group,metric,episode,mean,std,min,max,seed_count
learned+queue,travel_time,0,1584.6469833333333,3.1241810168011352,1581.9162333333334,1589.02035,3
learned+queue,travel_time,1,1582.2228095238097,3.850825350834623,1578.582457142857,1587.5507142857143,3
learned+queue,travel_time,2,1580.1273541666667,3.970841189669545,1576.7223,1585.697125,3
learned+queue,travel_time,3,1578.4325333333334,4.085910241969555,1575.2894111111111,1584.203211111111,3
learned+queue,travel_time,4,1576.563423333333,3.817037338882306,1572.5907,1581.7148699999998,3
learned+queue,travel_time,5,1574.1002787878786,3.858475920025633,1569.7873454545452,1579.1516909090906,3
learned+queue,travel_time,6,1570.1373060606059,5.534869196073907,1563.3801454545455,1576.9375454545452,3
learned+queue,travel_time,7,1565.7271212121211,4.757658746670568,1559.6829090909089,1571.3092272727272,3
learned+queue,travel_time,8,1562.479487878788,4.764607494269845,1556.3623454545457,1567.9850272727272,3
learned+queue,travel_time,9,1557.941209090909,5.498283476578531,1550.8837636363635,1564.2967727272728,3
learned+queue,travel_time,10,1553.0708575757574,7.519073419742473,1542.9730000000002,1561.0059,3
learned+queue,travel_time,11,1547.6650696969698,8.82192319515912,1535.576009090909,1556.379890909091,3
learned+queue,travel_time,12,1542.5123272727271,9.937377659481621,1528.6879999999999,1551.6138272727273,3
learned+queue,travel_time,13,1536.5238272727274,10.559604796530017,1521.8771636363635,1546.3699181818183,3
learned+queue,travel_time,14,1529.800596969697,10.820193750800575,1514.955581818182,1540.4377636363636,3
learned+queue,travel_time,15,1522.2912787878788,11.273242624657719,1507.3089545454545,1534.5022363636365,3
learned+queue,travel_time,16,1515.5706636363636,12.234587564960398,1499.5108818181818,1529.1764181818182,3
learned+queue,travel_time,17,1508.8239606060606,11.96470783039386,1493.9379272727272,1523.2337454545457,3
learned+queue,travel_time,18,1501.2654757575758,12.40638584503062,1485.6865727272727,1516.0442727272728,3
learned+queue,travel_time,19,1493.070581818182,14.181082367906372,1475.4011272727273,1510.120990909091,3
learned+queue,travel_time,20,1485.005027272727,15.411407807221794,1465.8691818181817,1503.6079818181818,3
learned+queue,travel_time,21,1478.0321636363635,15.819170680827504,1458.7668727272724,1497.5139545454547,3
learned+queue,travel_time,22,1471.3721242424242,17.61340504757814,1450.3240545454544,1493.432281818182,3
learned+queue,travel_time,23,1464.570593939394,19.221256906463385,1441.8058454545453,1488.8180272727275,3
learned+queue,travel_time,24,1459.4644454545453,20.644445551431293,1435.2971999999997,1485.7342545454546,3
learned+queue,travel_time,25,1453.4906696969695,22.251715199987213,1427.2539,1481.6567181818182,3
learned+queue,travel_time,26,1447.9634272727271,24.109231233505444,1419.3676818181818,1478.342190909091,3
learned+queue,travel_time,27,1443.686296969697,25.945353906804236,1413.7814454545457,1477.0511363636363,3
learned+queue,travel_time,28,1438.0627666666667,27.666832439607777,1405.586454545455,1473.1992636363636,3
learned+queue,travel_time,29,1432.1649636363636,29.814483700423295,1397.1556727272728,1470.0194818181817,3
learned+queue,travel_time,30,1427.2473575757576,30.533857594518413,1391.410481818182,1466.0287636363637,3
learned+queue,travel_time,31,1423.0262393939392,30.635967546748436,1386.9543636363635,1461.845790909091,3
learned+queue,travel_time,32,1417.473690909091,32.01472738565828,1379.5612454545453,1457.863509090909,3
learned+queue,travel_time,33,1411.8898545454547,32.3850967386308,1373.4355636363634,1452.6609636363637,3
learned+queue,travel_time,34,1406.3174424242425,32.444034314855934,1367.388018181818,1446.8130363636365,3
learned+queue,travel_time,35,1400.2066121212122,32.96876636851083,1360.1876181818182,1440.9349272727272,3
learned+queue,travel_time,36,1395.3137424242425,33.24937564733251,1354.3977181818182,1435.838909090909,3
learned+queue,travel_time,37,1390.7222000000002,32.276085916664165,1350.6203,1429.6542727272727,3
learned+queue,travel_time,38,1385.3434454545456,31.948744258648333,1344.189881818182,1422.0717454545454,3
learned+queue,travel_time,39,1380.8064666666667,32.40923628349581,1339.0711454545456,1418.0802272727271,3
learned+queue,travel_time,40,1376.5294606060606,32.87959353567843,1334.1765545454543,1414.3274363636363,3
learned+queue,travel_time,41,1372.4927484848486,33.037521199576666,1329.6160272727273,1410.0061454545457,3
learned+queue,travel_time,42,1367.5675303030303,32.85798246433725,1324.7536909090907,1404.6174,3
learned+queue,travel_time,43,1363.690612121212,31.579439691763962,1322.956518181818,1399.9145727272728,3
learned+queue,travel_time,44,1361.5819151515152,30.214096481167495,1322.7108727272728,1396.3836000000001,3
learned+queue,travel_time,45,1357.8931242424242,29.28717543439134,1320.6142818181818,1392.1634090909092,3
learned+queue,travel_time,46,1354.5450121212123,29.283039774735197,1316.9006181818183,1388.3144272727275,3
learned+queue,travel_time,47,1351.160212121212,29.25062323968862,1313.383109090909,1384.6455545454546,3
learned+queue,travel_time,48,1348.1647545454543,29.487787127774485,1309.229581818182,1380.5680909090909,3
learned+queue,travel_time,49,1344.6692393939393,28.676801438382878,1306.5889454545454,1375.7906454545455,3
learned+queue,travel_time,50,1341.8362090909093,27.593948887602686,1305.0517454545454,1371.5119000000002,3
learned+queue,travel_time,51,1339.5518606060607,26.08232376428592,1304.5301,1367.0896363636364,3
learned+queue,travel_time,52,1335.908290909091,25.10168861527839,1302.5487272727273,1363.099818181818,3
learned+queue,travel_time,53,1334.2530848484848,23.973577174387774,1302.217,1359.8818272727274,3
learned+queue,travel_time,54,1330.816509090909,23.236421433166694,1299.3029272727272,1354.6397454545456,3
learned+queue,travel_time,55,1327.025581818182,24.362510439687124,1293.5448,1350.806981818182,3
learned+queue,travel_time,56,1324.5408363636366,24.416809694022483,1291.0074272727272,1348.4422272727275,3
learned+queue,travel_time,57,1321.2256939393938,22.092137824683522,1290.7052727272726,1342.2713818181817,3
learned+queue,travel_time,58,1318.3591181818183,20.81287513129964,1289.4423181818183,1337.5743727272727,3
learned+queue,travel_time,59,1315.0506303030304,20.34509992797118,1286.9459727272729,1334.4397,3
learned+queue,travel_time,60,1312.2077151515152,21.111141469762504,1283.3535636363638,1333.275490909091,3
learned+queue,travel_time,61,1308.4881454545457,21.085064378880634,1279.8554000000001,1330.0152272727273,3
learned+queue,travel_time,62,1305.7216515151515,21.40655023212423,1276.6527272727274,1327.5779181818182,3
learned+queue,travel_time,63,1303.197190909091,21.69050402261937,1273.3518818181817,1324.2566272727274,3
learned+queue,travel_time,64,1301.2906545454546,23.131049460927187,1269.2764909090909,1323.119090909091,3
learned+queue,travel_time,65,1299.679503030303,23.51163758532483,1267.0678181818182,1321.602654545455,3
learned+queue,travel_time,66,1298.4809787878787,23.07256587099535,1266.3334363636366,1319.3938181818182,3
learned+queue,travel_time,67,1297.1485757575758,23.656782494972784,1263.8707000000002,1316.771181818182,3
learned+queue,travel_time,68,1295.958906060606,25.068939140893555,1260.6151545454545,1316.0374363636365,3
learned+queue,travel_time,69,1295.8495333333333,25.479268661214068,1260.060427272727,1317.3696363636363,3
learned+queue,travel_time,70,1295.4516696969697,25.449607093169742,1259.9934454545453,1318.5248909090908,3
learned+queue,travel_time,71,1294.55096969697,25.376624508133414,1259.1267545454546,1317.2433727272728,3
learned+queue,travel_time,72,1295.9257363636364,24.555685954271162,1261.535890909091,1317.3011454545453,3
learned+queue,travel_time,73,1297.643806060606,22.22682942782631,1266.7873363636363,1318.2640181818183,3
learned+queue,travel_time,74,1298.9673181818182,19.018886217108975,1273.3912545454548,1318.964772727273,3
learned+queue,travel_time,75,1299.0317484848483,17.403654374416657,1276.8582909090908,1319.3696454545454,3
learned+queue,travel_time,76,1300.416578787879,18.59109690794416,1277.4433636363638,1322.9764363636366,3
learned+queue,travel_time,77,1300.5226515151514,17.862274628505514,1279.121390909091,1322.8457090909092,3
learned+queue,travel_time,78,1302.9154727272726,18.870841152267314,1281.433627272727,1327.369918181818,3
learned+queue,travel_time,79,1304.8972333333334,20.31691278539045,1285.1880363636365,1332.8578,3
learned+queue,travel_time,80,1303.2772272727273,20.404412010892347,1284.8416727272727,1331.720190909091,3
learned+queue,travel_time,81,1303.533887878788,20.958794106691386,1285.4541363636363,1332.9145727272726,3
learned+queue,travel_time,82,1303.9104636363636,20.184569433453,1289.2734090909091,1332.4526272727273,3
learned+queue,travel_time,83,1301.0736454545456,20.909614395016078,1284.6998727272728,1330.5852272727273,3
learned+queue,travel_time,84,1297.2736333333335,23.16723828763363,1279.5278454545455,1329.9980818181818,3
learned+queue,travel_time,85,1294.7237454545455,24.07381515460352,1277.5586727272728,1328.7688636363637,3
learned+queue,travel_time,86,1292.336496969697,25.07694163066522,1273.9798727272726,1327.7932272727273,3
learned+queue,travel_time,87,1288.5122757575757,24.171271878473917,1270.2391545454545,1322.6677363636363,3
learned+queue,travel_time,88,1285.7263666666668,25.686158135049208,1264.930290909091,1321.9180181818183,3
learned+queue,travel_time,89,1281.559793939394,24.37571073076625,1258.5993545454546,1315.3083000000001,3
learned+queue,travel_time,90,1278.195709090909,22.70565325676823,1257.3758363636362,1309.7768454545455,3
learned+queue,travel_time,91,1277.2437878787878,21.500973724790448,1257.2591454545452,1307.082981818182,3
learned+queue,travel_time,92,1276.3825757575758,21.473892272363866,1254.9756545454545,1305.740790909091,3
learned+queue,travel_time,93,1274.2358666666669,21.900788141298655,1253.8541545454545,1304.6234090909093,3
learned+queue,travel_time,94,1274.4444454545453,20.832062956724776,1255.4286636363636,1303.4398272727271,3
learned+queue,travel_time,95,1273.8494242424242,18.898919081439423,1256.632509090909,1300.1620363636364,3
learned+queue,travel_time,96,1275.0283181818183,18.846935458396068,1260.1518363636364,1301.6193181818182,3
learned+queue,travel_time,97,1276.6251181818182,19.358602028591303,1262.5190272727273,1303.9980272727273,3
learned+queue,travel_time,98,1279.8158,19.320536255417913,1265.1614363636363,1307.1145090909092,3
learned+queue,travel_time,99,1283.1285333333333,19.095691500729647,1269.5746818181817,1310.1338545454546,3
learned+queue,travel_time,100,1285.5170363636362,19.541500922996512,1269.0052636363635,1312.9647545454545,3
learned+queue,travel_time,101,1286.7138242424244,18.8369930996533,1269.3787909090906,1312.8990727272728,3
learned+queue,travel_time,102,1289.6727727272726,19.506681171706322,1270.0505545454544,1316.276509090909,3
learned+queue,travel_time,103,1291.5301727272727,20.44892690922689,1269.1479999999997,1318.5805363636364,3
learned+queue,travel_time,104,1295.8443333333332,19.718086014487646,1273.4820090909088,1321.4528727272727,3
learned+queue,travel_time,105,1297.766393939394,18.96724845235778,1275.3752454545452,1321.7530636363638,3
learned+queue,travel_time,106,1301.6245666666664,21.541560711663685,1275.1789545454542,1327.9443363636362,3
learned+queue,travel_time,107,1302.5423424242424,21.46437909981371,1275.5747999999999,1328.094381818182,3
learned+queue,travel_time,108,1302.4583333333333,21.112871536697398,1274.7934272727273,1326.0180545454546,3
learned+queue,travel_time,109,1301.837293939394,21.80543406045539,1272.3291454545454,1324.3481272727272,3
learned+queue,travel_time,110,1299.8669606060605,22.182210042147695,1269.0535454545454,1320.3703090909091,3
learned+queue,travel_time,111,1300.160590909091,22.16002294059421,1269.1860727272726,1319.7751181818182,3
learned+queue,travel_time,112,1299.9288484848485,22.963435532587543,1267.632618181818,1319.0255545454545,3
learned+queue,travel_time,113,1298.579206060606,22.706958015306448,1266.5062727272727,1315.9955727272727,3
learned+queue,travel_time,114,1298.0884666666668,22.638632896042587,1266.1742090909092,1316.252781818182,3
learned+queue,travel_time,115,1297.2558,24.197041943275327,1263.1833272727274,1317.038890909091,3
learned+queue,travel_time,116,1297.288209090909,24.88099934654555,1262.1995363636368,1317.1096,3
learned+queue,travel_time,117,1297.1969212121212,23.879744553894316,1263.8074727272726,1318.275918181818,3
learned+queue,travel_time,118,1297.4034303030303,23.076906502417934,1265.2402181818181,1318.2768272727271,3
learned+queue,travel_time,119,1297.7363636363636,22.48290952963726,1266.2464272727273,1317.2905,3
learned+queue,travel_time,120,1298.3958393939392,23.4455251498489,1265.6561727272726,1319.307109090909,3
learned+queue,travel_time,121,1299.4484757575758,22.48919255853314,1267.787681818182,1317.8944545454544,3
learned+queue,travel_time,122,1298.7509424242423,23.07018096891829,1266.1662272727274,1316.4670727272728,3
learned+queue,travel_time,123,1299.7613606060606,20.923307444284752,1270.2054454545455,1315.7694,3
learned+queue,travel_time,124,1299.5085515151516,20.17342778936684,1271.2638454545456,1317.1134636363638,3
learned+queue,travel_time,125,1300.6267969696971,20.265587155089257,1272.3949363636364,1319.0162000000003,3
learned+queue,travel_time,126,1298.8194030303032,17.909396241701774,1273.848218181818,1314.9723727272728,3
learned+queue,travel_time,127,1299.5509363636365,19.668453590366962,1272.2642181818183,1317.8685181818182,3
learned+queue,travel_time,128,1298.3359939393938,19.664182364906512,1271.2508727272725,1317.3390727272729,3
learned+queue,travel_time,129,1295.8493151515152,20.38259736126447,1268.0231727272726,1316.2781181818182,3
learned+queue,travel_time,130,1294.238427272727,20.965954165696143,1265.6586727272727,1315.3660727272727,3
learned+queue,travel_time,131,1292.6020939393939,20.339950165538774,1265.4758818181817,1314.4535545454544,3
learned+queue,travel_time,132,1290.126590909091,20.413577081030947,1262.9897727272728,1312.2252999999998,3
learned+queue,travel_time,133,1288.3299666666665,19.488510665473093,1262.437736363636,1309.4551636363635,3
learned+queue,travel_time,134,1285.9685272727272,21.35130303262852,1257.1794636363636,1308.2503636363638,3
learned+queue,travel_time,135,1283.124696969697,21.956165631220443,1253.5004999999999,1305.9937818181818,3
learned+queue,travel_time,136,1277.9595636363638,21.130152870404604,1250.2582636363636,1301.5160636363637,3
learned+queue,travel_time,137,1275.7481393939395,21.627052153624835,1248.6990545454546,1301.636109090909,3
learned+queue,travel_time,138,1270.3411878787877,20.034744715040024,1244.8553545454545,1293.8051454545455,3
learned+queue,travel_time,139,1267.0982363636365,20.333481348890466,1241.1562545454547,1290.8133363636366,3
learned+queue,travel_time,140,1264.4907848484847,19.466210379500605,1239.441436363636,1286.9047272727273,3
learned+queue,travel_time,141,1263.3202454545453,19.476548983914217,1238.7472727272727,1286.3831272727273,3
learned+queue,travel_time,142,1261.5933757575756,20.345788156078733,1236.3926818181817,1286.2195454545456,3
learned+queue,travel_time,143,1262.058884848485,20.38863348339027,1236.7823545454544,1286.7124454545456,3
learned+queue,travel_time,144,1261.5200909090909,19.750194433943506,1236.942409090909,1285.3006000000003,3
learned+queue,travel_time,145,1262.2599454545452,19.073651824078578,1238.694136363636,1285.4092818181819,3
learned+queue,travel_time,146,1263.4514363636363,17.568385364075514,1241.8355363636363,1284.8677272727273,3
learned+queue,travel_time,147,1264.0537272727272,18.712294775989673,1241.2055545454543,1287.0405,3
learned+queue,travel_time,148,1264.5042818181819,19.656324245234007,1239.1677,1287.077109090909,3
learned+queue,travel_time,149,1266.5197515151515,19.782420254819982,1241.7456727272727,1290.1629,3
learned+queue,travel_time,150,1267.7242424242424,19.920130377094925,1243.3251727272727,1292.1193272727273,3
learned+queue,travel_time,151,1268.7337363636361,18.806008810946768,1245.5164909090909,1291.5770636363634,3
learned+queue,travel_time,152,1269.168390909091,17.278738833626097,1247.0293727272729,1289.1950272727272,3
learned+queue,travel_time,153,1269.9278818181817,15.54987582449417,1250.2016,1288.2084636363636,3
learned+queue,travel_time,154,1270.2356484848485,13.206276166439192,1253.5333,1285.8243818181818,3
learned+queue,travel_time,155,1270.941309090909,13.582249689822827,1253.6315272727275,1286.8069454545455,3
learned+queue,travel_time,156,1273.412603030303,12.122258351465781,1258.1204090909093,1287.769536363636,3
learned+queue,travel_time,157,1274.4989575757577,12.686036456118398,1258.195154545455,1289.1349,3
learned+queue,travel_time,158,1276.8707636363636,10.637751950438666,1262.936190909091,1288.7485909090908,3
learned+queue,travel_time,159,1278.9051151515152,7.838934420587019,1269.864390909091,1288.9817636363634,3
learned+queue,travel_time,160,1281.712593939394,8.448996126843877,1273.217790909091,1293.2371545454546,3
learned+queue,travel_time,161,1282.8053393939392,7.7020178760715,1274.9893,1293.2832727272728,3
learned+queue,travel_time,162,1283.9274575757574,9.22916603362796,1275.1769272727272,1296.6894636363636,3
learned+queue,travel_time,163,1283.1943090909092,8.814610338910844,1275.2577909090908,1295.4875181818184,3
learned+queue,travel_time,164,1282.5837393939391,9.869300427484824,1274.2729999999997,1296.4500999999998,3
learned+queue,travel_time,165,1281.0821666666668,11.172036395064122,1271.1991909090907,1296.6991727272728,3
learned+queue,travel_time,166,1279.5943212121213,12.437489122747996,1270.3322818181819,1297.1751545454545,3
learned+queue,travel_time,167,1274.9234272727274,13.98165857610957,1263.0273909090909,1294.5496545454546,3
learned+queue,travel_time,168,1272.9435424242427,15.221673235556004,1261.9593454545457,1294.468718181818,3
learned+queue,travel_time,169,1270.5076242424245,16.282911184172175,1258.6629272727275,1293.5319363636363,3
learned+queue,travel_time,170,1267.5091272727275,18.411261067606393,1251.8612818181819,1293.3558272727273,3
learned+queue,travel_time,171,1264.5703696969697,18.003679263801846,1248.9265,1289.7891636363638,3
learned+queue,travel_time,172,1262.6111121212123,16.874172422322214,1247.5450454545453,1286.1712090909093,3
learned+queue,travel_time,173,1260.8722090909093,16.7345821382908,1246.1249636363636,1284.275754545455,3
learned+queue,travel_time,174,1261.165318181818,19.36482677701951,1244.8934818181815,1288.3778,3
learned+queue,travel_time,175,1259.4350303030303,18.288857654283547,1242.8790818181815,1284.9219818181818,3
learned+queue,travel_time,176,1258.2448606060605,18.29444050492179,1241.678809090909,1283.738472727273,3
learned+queue,travel_time,177,1257.054296969697,17.652803187198487,1239.8163000000002,1281.3120545454544,3
learned+queue,travel_time,178,1257.253593939394,17.9521129605128,1241.1440636363639,1282.3018818181818,3
learned+queue,travel_time,179,1257.6534999999997,17.768802595478327,1240.6603636363636,1282.181927272727,3
learned+queue,travel_time,180,1256.8252393939395,17.90619795096311,1239.0611818181821,1281.336618181818,3
learned+queue,travel_time,181,1256.255809090909,17.396155302845386,1239.5378181818182,1280.2455727272727,3
learned+queue,travel_time,182,1255.6468303030304,17.74828531532167,1239.1330272727273,1280.273618181818,3
learned+queue,travel_time,183,1254.5791121212121,19.752303193812455,1236.9333454545451,1282.1556727272725,3
learned+queue,travel_time,184,1255.1139757575759,20.47972196456027,1236.6726272727274,1283.6754363636364,3
learned+queue,travel_time,185,1253.4879666666668,18.417177731442283,1236.4656,1279.0715818181818,3
learned+queue,travel_time,186,1255.1537181818182,18.981336954089485,1238.6712454545452,1281.7438727272727,3
learned+queue,travel_time,187,1254.3903636363636,18.366336668845722,1238.0181272727273,1280.0391818181818,3
learned+queue,travel_time,188,1254.981524242424,20.371129206580633,1237.5366999999999,1283.5592363636363,3
learned+queue,travel_time,189,1254.238893939394,18.972698230603616,1238.6957181818184,1280.9512363636366,3
learned+queue,travel_time,190,1251.6043333333334,19.26892466845622,1236.4351090909092,1278.794,3
learned+queue,travel_time,191,1249.9163303030302,19.93159393218975,1234.5420181818183,1278.0638272727274,3
learned+queue,travel_time,192,1248.4962575757575,20.315758186739075,1230.9821636363638,1276.9773363636364,3
learned+queue,travel_time,193,1246.6919121212122,17.76200387333551,1231.014381818182,1271.527572727273,3
learned+queue,travel_time,194,1246.241060606061,16.818588282332055,1230.8122000000003,1269.6322272727275,3
learned+queue,travel_time,195,1244.678515151515,16.2806378456912,1228.060527272727,1266.788618181818,3
learned+queue,travel_time,196,1245.001409090909,15.995456585414015,1228.7074818181818,1266.7374454545452,3
learned+queue,travel_time,197,1242.6167424242421,16.079781951429865,1225.1704818181815,1263.9715818181817,3
learned+queue,travel_time,198,1241.7923212121214,16.619671777013593,1223.9825636363637,1263.9798818181816,3
learned+queue,travel_time,199,1240.312490909091,13.834471213608593,1225.8841818181818,1258.9702818181818,3
learned+queue,travel_time,200,1239.215512121212,14.464018927832617,1223.7327636363636,1258.533809090909,3
learned+queue,travel_time,201,1239.878687878788,13.676585789348438,1224.9583,1257.997681818182,3
learned+queue,travel_time,202,1240.523081818182,12.185967394733526,1226.156090909091,1255.9490818181819,3
learned+queue,travel_time,203,1241.7746454545456,11.699715934789408,1228.075372727273,1256.659981818182,3
learned+queue,travel_time,204,1243.2279060606058,14.628116716439386,1227.1962363636362,1262.5668090909091,3
learned+queue,travel_time,205,1243.1072939393941,13.99191806710979,1228.0386181818183,1261.7484727272729,3
learned+queue,travel_time,206,1245.112603030303,12.463746440822822,1230.8160454545452,1261.1897000000001,3
learned+queue,travel_time,207,1245.22963030303,10.874864173267706,1231.8874090909087,1258.5251545454548,3
learned+queue,travel_time,208,1248.3345424242425,6.998516413150976,1240.0376363636362,1257.1563090909092,3
learned+queue,travel_time,209,1252.0699424242423,4.283834353030742,1247.0520999999999,1257.5187272727273,3
learned+queue,travel_time,210,1256.3907363636363,2.5565798549557974,1252.7970545454546,1258.5314363636364,3
learned+queue,travel_time,211,1260.488893939394,1.4390451868218042,1259.0441090909092,1262.4525454545453,3
learned+queue,travel_time,212,1263.2206363636365,2.4397087398759494,1260.1934363636365,1266.1678727272729,3
learned+queue,travel_time,213,1266.1418272727271,2.3610300014895103,1263.2207272727273,1269.003118181818,3
learned+queue,travel_time,214,1266.534003030303,5.550826356892454,1261.9567727272727,1274.345681818182,3
learned+queue,travel_time,215,1266.6873606060606,7.756839022122031,1259.5871181818181,1277.4792181818182,3
learned+queue,travel_time,216,1268.3954060606059,10.356485668738951,1260.657618181818,1283.033709090909,3
learned+queue,travel_time,217,1268.3742393939392,14.34291733227054,1254.0266272727274,1287.965309090909,3
learned+queue,travel_time,218,1268.755915151515,17.64079023972882,1248.771290909091,1291.6810272727273,3
learned+queue,travel_time,219,1267.5922939393938,18.42377078669807,1246.087,1291.0844363636363,3
learned+queue,travel_time,220,1265.1121151515151,19.9783743890363,1241.3934,1290.2669636363635,3
learned+queue,travel_time,221,1262.359893939394,22.310329942303742,1234.5157909090908,1289.1332363636363,3
learned+queue,travel_time,222,1261.5347818181817,23.906361617413523,1231.8413909090907,1290.3814090909093,3
learned+queue,travel_time,223,1259.830593939394,25.41761626307608,1227.5453272727273,1289.6600454545455,3
learned+queue,travel_time,224,1257.2833090909091,26.508647960479294,1223.7328545454543,1288.5443181818182,3
learned+queue,travel_time,225,1256.996127272727,25.87646827530403,1223.8024363636362,1286.9354454545455,3
learned+queue,travel_time,226,1255.6943636363637,26.385248392782167,1222.7261272727274,1287.3143181818182,3
learned+queue,travel_time,227,1253.0571030303033,26.59381103070777,1219.5129545454545,1284.5580181818184,3
learned+queue,travel_time,228,1251.9138848484847,26.11048640230762,1219.3049363636362,1283.2226454545455,3
learned+queue,travel_time,229,1250.6268030303029,24.638435863141158,1219.976209090909,1280.3042636363639,3
learned+queue,travel_time,230,1250.1744696969697,23.7809252358648,1219.8549545454546,1277.9375545454545,3
learned+queue,travel_time,231,1251.1678393939394,23.094572109951088,1221.267309090909,1277.4982454545457,3
learned+queue,travel_time,232,1252.393996969697,21.673984971434074,1224.2595454545453,1276.9960181818183,3
learned+queue,travel_time,233,1251.3090484848485,22.083125961690968,1221.7048909090909,1274.724609090909,3
learned+queue,travel_time,234,1251.380187878788,21.817361274123805,1221.3963363636365,1272.6746818181819,3
learned+queue,travel_time,235,1252.4487969696968,22.028745762825853,1221.6945363636362,1272.1305818181818,3
learned+queue,travel_time,236,1254.3041636363635,22.38623477435189,1222.832318181818,1273.0162363636364,3
learned+queue,travel_time,237,1256.6873181818182,22.773757298702925,1224.5903363636362,1275.0388181818182,3
learned+queue,travel_time,238,1259.4754242424242,21.973631657992108,1229.4520272727275,1281.4302818181816,3
learned+queue,travel_time,239,1260.529096969697,23.536701536767424,1230.1930181818184,1287.5612090909092,3
learned+queue,travel_time,240,1263.1284545454546,25.397447299898566,1233.0463545454547,1295.1649727272727,3
learned+queue,travel_time,241,1264.2470484848484,27.81041613572349,1234.111009090909,1301.2009818181816,3
learned+queue,travel_time,242,1264.1568606060607,29.562237909651813,1234.6942363636363,1304.5758,3
learned+queue,travel_time,243,1262.7513303030303,31.77745283772425,1232.8849454545455,1306.7656,3
learned+queue,travel_time,244,1263.1137303030303,33.19951483950043,1235.8136999999997,1309.8446000000001,3
learned+queue,travel_time,245,1263.9408866666668,34.141299261112216,1236.87477,1312.10069,3
learned+queue,travel_time,246,1264.692440740741,35.77212030957662,1239.1429333333335,1315.2810000000002,3
learned+queue,travel_time,247,1263.7649958333334,37.56426005741472,1234.5927125,1316.8003750000003,3
learned+queue,travel_time,248,1262.7853047619049,37.41134602713762,1232.6514714285715,1315.5135714285716,3
learned+queue,travel_time,249,1262.530688888889,37.55268273323761,1232.9018666666668,1315.5145333333332,3
learned+queue,loss,0,0.003308277777777778,5.443673414792038e-05,0.003241166666666667,0.0033745000000000003,3
learned+queue,loss,1,0.003249809523809524,4.704034067471929e-05,0.0031884285714285717,0.003302714285714286,3
learned+queue,loss,2,0.0031895,4.3326281477489596e-05,0.003135,0.003241,3
learned+queue,loss,3,0.003133925925925926,4.2336038927182145e-05,0.0030862222222222224,0.003189111111111111,3
learned+queue,loss,4,0.0030820999999999995,3.269689077980734e-05,0.0030518000000000003,0.0031274999999999996,3
learned+queue,loss,5,0.0030260303030303034,3.2682826159980315e-05,0.002993,0.0030705454545454547,3
learned+queue,loss,6,0.0029082424242424243,4.361188286356615e-05,0.002876454545454545,0.0029699090909090908,3
learned+queue,loss,7,0.0027994545454545455,2.3868210239879528e-05,0.002769909090909091,0.0028283636363636362,3
learned+queue,loss,8,0.0026991212121212117,2.435575780951313e-05,0.0026677272727272726,0.0027270909090909086,3
learned+queue,loss,9,0.0025932424242424246,1.9763105751475038e-05,0.002566,0.0026122727272727274,3
learned+queue,loss,10,0.002496151515151515,1.9647770723380513e-05,0.002481181818181818,0.002523909090909091,3
learned+queue,loss,11,0.0023941212121212124,2.2965099084071824e-05,0.002373181818181818,0.0024260909090909094,3
learned+queue,loss,12,0.002293909090909091,2.9929485539901966e-05,0.0022678181818181816,0.002335818181818182,3
learned+queue,loss,13,0.0021931818181818185,3.628271298715114e-05,0.002165818181818182,0.0022444545454545456,3
learned+queue,loss,14,0.0020926969696969696,4.0278461410872986e-05,0.002054090909090909,0.0021482727272727274,3
learned+queue,loss,15,0.001989848484848485,5.202443446545923e-05,0.0019297272727272726,0.0020566363636363633,3
learned+queue,loss,16,0.0018994545454545455,5.155985582584956e-05,0.0018428181818181816,0.001967545454545455,3
learned+queue,loss,17,0.0018151818181818182,5.7765890208888524e-05,0.0017427272727272723,0.001884090909090909,3
learned+queue,loss,18,0.0017274545454545453,5.981270123184647e-05,0.0016567272727272728,0.001803,3
learned+queue,loss,19,0.0016376060606060605,6.353135636444391e-05,0.0015685454545454544,0.0017219090909090908,3
learned+queue,loss,20,0.0015499090909090907,6.639376651015492e-05,0.0014826363636363633,0.0016402727272727272,3
learned+queue,loss,21,0.0014707272727272726,6.868769904429761e-05,0.0013977272727272727,0.0015627272727272727,3
learned+queue,loss,22,0.0014002424242424243,7.182049606295628e-05,0.0013277272727272727,0.0014980909090909092,3
learned+queue,loss,23,0.0013260909090909094,7.008381444265114e-05,0.0012606363636363635,0.0014232727272727272,3
learned+queue,loss,24,0.001268,6.654711042814758e-05,0.0012061818181818183,0.0013603636363636361,3
learned+queue,loss,25,0.0012043030303030304,6.0281814449730084e-05,0.0011523636363636367,0.0012888181818181818,3
learned+queue,loss,26,0.0011412727272727275,6.0116874232557174e-05,0.0010950909090909093,0.001226181818181818,3
learned+queue,loss,27,0.001080909090909091,6.292472217782941e-05,0.001031727272727273,0.0011697272727272728,3
learned+queue,loss,28,0.0010111212121212121,5.56492524847551e-05,0.0009711818181818182,0.0010898181818181816,3
learned+queue,loss,29,0.0009439090909090908,5.5484790559855934e-05,0.0009034545454545454,0.0010223636363636364,3
learned+queue,loss,30,0.0008870606060606061,5.038913769284835e-05,0.0008476363636363637,0.0009581818181818181,3
learned+queue,loss,31,0.0008396666666666665,4.1581035975558985e-05,0.0008053636363636364,0.000898181818181818,3
learned+queue,loss,32,0.0007875454545454545,3.0467794494800686e-05,0.0007613636363636364,0.0008302727272727271,3
learned+queue,loss,33,0.0007321515151515151,2.1125928780773717e-05,0.0007124545454545453,0.0007614545454545454,3
learned+queue,loss,34,0.0006824545454545456,1.3325135220707434e-05,0.0006677272727272729,0.0007000000000000001,3
learned+queue,loss,35,0.0006269090909090908,4.974314189201642e-06,0.000622,0.0006337272727272728,3
learned+queue,loss,36,0.0005825454545454546,9.270944570168101e-07,0.0005816363636363637,0.0005838181818181818,3
learned+queue,loss,37,0.0005421212121212121,7.940666102102893e-06,0.000530909090909091,0.0005482727272727272,3
learned+queue,loss,38,0.0005003636363636364,1.873977223343133e-05,0.000475090909090909,0.000519909090909091,3
learned+queue,loss,39,0.00046718181818181814,2.1945085483075856e-05,0.00043881818181818177,0.0004922727272727274,3
learned+queue,loss,40,0.00043421212121212124,2.4404345606493425e-05,0.00040363636363636367,0.0004633636363636364,3
learned+queue,loss,41,0.00039969696969696975,3.006268321269308e-05,0.00036272727272727276,0.0004363636363636363,3
learned+queue,loss,42,0.0003675151515151515,3.196591963897601e-05,0.0003268181818181818,0.00040490909090909087,3
learned+queue,loss,43,0.000338939393939394,3.225802766667525e-05,0.0002971818181818182,0.00037572727272727275,3
learned+queue,loss,44,0.0003194242424242424,3.583635389921407e-05,0.00027227272727272723,0.00035909090909090906,3
learned+queue,loss,45,0.0002995151515151515,3.3472519326246016e-05,0.0002548181818181818,0.0003353636363636363,3
learned+queue,loss,46,0.00028109090909090906,3.5921018348992434e-05,0.00023527272727272722,0.000323,3
learned+queue,loss,47,0.00026399999999999997,3.677996520145699e-05,0.00021909090909090907,0.0003091818181818182,3
learned+queue,loss,48,0.0002487272727272727,4.079627542011978e-05,0.00019936363636363638,0.0002992727272727273,3
learned+queue,loss,49,0.00023309090909090906,4.002898398946258e-05,0.00018318181818181817,0.0002811818181818182,3
learned+queue,loss,50,0.0002181212121212121,3.9269243204977126e-05,0.00016881818181818184,0.0002649090909090909,3
learned+queue,loss,51,0.00020875757575757576,3.8800495107270626e-05,0.0001589090909090909,0.0002535454545454546,3
learned+queue,loss,52,0.0001966060606060606,3.464112218432256e-05,0.00015290909090909092,0.00023763636363636364,3
learned+queue,loss,53,0.00018824242424242424,3.301342354358227e-05,0.00014863636363636365,0.00022945454545454547,3
learned+queue,loss,54,0.00017772727272727273,3.230544649557157e-05,0.00013954545454545456,0.00021854545454545458,3
learned+queue,loss,55,0.00016627272727272728,3.054121543456296e-05,0.00013345454545454546,0.00020700000000000004,3
learned+queue,loss,56,0.00015772727272727273,2.7738149878419925e-05,0.00013145454545454544,0.00019609090909090913,3
learned+queue,loss,57,0.00014860606060606058,2.3305414229638984e-05,0.00012463636363636363,0.00018018181818181816,3
learned+queue,loss,58,0.00014006060606060606,2.133871316463337e-05,0.00011818181818181818,0.000169,3
learned+queue,loss,59,0.00013245454545454544,1.72853223616456e-05,0.00011681818181818181,0.00015654545454545454,3
learned+queue,loss,60,0.00012596969696969696,1.5113588896409108e-05,0.00011309090909090908,0.0001471818181818182,3
learned+queue,loss,61,0.00012421212121212124,1.6472589024326785e-05,0.0001051818181818182,0.0001453636363636364,3
learned+queue,loss,62,0.00011827272727272728,1.8077122811609298e-05,9.636363636363639e-05,0.00014063636363636364,3
learned+queue,loss,63,0.00011618181818181819,1.9314420311154132e-05,9.309090909090908e-05,0.00014036363636363638,3
learned+queue,loss,64,0.00011596969696969698,2.3641763175023035e-05,8.690909090909091e-05,0.00014481818181818183,3
learned+queue,loss,65,0.00011533333333333334,2.1503325815331306e-05,8.845454545454547e-05,0.0001410909090909091,3
learned+queue,loss,66,0.00011500000000000002,1.9331100849540258e-05,8.954545454545456e-05,0.00013636363636363637,3
learned+queue,loss,67,0.00011451515151515152,1.8468398045159567e-05,9.127272727272729e-05,0.00013645454545454548,3
learned+queue,loss,68,0.00011493939393939394,1.787318864556527e-05,9.245454545454544e-05,0.00013618181818181817,3
learned+queue,loss,69,0.00011848484848484849,1.4590901224076677e-05,9.881818181818182e-05,0.00013372727272727275,3
learned+queue,loss,70,0.00012036363636363635,1.3243013647516924e-05,0.00010163636363636363,0.0001299090909090909,3
learned+queue,loss,71,0.0001203030303030303,1.1599452189338315e-05,0.00010390909090909091,0.000129,3
learned+queue,loss,72,0.00011975757575757574,5.840078744578994e-06,0.00011190909090909091,0.00012590909090909091,3
learned+queue,loss,73,0.0001225151515151515,3.94614805616508e-06,0.00011818181818181818,0.00012772727272727274,3
learned+queue,loss,74,0.0001262121212121212,9.412884122917815e-06,0.00011372727272727272,0.00013645454545454543,3
learned+queue,loss,75,0.0001213939393939394,1.757664574558378e-05,9.927272727272726e-05,0.00014227272727272727,3
learned+queue,loss,76,0.00011948484848484847,1.847346892649416e-05,9.48181818181818e-05,0.00013927272727272727,3
learned+queue,loss,77,0.000118,1.7891007637077706e-05,9.436363636363635e-05,0.00013763636363636365,3
learned+queue,loss,78,0.00011975757575757576,1.6531851439853462e-05,9.754545454545454e-05,0.0001371818181818182,3
learned+queue,loss,79,0.00011890909090909089,1.7747540860963538e-05,9.381818181818181e-05,0.000132,3
learned+queue,loss,80,0.00011187878787878787,1.5259794909484293e-05,9.036363636363635e-05,0.0001240909090909091,3
learned+queue,loss,81,0.0001114848484848485,1.336628160447815e-05,9.31818181818182e-05,0.00012472727272727272,3
learned+queue,loss,82,0.00011303030303030302,1.6196168872115034e-05,9.118181818181817e-05,0.0001299090909090909,3
learned+queue,loss,83,0.00010833333333333333,1.009932309144616e-05,9.454545454545456e-05,0.00011845454545454545,3
learned+queue,loss,84,0.00010615151515151515,6.592981213804803e-06,9.7e-05,0.00011227272727272727,3
learned+queue,loss,85,0.00010012121212121213,4.878881986670012e-06,9.445454545454545e-05,0.00010636363636363637,3
learned+queue,loss,86,9.996969696969697e-05,9.726092631144598e-06,8.627272727272727e-05,0.00010790909090909092,3
learned+queue,loss,87,9.687878787878789e-05,1.0561464684020349e-05,8.20909090909091e-05,0.00010609090909090911,3
learned+queue,loss,88,9.433333333333333e-05,9.567027090281981e-06,8.08181818181818e-05,0.00010163636363636364,3
learned+queue,loss,89,9.021212121212121e-05,7.493737820323237e-06,7.963636363636364e-05,9.609090909090909e-05,3
learned+queue,loss,90,8.778787878787878e-05,7.442833864948932e-06,7.763636363636362e-05,9.527272727272728e-05,3
learned+queue,loss,91,8.987878787878788e-05,6.4715241192534515e-06,8.07272727272727e-05,9.454545454545456e-05,3
learned+queue,loss,92,8.948484848484847e-05,7.904503487902723e-06,7.89090909090909e-05,9.79090909090909e-05,3
learned+queue,loss,93,8.654545454545456e-05,8.711159367194543e-06,7.445454545454545e-05,9.463636363636364e-05,3
learned+queue,loss,94,8.857575757575758e-05,9.223676962718305e-06,7.772727272727273e-05,0.00010027272727272728,3
learned+queue,loss,95,8.63030303030303e-05,8.424460428833888e-06,7.745454545454546e-05,9.763636363636364e-05,3
learned+queue,loss,96,8.772727272727274e-05,9.984285172871575e-06,7.8e-05,0.00010145454545454546,3
learned+queue,loss,97,8.76060606060606e-05,1.1468566054489515e-05,7.90909090909091e-05,0.00010381818181818182,3
learned+queue,loss,98,9.157575757575758e-05,1.3769918372099682e-05,7.936363636363637e-05,0.00011081818181818182,3
learned+queue,loss,99,9.875757575757576e-05,1.1558054049311039e-05,8.654545454545454e-05,0.00011427272727272728,3
learned+queue,loss,100,0.00010018181818181816,1.111026626723796e-05,8.999999999999998e-05,0.00011563636363636363,3
learned+queue,loss,101,0.00010345454545454547,7.580241097512588e-06,9.48181818181818e-05,0.00011327272727272728,3
learned+queue,loss,102,0.00010372727272727274,5.404314162800672e-06,9.827272727272727e-05,0.00011109090909090909,3
learned+queue,loss,103,0.00010142424242424242,4.3802293946831e-06,9.718181818181817e-05,0.00010745454545454544,3
learned+queue,loss,104,0.00010187878787878788,4.4346080314973946e-06,9.763636363636363e-05,0.00010800000000000001,3
learned+queue,loss,105,9.987878787878788e-05,3.1089786736195417e-06,9.563636363636363e-05,0.000103,3
learned+queue,loss,106,0.00010075757575757576,3.1669203900094336e-06,9.709090909090909e-05,0.00010481818181818182,3
learned+queue,loss,107,9.878787878787877e-05,3.1747396008991068e-06,9.454545454545454e-05,0.00010218181818181818,3
learned+queue,loss,108,9.74242424242424e-05,2.60993369698599e-06,9.381818181818181e-05,9.990909090909088e-05,3
learned+queue,loss,109,9.345454545454545e-05,1.0782089014943857e-06,9.209090909090909e-05,9.472727272727275e-05,3
learned+queue,loss,110,8.618181818181819e-05,4.346557486502512e-06,8.1e-05,9.163636363636363e-05,3
learned+queue,loss,111,8.596969696969695e-05,2.987884934531745e-06,8.181818181818183e-05,8.872727272727271e-05,3
learned+queue,loss,112,8.248484848484848e-05,2.512046275886382e-06,7.90909090909091e-05,8.509090909090908e-05,3
learned+queue,loss,113,8.118181818181818e-05,3.4409621308109356e-06,7.781818181818181e-05,8.59090909090909e-05,3
learned+queue,loss,114,8.236363636363634e-05,6.759138289251313e-06,7.345454545454544e-05,8.981818181818181e-05,3
learned+queue,loss,115,8.042424242424241e-05,8.74692652304983e-06,6.927272727272727e-05,9.063636363636362e-05,3
learned+queue,loss,116,8.16060606060606e-05,8.746926523049842e-06,7.045454545454545e-05,9.181818181818183e-05,3
learned+queue,loss,117,8.106060606060605e-05,1.3703739276420384e-05,6.463636363636362e-05,9.818181818181818e-05,3
learned+queue,loss,118,7.963636363636364e-05,1.3854617036321878e-05,6.354545454545454e-05,9.736363636363636e-05,3
learned+queue,loss,119,7.927272727272727e-05,1.454318164059725e-05,6.0545454545454536e-05,9.599999999999999e-05,3
learned+queue,loss,120,7.999999999999999e-05,1.5345246300468383e-05,5.9818181818181817e-05,9.7e-05,3
learned+queue,loss,121,7.806060606060606e-05,1.5266292535745566e-05,5.98181818181818e-05,9.718181818181818e-05,3
learned+queue,loss,122,7.572727272727273e-05,1.084018643166612e-05,6.227272727272727e-05,8.881818181818182e-05,3
learned+queue,loss,123,7.803030303030302e-05,1.1399418411855861e-05,6.536363636363635e-05,9.3e-05,3
learned+queue,loss,124,7.581818181818182e-05,1.1745463927193933e-05,6.19090909090909e-05,9.063636363636365e-05,3
learned+queue,loss,125,7.784848484848485e-05,1.0770926414707214e-05,6.381818181818183e-05,9e-05,3
learned+queue,loss,126,7.672727272727273e-05,9.259348637462716e-06,6.445454545454545e-05,8.681818181818182e-05,3
learned+queue,loss,127,7.76060606060606e-05,7.552327404149495e-06,6.7e-05,8.400000000000001e-05,3
learned+queue,loss,128,7.887878787878787e-05,5.901082374142014e-06,7.400000000000001e-05,8.718181818181819e-05,3
learned+queue,loss,129,8.018181818181818e-05,5.079532743526899e-06,7.645454545454546e-05,8.736363636363636e-05,3
learned+queue,loss,130,8.124242424242425e-05,3.4595922730939556e-06,7.718181818181819e-05,8.563636363636363e-05,3
learned+queue,loss,131,8.142424242424244e-05,3.1851353559929537e-06,7.881818181818181e-05,8.590909090909092e-05,3
learned+queue,loss,132,8.127272727272729e-05,2.4427325168262604e-06,7.890909090909091e-05,8.463636363636365e-05,3
learned+queue,loss,133,8.115151515151516e-05,3.5831971913403585e-06,7.609090909090909e-05,8.390909090909092e-05,3
learned+queue,loss,134,7.978787878787878e-05,2.8616716043219487e-06,7.745454545454546e-05,8.381818181818182e-05,3
learned+queue,loss,135,8.230303030303031e-05,4.1575934269436314e-06,7.92727272727273e-05,8.818181818181818e-05,3
learned+queue,loss,136,8.015151515151517e-05,3.5164574376675524e-06,7.718181818181819e-05,8.509090909090909e-05,3
learned+queue,loss,137,8.136363636363636e-05,6.883125051044724e-06,7.618181818181819e-05,9.109090909090908e-05,3
learned+queue,loss,138,7.903030303030305e-05,9.41259145345239e-06,7.027272727272729e-05,9.209090909090909e-05,3
learned+queue,loss,139,7.624242424242424e-05,1.1665053017095276e-05,6.745454545454544e-05,9.272727272727271e-05,3
learned+queue,loss,140,7.515151515151517e-05,1.297557216121615e-05,6.318181818181818e-05,9.31818181818182e-05,3
learned+queue,loss,141,7.648484848484848e-05,1.56589571324423e-05,6.309090909090909e-05,9.845454545454544e-05,3
learned+queue,loss,142,7.554545454545453e-05,1.5401155550363785e-05,6.336363636363636e-05,9.727272727272726e-05,3
learned+queue,loss,143,7.824242424242423e-05,1.506392866220923e-05,6.745454545454544e-05,9.954545454545455e-05,3
learned+queue,loss,144,7.815151515151513e-05,1.4507969375149172e-05,6.69090909090909e-05,9.863636363636362e-05,3
learned+queue,loss,145,7.669696969696969e-05,1.432990541365751e-05,6.454545454545455e-05,9.68181818181818e-05,3
learned+queue,loss,146,7.466666666666667e-05,1.6768120962839754e-05,6.090909090909091e-05,9.827272727272727e-05,3
learned+queue,loss,147,7.139393939393939e-05,1.0317903702922075e-05,6.227272727272727e-05,8.58181818181818e-05,3
learned+queue,loss,148,7.063636363636363e-05,4.762109401348657e-06,6.7e-05,7.736363636363637e-05,3
learned+queue,loss,149,7.3e-05,4.268534370826962e-06,6.772727272727273e-05,7.818181818181818e-05,3
learned+queue,loss,150,7.242424242424243e-05,3.759530283459605e-06,6.89090909090909e-05,7.763636363636366e-05,3
learned+queue,loss,151,7.224242424242425e-05,4.434608031497389e-06,6.8e-05,7.836363636363637e-05,3
learned+queue,loss,152,6.754545454545456e-05,2.9383003276430046e-06,6.381818181818183e-05,7.1e-05,3
learned+queue,loss,153,6.566666666666667e-05,2.850096256006673e-06,6.163636363636363e-05,6.772727272727274e-05,3
learned+queue,loss,154,6.463636363636365e-05,4.3128356059775056e-06,5.918181818181818e-05,6.972727272727274e-05,3
learned+queue,loss,155,6.245454545454546e-05,3.5837096989867446e-06,5.78181818181818e-05,6.654545454545456e-05,3
learned+queue,loss,156,6.16060606060606e-05,5.2812539902778335e-06,5.49090909090909e-05,6.781818181818181e-05,3
learned+queue,loss,157,6.0393939393939396e-05,5.013663607900562e-06,5.3727272727272714e-05,6.581818181818182e-05,3
learned+queue,loss,158,6.0969696969696975e-05,8.834671659102592e-06,5.027272727272727e-05,7.19090909090909e-05,3
learned+queue,loss,159,6.181818181818182e-05,1.2439827623193413e-05,4.854545454545454e-05,7.845454545454545e-05,3
learned+queue,loss,160,5.936363636363636e-05,1.4703872168558565e-05,4.0363636363636367e-05,7.618181818181818e-05,3
learned+queue,loss,161,5.887878787878788e-05,1.4180523121391778e-05,4.172727272727273e-05,7.645454545454545e-05,3
learned+queue,loss,162,5.775757575757576e-05,1.2115225794487833e-05,4.218181818181818e-05,7.172727272727273e-05,3
learned+queue,loss,163,5.7393939393939404e-05,1.2446321844480077e-05,4.354545454545455e-05,7.372727272727273e-05,3
learned+queue,loss,164,5.9393939393939385e-05,1.2025073285077245e-05,4.6909090909090905e-05,7.563636363636363e-05,3
learned+queue,loss,165,6.006060606060607e-05,9.635887161843271e-06,5.0090909090909095e-05,7.30909090909091e-05,3
learned+queue,loss,166,6.148484848484849e-05,1.0478716020574897e-05,5.081818181818182e-05,7.572727272727272e-05,3
learned+queue,loss,167,6.045454545454546e-05,8.246545315577503e-06,5.127272727272728e-05,7.127272727272728e-05,3
learned+queue,loss,168,6.133333333333334e-05,8.353859019293616e-06,5.127272727272727e-05,7.172727272727273e-05,3
learned+queue,loss,169,5.963636363636363e-05,5.961769848335136e-06,5.4090909090909084e-05,6.790909090909091e-05,3
learned+queue,loss,170,6.003030303030303e-05,2.7934726488464298e-06,5.645454545454545e-05,6.327272727272727e-05,3
learned+queue,loss,171,6.475757575757576e-05,5.085675520563528e-06,5.8454545454545456e-05,7.09090909090909e-05,3
learned+queue,loss,172,6.387878787878787e-05,6.809624259296597e-06,5.427272727272727e-05,6.927272727272727e-05,3
learned+queue,loss,173,6.418181818181817e-05,5.611872499233957e-06,5.636363636363636e-05,6.927272727272727e-05,3
learned+queue,loss,174,6.515151515151516e-05,3.6547514892421263e-06,6e-05,6.80909090909091e-05,3
learned+queue,loss,175,6.378787878787879e-05,4.879446595847358e-06,5.736363636363636e-05,6.918181818181818e-05,3
learned+queue,loss,176,6.272727272727273e-05,5.545206154397314e-06,5.509090909090909e-05,6.809090909090909e-05,3
learned+queue,loss,177,6.054545454545454e-05,4.752264937749948e-06,5.463636363636363e-05,6.627272727272728e-05,3
learned+queue,loss,178,6.315151515151516e-05,5.304155724736005e-06,5.6272727272727283e-05,6.918181818181818e-05,3
learned+queue,loss,179,6.34848484848485e-05,3.610768508152714e-06,5.9272727272727275e-05,6.809090909090909e-05,3
learned+queue,loss,180,6.266666666666667e-05,3.758797455354103e-06,5.8727272727272734e-05,6.772727272727273e-05,3
learned+queue,loss,181,6.0121212121212125e-05,9.884549351697008e-07,5.8727272727272734e-05,6.090909090909091e-05,3
learned+queue,loss,182,5.2848484848484847e-05,3.395291938285892e-06,4.963636363636363e-05,5.7545454545454545e-05,3
learned+queue,loss,183,5.151515151515152e-05,2.5929904806401678e-06,4.8090909090909094e-05,5.436363636363636e-05,3
learned+queue,loss,184,5.0363636363636366e-05,6.428243465332267e-07,4.9454545454545454e-05,5.081818181818182e-05,3
learned+queue,loss,185,5.121212121212121e-05,2.606765232437156e-07,5.0909090909090914e-05,5.154545454545455e-05,3
learned+queue,loss,186,5.181818181818182e-05,3.1175323999058608e-06,4.745454545454545e-05,5.454545454545454e-05,3
learned+queue,loss,187,5.1454545454545455e-05,4.381277471982507e-06,4.527272727272727e-05,5.4909090909090916e-05,3
learned+queue,loss,188,5.2090909090909096e-05,4.364267631106379e-06,4.599999999999999e-05,5.6e-05,3
learned+queue,loss,189,5.1939393939393935e-05,5.696324915155967e-06,4.399999999999999e-05,5.709090909090909e-05,3
learned+queue,loss,190,5.09090909090909e-05,4.3357696054593754e-06,4.527272727272727e-05,5.5818181818181814e-05,3
learned+queue,loss,191,5.248484848484848e-05,5.497975251317123e-06,4.472727272727272e-05,5.681818181818183e-05,3
learned+queue,loss,192,5.1939393939393935e-05,3.745582031761885e-06,4.672727272727272e-05,5.536363636363636e-05,3
learned+queue,loss,193,5.351515151515152e-05,3.0071845406194564e-06,5.054545454545455e-05,5.763636363636363e-05,3
learned+queue,loss,194,5.348484848484849e-05,2.359358989069298e-06,5.1181818181818185e-05,5.6727272727272726e-05,3
learned+queue,loss,195,5.942424242424242e-05,7.233353010598981e-06,5.136363636363636e-05,6.890909090909092e-05,3
learned+queue,loss,196,5.993939393939394e-05,7.620594589114666e-06,5.2636363636363644e-05,7.045454545454546e-05,3
learned+queue,loss,197,5.887878787878788e-05,7.4827012010065255e-06,5.163636363636364e-05,6.918181818181818e-05,3
learned+queue,loss,198,5.981818181818182e-05,8.50603415699054e-06,5.309090909090909e-05,7.181818181818182e-05,3
learned+queue,loss,199,6.154545454545453e-05,1.1433120896917257e-05,5.109090909090909e-05,7.745454545454544e-05,3
learned+queue,loss,200,6.081818181818182e-05,1.4352316214334652e-05,4.827272727272727e-05,8.09090909090909e-05,3
learned+queue,loss,201,5.884848484848484e-05,1.2849914157206125e-05,4.709090909090909e-05,7.672727272727272e-05,3
learned+queue,loss,202,5.757575757575758e-05,1.4090681001738188e-05,4.372727272727273e-05,7.69090909090909e-05,3
learned+queue,loss,203,5.6242424242424246e-05,1.1853637568258645e-05,4.536363636363636e-05,7.272727272727273e-05,3
learned+queue,loss,204,5.654545454545454e-05,7.441599993839999e-06,5.027272727272727e-05,6.699999999999999e-05,3
learned+queue,loss,205,5.8303030303030295e-05,9.835655980071194e-06,4.981818181818182e-05,7.209090909090907e-05,3
learned+queue,loss,206,5.93030303030303e-05,7.963530279262055e-06,5.236363636363635e-05,7.045454545454545e-05,3
learned+queue,loss,207,5.896969696969697e-05,9.581413749538901e-06,4.8636363636363635e-05,7.172727272727273e-05,3
learned+queue,loss,208,6.33030303030303e-05,1.1154890793432579e-05,4.7999999999999994e-05,7.427272727272728e-05,3
learned+queue,loss,209,6.769696969696969e-05,8.883802493309308e-06,5.5181818181818173e-05,7.490909090909092e-05,3
learned+queue,loss,210,7.266666666666667e-05,1.1554716717452202e-05,5.6454545454545455e-05,8.254545454545456e-05,3
learned+queue,loss,211,7.57878787878788e-05,1.0088952399245087e-05,6.290909090909091e-05,8.754545454545454e-05,3
learned+queue,loss,212,7.875757575757576e-05,9.50868338350726e-06,6.599999999999999e-05,8.881818181818182e-05,3
learned+queue,loss,213,8.418181818181817e-05,1.2418993717635815e-05,7.063636363636363e-05,0.00010063636363636365,3
learned+queue,loss,214,8.636363636363636e-05,1.3792040663909429e-05,7.045454545454545e-05,0.00010409090909090909,3
learned+queue,loss,215,8.724242424242425e-05,1.5228350632736701e-05,6.818181818181817e-05,0.00010545454545454546,3
learned+queue,loss,216,8.790909090909091e-05,1.7183020640944006e-05,6.863636363636364e-05,0.00011036363636363639,3
learned+queue,loss,217,8.193939393939395e-05,2.0870495780480355e-05,6.70909090909091e-05,0.00011145454545454544,3
learned+queue,loss,218,8.060606060606061e-05,2.2002420770062622e-05,6.30909090909091e-05,0.00011163636363636363,3
learned+queue,loss,219,7.945454545454547e-05,2.0903556579825122e-05,6.254545454545454e-05,0.0001089090909090909,3
learned+queue,loss,220,7.439393939393938e-05,2.0452772089232002e-05,5.854545454545454e-05,0.00010327272727272725,3
learned+queue,loss,221,6.86060606060606e-05,2.088540599688522e-05,4.736363636363636e-05,9.7e-05,3
learned+queue,loss,222,6.624242424242425e-05,2.0783858609412543e-05,4.881818181818182e-05,9.545454545454547e-05,3
learned+queue,loss,223,6.536363636363636e-05,1.901297222813041e-05,5.027272727272727e-05,9.218181818181817e-05,3
learned+queue,loss,224,6.224242424242424e-05,1.618970412771288e-05,4.954545454545455e-05,8.509090909090909e-05,3
learned+queue,loss,225,6.24848484848485e-05,1.4014226013667939e-05,4.936363636363637e-05,8.190909090909092e-05,3
learned+queue,loss,226,6.039393939393938e-05,1.1995024986471635e-05,4.909090909090909e-05,7.699999999999999e-05,3
learned+queue,loss,227,5.8272727272727264e-05,1.083916986239191e-05,4.645454545454545e-05,7.263636363636363e-05,3
learned+queue,loss,228,5.6242424242424246e-05,8.953609652173216e-06,4.5e-05,6.69090909090909e-05,3
learned+queue,loss,229,5.5e-05,8.21340703340695e-06,4.409090909090909e-05,6.390909090909091e-05,3
learned+queue,loss,230,5.084848484848484e-05,6.899647986123279e-06,4.109090909090909e-05,5.572727272727273e-05,3
learned+queue,loss,231,5.060606060606061e-05,8.2406415184405e-06,3.981818181818182e-05,5.9818181818181817e-05,3
learned+queue,loss,232,5.4121212121212115e-05,7.1587020898101345e-06,4.4909090909090904e-05,6.236363636363636e-05,3
learned+queue,loss,233,5.578787878787879e-05,9.936806758627765e-06,4.1909090909090905e-05,6.463636363636364e-05,3
learned+queue,loss,234,5.706060606060607e-05,1.2652885064645803e-05,3.9181818181818184e-05,6.663636363636365e-05,3
learned+queue,loss,235,5.496969696969697e-05,1.2767109372381614e-05,3.718181818181818e-05,6.654545454545455e-05,3
learned+queue,loss,236,5.5696969696969704e-05,1.4249321347395491e-05,3.5545454545454545e-05,6.581818181818183e-05,3
learned+queue,loss,237,5.842424242424242e-05,1.70806438116694e-05,3.4454545454545455e-05,7.299999999999999e-05,3
learned+queue,loss,238,6.048484848484848e-05,1.688729995908679e-05,3.681818181818181e-05,7.509090909090908e-05,3
learned+queue,loss,239,6.351515151515152e-05,2.1090691395602377e-05,3.563636363636364e-05,8.663636363636363e-05,3
learned+queue,loss,240,6.581818181818182e-05,2.271066059548237e-05,3.5909090909090915e-05,9.090909090909092e-05,3
learned+queue,loss,241,6.812121212121212e-05,2.452236100305945e-05,3.690909090909091e-05,9.681818181818181e-05,3
learned+queue,loss,242,6.730303030303028e-05,2.367762521286382e-05,4.109090909090909e-05,9.845454545454544e-05,3
learned+queue,loss,243,6.36969696969697e-05,2.502850532835577e-05,3.463636363636364e-05,9.572727272727272e-05,3
learned+queue,loss,244,5.9393939393939385e-05,2.4264875966987683e-05,3.3272727272727266e-05,9.172727272727272e-05,3
learned+queue,loss,245,5.816666666666666e-05,2.3544331707558736e-05,3.22e-05,8.92e-05,3
learned+queue,loss,246,6.0037037037037026e-05,2.3431071020404452e-05,3.4333333333333325e-05,9.099999999999999e-05,3
learned+queue,loss,247,5.95e-05,2.3809355654168105e-05,3.5625e-05,9.2e-05,3
learned+queue,loss,248,5.6952380952380955e-05,2.2144341988105407e-05,3.4285714285714284e-05,8.700000000000001e-05,3
learned+queue,loss,249,5.655555555555555e-05,2.436616253215122e-05,3.1333333333333334e-05,8.950000000000001e-05,3
learned+queue,reward,0,-344.7933777777778,2.173948762145058,-346.9713833333333,-341.8252,3
learned+queue,reward,1,-344.2283714285714,2.190380832075513,-345.9402571428571,-341.1366428571428,3
learned+queue,reward,2,-343.60671666666667,1.7329208888202707,-344.89341249999995,-341.1570375,3
learned+queue,reward,3,-342.88750370370366,1.2991125824972487,-343.9625777777777,-341.0597333333333,3
learned+queue,reward,4,-342.26790666666665,0.7091510114840268,-342.8494099999999,-341.26953000000003,3
learned+queue,reward,5,-341.70192121212125,0.6499787988206928,-342.39787272727267,-340.8339,3
learned+queue,reward,6,-340.2708090909091,0.4573980208489898,-340.91761818181817,-339.9404818181818,3
learned+queue,reward,7,-338.8636818181819,0.7153470567671177,-339.86181818181825,-338.22187272727274,3
learned+queue,reward,8,-337.9179515151515,0.6419853756963273,-338.79340909090917,-337.27189999999996,3
learned+queue,reward,9,-336.5443424242424,0.4527029564075736,-337.1019454545455,-335.99310909090906,3
learned+queue,reward,10,-335.1953090909091,0.9081067868116717,-336.1494636363636,-333.9738,3
learned+queue,reward,11,-333.4560696969697,1.5022353909876252,-335.0571090909091,-331.4461818181818,3
learned+queue,reward,12,-331.50897272727275,2.095563841059484,-333.40145454545456,-328.58764545454545,3
learned+queue,reward,13,-329.27562424242427,2.2072484694180745,-331.1227363636364,-326.17283636363635,3
learned+queue,reward,14,-327.14719696969695,2.3449315794036534,-329.6704090909091,-324.02196363636364,3
learned+queue,reward,15,-324.7966121212121,2.764724457472866,-328.3648545454546,-321.62819090909085,3
learned+queue,reward,16,-322.2987848484848,3.2341342836958984,-326.52216363636364,-318.6666545454545,3
learned+queue,reward,17,-320.31392424242426,3.5376360032872114,-325.24524545454545,-317.11760909090907,3
learned+queue,reward,18,-318.205796969697,4.028787273773443,-323.73745454545457,-314.25790909090904,3
learned+queue,reward,19,-315.8971454545455,4.5746233466835395,-322.1957545454546,-311.4686181818182,3
learned+queue,reward,20,-313.4966636363636,5.027059631502071,-320.3622363636364,-308.46546363636367,3
learned+queue,reward,21,-311.5574787878788,5.180401029193488,-318.6970272727272,-306.56469090909087,3
learned+queue,reward,22,-310.02420606060605,5.903164614941093,-318.13225454545454,-304.24806363636367,3
learned+queue,reward,23,-308.51875454545456,6.392166700268544,-317.22416363636364,-302.0561727272727,3
learned+queue,reward,24,-307.9973424242425,6.881245571811635,-317.35942727272726,-301.01611818181823,3
learned+queue,reward,25,-306.9345878787879,7.41635005592944,-316.9254636363637,-299.1750636363637,3
learned+queue,reward,26,-305.8148030303031,8.316338862792309,-316.9296272727273,-296.9275636363637,3
learned+queue,reward,27,-305.46316666666667,9.349100524352787,-318.0924090909091,-295.7595636363636,3
learned+queue,reward,28,-303.98549393939396,9.826026402398082,-317.25952727272727,-293.78810909090913,3
learned+queue,reward,29,-302.51926969696973,10.655119517667336,-316.95856363636364,-291.5676727272728,3
learned+queue,reward,30,-301.49812424242424,11.117250724466537,-316.64653636363636,-290.2791818181818,3
learned+queue,reward,31,-300.80031818181817,11.066083540411249,-315.91243636363635,-289.72215454545454,3
learned+queue,reward,32,-299.55947575757574,11.63938241848379,-315.4928090909091,-288.01377272727274,3
learned+queue,reward,33,-297.93684545454545,11.938247420626185,-314.3818818181818,-286.40476363636367,3
learned+queue,reward,34,-296.3839181818182,12.325836007835992,-313.3402272727273,-284.40547272727275,3
learned+queue,reward,35,-294.2433787878788,12.618680021186789,-311.4951909090909,-281.6642636363636,3
learned+queue,reward,36,-292.89121515151515,12.754426906925122,-310.17158181818183,-279.77277272727275,3
learned+queue,reward,37,-291.64923636363636,12.22289812954947,-308.1089909090909,-278.8470272727273,3
learned+queue,reward,38,-290.22598787878786,11.6195647804309,-305.50994545454546,-277.3569727272727,3
learned+queue,reward,39,-289.4129575757576,11.767022033537623,-304.7254090909091,-276.1139636363636,3
learned+queue,reward,40,-288.11102424242426,11.78874710349709,-303.3038272727273,-274.56938181818185,3
learned+queue,reward,41,-287.05734242424245,11.776276940736489,-301.81570909090914,-272.9950454545455,3
learned+queue,reward,42,-285.97650000000004,11.606699086163536,-300.2852181818182,-271.8566090909091,3
learned+queue,reward,43,-285.10448787878795,10.993720228315624,-298.5502818181819,-271.62135454545455,3
learned+queue,reward,44,-285.0174666666667,10.494181792693071,-297.4301090909091,-271.7658272727272,3
learned+queue,reward,45,-284.09697575757576,9.836665522475881,-295.71990909090914,-271.6658,3
learned+queue,reward,46,-283.44320606060614,9.781544229740305,-294.1507818181819,-270.5046454545455,3
learned+queue,reward,47,-282.3056818181819,9.924645442736098,-292.66687272727273,-268.9255636363636,3
learned+queue,reward,48,-281.2471575757576,10.271742804855917,-290.8769090909091,-267.01347272727276,3
learned+queue,reward,49,-279.7091848484849,10.505122699512313,-289.03526363636365,-265.0309272727273,3
learned+queue,reward,50,-278.1295575757576,10.783186429934238,-287.2015909090909,-262.9780181818182,3
learned+queue,reward,51,-277.1764424242424,10.840109715338194,-285.34005454545456,-261.8572636363636,3
learned+queue,reward,52,-275.69970606060605,10.611377175877044,-284.1034,-260.7305272727272,3
learned+queue,reward,53,-274.6566696969697,10.566821047817664,-282.7826818181818,-259.7326090909091,3
learned+queue,reward,54,-273.0676272727273,10.717167398809481,-281.0287727272727,-257.91782727272727,3
learned+queue,reward,55,-271.53153333333336,11.47637107409725,-279.96816363636367,-255.30580000000006,3
learned+queue,reward,56,-270.6111909090909,12.18431476441748,-280.0197727272727,-253.40509090909092,3
learned+queue,reward,57,-269.22420606060604,11.583914358432084,-278.2652818181818,-252.87257272727274,3
learned+queue,reward,58,-268.11223333333334,11.286287374294972,-276.84406363636367,-252.1753727272727,3
learned+queue,reward,59,-266.882403030303,11.467772126772893,-276.4012090909091,-250.75159090909085,3
learned+queue,reward,60,-265.9393636363636,12.048830880858834,-276.4054818181818,-249.0612727272727,3
learned+queue,reward,61,-265.04181515151515,12.080027773184115,-276.2669909090909,-248.2763272727273,3
learned+queue,reward,62,-264.2329333333334,12.395544922567991,-276.41684545454547,-247.2259181818182,3
learned+queue,reward,63,-263.38767878787877,12.872771095342149,-275.31219090909093,-245.51253636363637,3
learned+queue,reward,64,-263.0438696969697,13.875272208114517,-275.7752181818182,-243.74686363636363,3
learned+queue,reward,65,-262.81316363636364,14.319997100335256,-275.6789272727273,-242.83599999999996,3
learned+queue,reward,66,-262.78244242424245,14.410951626248277,-275.2289272727272,-242.58325454545454,3
learned+queue,reward,67,-262.61145454545454,14.791855374048836,-274.34564545454543,-241.74669090909086,3
learned+queue,reward,68,-262.54173333333335,15.55745434037687,-274.7320181818182,-240.5847090909091,3
learned+queue,reward,69,-263.42888181818176,15.81468269248094,-276.4014545454545,-241.16474545454545,3
learned+queue,reward,70,-263.86606363636366,15.77479754042781,-277.78661818181814,-241.80843636363636,3
learned+queue,reward,71,-264.09819999999996,15.6534582977604,-278.0049545454545,-242.22846363636364,3
learned+queue,reward,72,-265.18833030303034,15.045712168909127,-278.26035454545456,-244.11265454545455,3
learned+queue,reward,73,-266.5433545454546,13.787367443804051,-279.03686363636365,-247.33236363636368,3
learned+queue,reward,74,-267.79899393939394,12.091366029682685,-280.1977636363636,-251.4013454545455,3
learned+queue,reward,75,-268.2007303030303,10.999060797075309,-280.6516727272727,-253.90063636363638,3
learned+queue,reward,76,-268.9567090909091,11.307541232295145,-282.56641818181816,-254.8805,3
learned+queue,reward,77,-269.06135757575754,10.949616647805623,-282.84343636363633,-256.0562454545455,3
learned+queue,reward,78,-270.3420515151515,11.188026064875682,-285.0174090909091,-257.8825272727273,3
learned+queue,reward,79,-271.0818212121212,11.883458537012668,-287.48534545454544,-259.71490909090915,3
learned+queue,reward,80,-269.94243939393937,11.892545301560174,-286.5813545454546,-259.4995818181818,3
learned+queue,reward,81,-269.99932121212123,11.910379601291064,-286.74366363636364,-260.0441272727273,3
learned+queue,reward,82,-269.9493212121212,11.684280065368556,-286.4617909090909,-261.15702727272725,3
learned+queue,reward,83,-268.65843030303034,12.225338510124184,-285.88434545454544,-258.7651454545455,3
learned+queue,reward,84,-266.85947575757575,13.434987791744227,-285.7875090909091,-255.96524545454542,3
learned+queue,reward,85,-265.5119363636364,13.983259392516535,-285.22923636363635,-254.34241818181818,3
learned+queue,reward,86,-264.0277272727273,14.364780522306967,-284.26735454545457,-252.39513636363634,3
learned+queue,reward,87,-262.52193636363637,14.088949819718097,-282.3528636363636,-250.93359999999996,3
learned+queue,reward,88,-261.3894787878788,14.756485640536408,-282.00252727272726,-248.26205454545453,3
learned+queue,reward,89,-259.5250181818182,14.346625059783422,-279.10830909090913,-245.13886363636368,3
learned+queue,reward,90,-258.6143151515152,13.612543508638035,-277.1824818181818,-244.92916363636368,3
learned+queue,reward,91,-258.65023939393944,13.09837707250259,-276.4359090909091,-245.27369090909096,3
learned+queue,reward,92,-258.5604818181818,13.129394495571018,-276.09664545454547,-244.50716363636366,3
learned+queue,reward,93,-257.88999090909084,13.499342531381258,-276.20849090909087,-244.07533636363635,3
learned+queue,reward,94,-258.07559090909086,12.851399541609151,-275.60484545454545,-245.15384545454543,3
learned+queue,reward,95,-258.05555151515154,12.231433724400365,-274.76933636363634,-245.83873636363634,3
learned+queue,reward,96,-258.80888484848487,12.097021504088392,-275.7082909090909,-248.05387272727268,3
learned+queue,reward,97,-260.149696969697,12.312849694442177,-277.4804090909091,-250.02002727272728,3
learned+queue,reward,98,-261.94720606060605,12.434069468804628,-279.3855,-251.26883636363635,3
learned+queue,reward,99,-263.8395878787879,12.28655408974092,-281.1633181818182,-254.01350909090905,3
learned+queue,reward,100,-264.9728303030303,12.45709807993101,-282.58653636363636,-255.87109090909095,3
learned+queue,reward,101,-265.4766575757576,12.150098674846364,-282.5717272727273,-255.4270272727273,3
learned+queue,reward,102,-266.888903030303,12.339384780787828,-284.1315272727273,-255.94174545454544,3
learned+queue,reward,103,-267.78037575757577,12.72502051862657,-285.3420090909091,-255.59647272727273,3
learned+queue,reward,104,-269.8978090909091,12.20047339434478,-286.52739090909085,-257.59929090909094,3
learned+queue,reward,105,-270.82342424242427,11.649589097295676,-286.54092727272723,-258.6880545454546,3
learned+queue,reward,106,-272.70828787878787,12.392172029153272,-288.8967,-258.8002727272727,3
learned+queue,reward,107,-273.16620909090904,12.118862768080607,-288.54674545454543,-258.92769090909087,3
learned+queue,reward,108,-273.0329727272727,11.816027096001577,-287.3134090909091,-258.37746363636364,3
learned+queue,reward,109,-272.52212424242424,12.013372320122794,-286.2998272727273,-257.02439090909087,3
learned+queue,reward,110,-271.2499424242424,12.177037446893584,-284.25092727272727,-254.9693090909091,3
learned+queue,reward,111,-271.2207878787879,12.197038162384919,-283.7089181818182,-254.67203636363638,3
learned+queue,reward,112,-271.13000909090914,12.261513351074047,-283.2809,-254.34083636363638,3
learned+queue,reward,113,-270.1229272727273,12.469174728000647,-281.5888090909091,-252.78737272727275,3
learned+queue,reward,114,-269.87453636363637,12.555950114587096,-279.84293636363634,-252.16433636363638,3
learned+queue,reward,115,-269.3943909090909,13.404684628563235,-279.83603636363637,-250.4711090909091,3
learned+queue,reward,116,-269.5039272727273,14.072506483265254,-280.7271454545455,-249.65916363636367,3
learned+queue,reward,117,-269.1410121212121,13.957230873149953,-279.6105909090909,-249.41493636363631,3
learned+queue,reward,118,-269.1924454545455,14.003520163568158,-279.8461909090909,-249.4080090909091,3
learned+queue,reward,119,-269.49138181818176,14.223527917650655,-280.8337909090909,-249.43353636363634,3
learned+queue,reward,120,-270.0279606060606,14.857637767487825,-281.01085454545455,-249.0234181818182,3
learned+queue,reward,121,-270.71699393939394,14.917653583321165,-282.3493909090909,-249.65874545454542,3
learned+queue,reward,122,-270.9662818181818,15.230470731648559,-283.38713636363633,-249.51634545454542,3
learned+queue,reward,123,-271.79912424242417,14.61854889484343,-284.4685909090909,-251.31637272727266,3
learned+queue,reward,124,-272.2986212121212,14.288055743288675,-285.7493636363636,-252.51449999999997,3
learned+queue,reward,125,-273.1511242424242,14.237728624411515,-286.698,-253.47687272727273,3
learned+queue,reward,126,-272.8874515151515,13.176617324799473,-285.0765181818182,-254.58616363636364,3
learned+queue,reward,127,-273.29374848484844,13.929803374033922,-286.3705636363636,-253.99576363636362,3
learned+queue,reward,128,-273.30078484848485,13.85508157290545,-286.3614636363636,-254.1209818181818,3
learned+queue,reward,129,-272.4358939393939,14.279585549310363,-285.99778181818175,-252.69669999999996,3
learned+queue,reward,130,-271.94243939393937,14.339579534238474,-285.6393818181818,-252.14288181818182,3
learned+queue,reward,131,-271.27429090909095,13.874904858361909,-285.4492272727273,-252.43638181818184,3
learned+queue,reward,132,-270.2977121212122,13.835968409172972,-284.50780000000003,-251.54337272727278,3
learned+queue,reward,133,-269.2859939393939,13.338089129280245,-282.73909999999995,-251.1087909090909,3
learned+queue,reward,134,-267.9697727272727,14.055208578595433,-281.8101363636363,-248.69416363636364,3
learned+queue,reward,135,-266.35330303030304,14.221588774331424,-280.49067272727274,-246.8958545454545,3
learned+queue,reward,136,-263.70982424242425,14.0056935624126,-278.3497909090909,-244.83593636363636,3
learned+queue,reward,137,-262.23174242424244,14.195523372787147,-278.03687272727274,-243.6092090909091,3
learned+queue,reward,138,-259.6335424242425,13.486872223116164,-274.4315909090909,-241.8130545454546,3
learned+queue,reward,139,-257.6215575757576,13.519617611257297,-272.74876363636366,-239.9314636363637,3
learned+queue,reward,140,-256.13239090909093,12.767544416857106,-270.6020727272728,-239.5441272727273,3
learned+queue,reward,141,-254.92762727272725,12.796724149594935,-269.74582727272724,-238.52130909090909,3
learned+queue,reward,142,-253.7090181818182,13.147012689809268,-269.29427272727276,-237.13625454545453,3
learned+queue,reward,143,-253.63920303030304,12.915268760354724,-269.2572818181818,-237.62876363636363,3
learned+queue,reward,144,-253.0977121212121,12.878791734345937,-269.0878727272727,-237.55074545454548,3
learned+queue,reward,145,-253.25963030303032,12.688851001862094,-269.39415454545457,-238.3902909090909,3
learned+queue,reward,146,-253.64776060606061,12.301477335925936,-269.3623090909091,-239.3268,3
learned+queue,reward,147,-253.89339393939395,12.851335698191937,-270.4915818181818,-239.18256363636357,3
learned+queue,reward,148,-254.1342363636364,13.185518125680339,-270.8565090909091,-238.62740000000002,3
learned+queue,reward,149,-255.11909090909091,13.350959847457778,-272.40242727272727,-239.89434545454543,3
learned+queue,reward,150,-256.1194606060606,13.471115188410074,-273.8376090909091,-241.19764545454544,3
learned+queue,reward,151,-256.769403030303,13.315227091875952,-274.21059999999994,-241.90092727272724,3
learned+queue,reward,152,-257.5141939393939,12.626310398486014,-273.8035727272727,-243.03486363636364,3
learned+queue,reward,153,-258.1054666666667,12.033847394374458,-273.67277272727273,-244.36660909090907,3
learned+queue,reward,154,-258.3850939393939,11.334977009824117,-273.0264363636363,-245.41235454545452,3
learned+queue,reward,155,-258.87420000000003,11.43889371840854,-273.3488545454545,-245.3810181818182,3
learned+queue,reward,156,-259.94593636363635,11.084915362683253,-273.9199818181818,-246.8060636363636,3
learned+queue,reward,157,-260.7549515151515,11.037806556756276,-274.3335363636364,-247.2973545454545,3
learned+queue,reward,158,-261.9860151515151,10.142369553213761,-274.5578090909091,-249.7198181818182,3
learned+queue,reward,159,-262.90038787878785,9.23516759048046,-274.8770727272727,-252.40075454545456,3
learned+queue,reward,160,-264.26309393939397,9.793398729301924,-277.2606181818182,-253.62135454545458,3
learned+queue,reward,161,-264.6205303030303,9.466402627862408,-277.1685909090909,-254.30560909090912,3
learned+queue,reward,162,-265.2534878787879,9.936654218949176,-278.7306272727273,-255.06808181818187,3
learned+queue,reward,163,-265.0489,9.924809607519414,-278.7318090909091,-255.49889090909093,3
learned+queue,reward,164,-264.8746393939394,10.548304342588683,-279.60399090909095,-255.46430000000007,3
learned+queue,reward,165,-264.3249757575758,11.23047529926994,-280.05333636363645,-254.55046363636365,3
learned+queue,reward,166,-263.9576181818182,11.910334853633435,-280.7677545454546,-254.63135454545454,3
learned+queue,reward,167,-262.0797878787879,12.673995502129864,-279.97761818181823,-252.29660909090907,3
learned+queue,reward,168,-261.0270393939394,13.71775776604334,-280.4163181818182,-250.7781272727273,3
learned+queue,reward,169,-259.87335454545456,14.141861852268622,-279.8527090909091,-249.1043,3
learned+queue,reward,170,-258.4113181818182,15.030044986345523,-279.6655181818182,-247.56600909090912,3
learned+queue,reward,171,-257.01394848484847,14.749968454962461,-277.8586363636364,-245.9085272727273,3
learned+queue,reward,172,-256.0243272727273,14.402566812762528,-276.37396363636367,-245.09444545454545,3
learned+queue,reward,173,-254.9674121212121,14.114917074783238,-274.8921090909091,-243.9557,3
learned+queue,reward,174,-254.61291515151515,15.060813578890405,-275.8591727272727,-242.68995454545455,3
learned+queue,reward,175,-253.68609393939394,14.422076537601543,-274.0417,-242.3986,3
learned+queue,reward,176,-253.12449090909092,14.195291112726114,-273.161,-242.02773636363642,3
learned+queue,reward,177,-252.41167575757572,13.760652640166604,-271.85679999999996,-242.0192636363636,3
learned+queue,reward,178,-252.3139515151515,13.860796610136331,-271.87731818181817,-241.46524545454542,3
learned+queue,reward,179,-252.5334727272727,13.612240424440857,-271.76947272727267,-242.26596363636364,3
learned+queue,reward,180,-252.4105727272727,13.619038661458953,-271.66161818181814,-242.2700181818182,3
learned+queue,reward,181,-252.55731515151513,13.44455494632721,-271.5293727272727,-241.98507272727272,3
learned+queue,reward,182,-252.36012727272728,13.657155790597491,-271.6251272727273,-241.53528181818183,3
learned+queue,reward,183,-252.0331666666667,14.555402093012585,-272.5750181818182,-240.6160090909091,3
learned+queue,reward,184,-252.41819393939394,15.10874509587908,-273.75217272727275,-240.72296363636363,3
learned+queue,reward,185,-251.81731212121213,14.530816370715991,-272.3373,-240.6010181818182,3
learned+queue,reward,186,-252.5034151515152,14.870980785516943,-273.4814545454546,-240.72579090909093,3
learned+queue,reward,187,-252.04091515151515,14.80043039111438,-272.9286818181818,-240.43298181818182,3
learned+queue,reward,188,-252.26551818181818,15.741626311129023,-274.48879090909094,-240.0168636363636,3
learned+queue,reward,189,-251.91509393939398,15.311481808962503,-273.4936636363637,-239.56497272727276,3
learned+queue,reward,190,-250.91631515151516,15.46213570802937,-272.7033090909091,-238.40676363636368,3
learned+queue,reward,191,-249.9337575757576,15.587656401073417,-271.9425545454546,-237.84668181818185,3
learned+queue,reward,192,-249.23739696969696,15.377012873556334,-270.9807818181818,-238.05313636363633,3
learned+queue,reward,193,-248.2938,14.110089079319673,-268.23054545454545,-237.59292727272725,3
learned+queue,reward,194,-248.0743818181818,13.24198595866277,-266.75426363636365,-237.58474545454544,3
learned+queue,reward,195,-247.5633121212121,12.835851329875366,-265.46812727272726,-236.02211818181814,3
learned+queue,reward,196,-247.76585151515152,12.584970088721418,-265.2724909090909,-236.2357727272727,3
learned+queue,reward,197,-246.96916666666667,12.715268394689875,-264.4217363636364,-234.49149090909094,3
learned+queue,reward,198,-246.90788484848485,13.008091960833678,-264.7054090909091,-233.97777272727274,3
learned+queue,reward,199,-246.29451515151516,12.09391446350818,-262.8828181818182,-234.3926909090909,3
learned+queue,reward,200,-246.02400303030302,12.234863179048887,-262.6406727272728,-233.53804545454548,3
learned+queue,reward,201,-246.28796666666665,11.846736158992904,-262.2861909090909,-233.9806818181818,3
learned+queue,reward,202,-246.82296969696972,11.132782393266803,-261.6503636363637,-234.82456363636368,3
learned+queue,reward,203,-247.12621515151514,10.785820383368051,-261.4332,-235.3919454545454,3
learned+queue,reward,204,-247.99507878787878,11.92746772284789,-264.04705454545456,-235.48051818181813,3
learned+queue,reward,205,-248.26616969696968,11.569194845985239,-263.8505,-236.1593909090909,3
learned+queue,reward,206,-249.4198818181818,10.663260294143708,-263.6329454545455,-237.9488,3
learned+queue,reward,207,-250.0618636363636,9.865270249652431,-262.9270545454545,-238.95481818181818,3
learned+queue,reward,208,-251.56878484848485,8.037684257918482,-262.19601818181815,-242.7618909090909,3
learned+queue,reward,209,-253.23049393939394,6.458394478362658,-261.64894545454547,-245.95311818181816,3
learned+queue,reward,210,-255.7503242424242,5.006434359848062,-261.7560636363636,-249.50016363636362,3
learned+queue,reward,211,-257.66364848484847,3.938230510347941,-261.9177909090909,-252.4235090909091,3
learned+queue,reward,212,-258.9883060606061,3.366988888507827,-261.9633818181818,-254.28104545454545,3
learned+queue,reward,213,-260.0402545454545,2.305161946779776,-262.4792545454545,-256.9474909090909,3
learned+queue,reward,214,-260.5167090909091,1.2023113977168451,-262.20023636363635,-259.4684727272728,3
learned+queue,reward,215,-260.4446666666667,0.5330984359266481,-261.1218545454545,-259.8191000000001,3
learned+queue,reward,216,-260.8556484848485,2.178617628333748,-263.7285636363636,-258.4551727272728,3
learned+queue,reward,217,-260.6087393939394,4.471043996771328,-265.9137818181818,-254.9766636363637,3
learned+queue,reward,218,-260.38217575757574,6.3770155599429215,-267.7476363636364,-252.19256363636362,3
learned+queue,reward,219,-259.8294696969697,7.040035595570891,-267.9834818181818,-250.8050181818182,3
learned+queue,reward,220,-258.44890000000004,8.107450023814522,-267.5431454545455,-247.85470000000004,3
learned+queue,reward,221,-256.55403939393943,9.389056145718623,-266.3613636363637,-243.89835454545457,3
learned+queue,reward,222,-255.94846363636364,10.500471046973079,-267.11269090909093,-241.8863818181818,3
learned+queue,reward,223,-254.86702121212122,11.419483796312042,-267.08256363636366,-239.61090000000002,3
learned+queue,reward,224,-253.83197878787882,12.106781784433306,-266.94599090909094,-237.74196363636366,3
learned+queue,reward,225,-253.39524545454546,11.818176098714227,-266.0215636363636,-237.59862727272727,3
learned+queue,reward,226,-252.85572727272725,12.173368475453854,-266.2707363636364,-236.804,3
learned+queue,reward,227,-251.8187060606061,12.182015011490675,-265.1825636363637,-235.72095454545453,3
learned+queue,reward,228,-251.17598181818184,12.255498816397987,-264.7962909090909,-235.0835181818182,3
learned+queue,reward,229,-250.6857121212121,11.7927330932398,-263.6691818181818,-235.12893636363634,3
learned+queue,reward,230,-250.27466060606056,11.534282772837003,-262.4454454545454,-234.78376363636363,3
learned+queue,reward,231,-250.76900303030303,11.44617630491331,-262.7729545454545,-235.3621727272727,3
learned+queue,reward,232,-251.7032909090909,11.003827247690916,-263.34348181818183,-236.93859999999998,3
learned+queue,reward,233,-251.62731212121216,11.293885291430774,-262.708,-236.12496363636365,3
learned+queue,reward,234,-251.97789090909092,11.374529163848027,-261.95076363636366,-236.06093636363633,3
learned+queue,reward,235,-252.5474424242424,11.677362244702913,-261.6783090909091,-236.06514545454544,3
learned+queue,reward,236,-253.53494545454544,11.85724086486094,-262.4834818181818,-236.77922727272724,3
learned+queue,reward,237,-254.53772727272727,12.453692957594509,-264.4616090909091,-236.97502727272723,3
learned+queue,reward,238,-255.59146060606062,12.22048227290962,-266.8956272727273,-238.61806363636362,3
learned+queue,reward,239,-256.0714787878788,12.666472510482423,-269.33978181818185,-239.0150727272727,3
learned+queue,reward,240,-256.91948787878783,12.86298326094781,-271.8853909090909,-240.48104545454544,3
learned+queue,reward,241,-257.4530121212121,13.541925881651787,-274.27237272727274,-241.1119090909091,3
learned+queue,reward,242,-257.32377575757573,14.19484695400102,-275.65929090909094,-241.0780818181818,3
learned+queue,reward,243,-256.61974848484846,15.034710064661986,-276.46737272727273,-240.0915727272727,3
learned+queue,reward,244,-256.5599727272727,15.315298446407569,-277.4408363636363,-241.1366,3
learned+queue,reward,245,-256.75046,15.400735658301087,-277.82482,-241.45119,3
learned+queue,reward,246,-256.9190111111111,15.57190728362965,-278.54187777777776,-242.49300000000005,3
learned+queue,reward,247,-256.4783375,16.414750999675686,-279.4987875,-242.3777,3
learned+queue,reward,248,-256.1114952380953,16.291729139492958,-279.0693571428572,-242.9493857142857,3
learned+queue,reward,249,-256.0918833333333,16.69310622088253,-279.62193333333335,-242.6708833333333,3
learned+queue,queue,0,21.129394444444443,0.13383165235787847,20.94673333333333,21.263650000000002,3
learned+queue,queue,1,21.094566666666665,0.13470718374115667,20.904457142857144,21.200242857142857,3
learned+queue,queue,2,21.0563125,0.106532510198374,20.9057375,21.135975000000002,3
learned+queue,queue,3,21.011966666666666,0.08003067930256236,20.899433333333334,21.0787,3
learned+queue,queue,4,20.973643333333335,0.04370708663617622,20.91205,21.00893,3
learned+queue,queue,5,20.938657575757574,0.03998871006879507,20.884990909090906,20.980936363636363,3
learned+queue,queue,6,20.85044242424242,0.028657946972901763,20.829518181818177,20.890963636363637,3
learned+queue,queue,7,20.763803030303027,0.04322123644776211,20.72541818181818,20.824190909090905,3
learned+queue,queue,8,20.705263636363636,0.03874529314699807,20.666154545454546,20.758054545454545,3
learned+queue,queue,9,20.62061515151515,0.027226458057660437,20.58725454545454,20.653945454545454,3
learned+queue,queue,10,20.53715151515151,0.056363367708710414,20.461236363636363,20.596154545454542,3
learned+queue,queue,11,20.429687878787874,0.09296833203928534,20.305245454545453,20.52865454545454,3
learned+queue,queue,12,20.309612121212123,0.1293865999621694,20.12922727272727,20.426399999999997,3
learned+queue,queue,13,20.17201818181818,0.1362194552918201,19.98051818181818,20.28591818181818,3
learned+queue,queue,14,20.04079393939394,0.14494841341939882,19.847463636363635,20.196472727272727,3
learned+queue,queue,15,19.89599090909091,0.17064167037808112,19.699954545454542,20.115890909090908,3
learned+queue,queue,16,19.742115151515154,0.1995325956143001,19.51747272727273,20.00232727272727,3
learned+queue,queue,17,19.62001515151515,0.21785506344471972,19.422254545454546,19.92349090909091,3
learned+queue,queue,18,19.490142424242425,0.24787325543948205,19.24640909090909,19.830199999999998,3
learned+queue,queue,19,19.347954545454545,0.28168691380763133,19.074636363636362,19.735599999999998,3
learned+queue,queue,20,19.200136363636364,0.30968287600618094,18.889545454545456,19.622836363636363,3
learned+queue,queue,21,19.08099090909091,0.31938391761633217,18.77244545454545,19.520936363636363,3
learned+queue,queue,22,18.98663333333333,0.3639517393258477,18.62983636363636,19.486299999999996,3
learned+queue,queue,23,18.893766666666668,0.3940240107724346,18.494718181818186,19.43011818181818,3
learned+queue,queue,24,18.861463636363638,0.4240423965886941,18.43047272727273,19.43807272727273,3
learned+queue,queue,25,18.796196969696968,0.4565514538261991,18.317818181818183,19.41091818181818,3
learned+queue,queue,26,18.727227272727273,0.511807836861921,18.179745454545454,19.41099090909091,3
learned+queue,queue,27,18.7055303030303,0.5751796243250888,18.10790909090909,19.48223636363636,3
learned+queue,queue,28,18.614472727272727,0.6045960264561885,17.986490909090907,19.43099090909091,3
learned+queue,queue,29,18.524354545454546,0.6556037165185585,17.849863636363636,19.41252727272727,3
learned+queue,queue,30,18.4616,0.6837095236885102,17.770881818181817,19.392936363636363,3
learned+queue,queue,31,18.418684848484848,0.6802760960045748,17.737036363636363,19.347454545454546,3
learned+queue,queue,32,18.342154545454544,0.7151002829748748,17.63220909090909,19.320854545454548,3
learned+queue,queue,33,18.242300000000004,0.7332672265345309,17.533336363636366,19.25218181818182,3
learned+queue,queue,34,18.146863636363637,0.7569698949583642,17.410527272727276,19.187981818181818,3
learned+queue,queue,35,18.015236363636365,0.7748083507459596,17.242254545454546,19.07430909090909,3
learned+queue,queue,36,17.931718181818184,0.7832477589503986,17.125500000000002,18.99264545454545,3
learned+queue,queue,37,17.855272727272723,0.750591816749889,17.06829090909091,18.865672727272724,3
learned+queue,queue,38,17.767757575757575,0.713549208433327,16.976654545454547,18.70584545454545,3
learned+queue,queue,39,17.717739393939393,0.7227729945641711,16.900081818181818,18.65777272727273,3
learned+queue,queue,40,17.637336363636365,0.7242608656330974,16.80458181818182,18.570163636363638,3
learned+queue,queue,41,17.572369696969698,0.7237194885001328,16.707436363636365,18.478727272727273,3
learned+queue,queue,42,17.50580909090909,0.7133760570223697,16.637245454545454,18.384563636363637,3
learned+queue,queue,43,17.452221212121213,0.6758302863858109,16.622681818181817,18.27810909090909,3
learned+queue,queue,44,17.446736363636365,0.6452934781109783,16.631254545454542,18.209227272727272,3
learned+queue,queue,45,17.3900696969697,0.6050591542846495,16.62481818181818,18.104263636363637,3
learned+queue,queue,46,17.349730303030302,0.601942690696864,16.552999999999997,18.007745454545454,3
learned+queue,queue,47,17.279978787878786,0.6108642461143885,16.456054545454545,17.91687272727273,3
learned+queue,queue,48,17.214984848484846,0.6321786650871475,16.33870909090909,17.80668181818182,3
learned+queue,queue,49,17.120387878787877,0.6463818406989054,16.217009090909094,17.69309090909091,3
learned+queue,queue,50,17.02330303030303,0.6634492357317329,16.0909,17.580145454545455,3
learned+queue,queue,51,16.96488787878788,0.6667735276752119,16.022536363636366,17.4654,3
learned+queue,queue,52,16.874169696969698,0.6526690018023539,15.953318181818183,17.389272727272726,3
learned+queue,queue,53,16.8102,0.6500983816625142,15.891918181818182,17.30820909090909,3
learned+queue,queue,54,16.712512121212118,0.6594645963146684,15.780227272727274,17.20042727272727,3
learned+queue,queue,55,16.61848484848485,0.7060451183240879,15.620199999999999,17.13551818181818,3
learned+queue,queue,56,16.562221212121212,0.749329822754342,15.503927272727271,17.13883636363636,3
learned+queue,queue,57,16.477196969696973,0.7124190763124243,15.471418181818182,17.031254545454548,3
learned+queue,queue,58,16.409203030303033,0.6941491982562916,15.42888181818182,16.944000000000003,3
learned+queue,queue,59,16.333827272727273,0.7050932401855587,15.341754545454547,16.916918181818183,3
learned+queue,queue,60,16.276160606060603,0.7408578145607797,15.238018181818182,16.91770909090909,3
learned+queue,queue,61,16.221160606060604,0.7426736339569616,15.189990909090909,16.909554545454544,3
learned+queue,queue,62,16.171763636363636,0.7621893784323176,15.125527272727272,16.91947272727273,3
learned+queue,queue,63,16.120009090909093,0.7916764545255459,15.020309090909091,16.851854545454547,3
learned+queue,queue,64,16.09910303030303,0.8534136929168845,14.911890909090909,16.880772727272724,3
learned+queue,queue,65,16.085254545454546,0.8808221382484952,14.856181818181819,16.87530909090909,3
learned+queue,queue,66,16.083551515151516,0.8865691028159919,14.840672727272727,16.847981818181818,3
learned+queue,queue,67,16.073278787878788,0.9101518005054247,14.789345454545456,16.79399090909091,3
learned+queue,queue,68,16.069145454545453,0.9572640075864041,14.718018181818184,16.81800909090909,3
learned+queue,queue,69,16.12385757575758,0.9730810838933405,14.753827272727273,16.92109090909091,3
learned+queue,queue,70,16.15091818181818,0.9707503496663885,14.79342727272727,17.007,3
learned+queue,queue,71,16.165260606060603,0.963288012774765,14.819327272727271,17.02052727272727,3
learned+queue,queue,72,16.232469696969698,0.9259110813662825,14.935381818181817,17.036381818181816,3
learned+queue,queue,73,16.31578787878788,0.8484698608091872,15.133445454545456,17.084163636363638,3
learned+queue,queue,74,16.393209090909092,0.7441428237938321,15.383890909090907,17.1559,3
learned+queue,queue,75,16.417990909090907,0.6768244692709159,15.537881818181818,17.183918181818182,3
learned+queue,queue,76,16.46449090909091,0.6957475070409657,15.59820909090909,17.301690909090908,3
learned+queue,queue,77,16.470957575757577,0.6736706184532067,15.670754545454542,17.31883636363636,3
learned+queue,queue,78,16.549818181818182,0.6883810256892069,15.783300000000002,17.452827272727273,3
learned+queue,queue,79,16.595454545454544,0.7310741928333928,15.896481818181815,17.604699999999998,3
learned+queue,queue,80,16.525375757575755,0.731559793734593,15.883409090909089,17.54898181818182,3
learned+queue,queue,81,16.528854545454546,0.7325992002892617,15.916881818181816,17.558836363636367,3
learned+queue,queue,82,16.5259,0.7189112889483744,15.984345454545455,17.541854545454548,3
learned+queue,queue,83,16.446618181818184,0.7522448652168933,15.837154545454545,17.506481818181822,3
learned+queue,queue,84,16.336130303030302,0.8268193789896975,15.6647,17.500899999999998,3
learned+queue,queue,85,16.253375757575757,0.8603936581359234,15.564799999999998,17.46646363636364,3
learned+queue,queue,86,16.162066666666664,0.8838510149665967,15.444945454545454,17.407245454545453,3
learned+queue,queue,87,16.06961212121212,0.8670711622173475,15.354954545454545,17.289881818181815,3
learned+queue,queue,88,16.00009696969697,0.9083093760734774,15.190636363636365,17.268609090909088,3
learned+queue,queue,89,15.885424242424241,0.883286503171552,14.998454545454546,17.09065454545454,3
learned+queue,queue,90,15.829618181818182,0.8380836236112039,14.985772727272728,16.972318181818178,3
learned+queue,queue,91,15.831890909090909,0.8065987740593532,15.006936363636363,16.926636363636366,3
learned+queue,queue,92,15.826563636363637,0.8084637509400316,14.960127272727272,16.905836363636368,3
learned+queue,queue,93,15.785436363636364,0.8311965754244005,14.933581818181814,16.91285454545455,3
learned+queue,queue,94,15.796866666666666,0.7914610390802602,14.999872727272725,16.87596363636364,3
learned+queue,queue,95,15.795648484848485,0.7534562608327465,15.041899999999998,16.82478181818182,3
learned+queue,queue,96,15.841945454545455,0.745257249316235,15.178154545454545,16.88281818181818,3
learned+queue,queue,97,15.9246,0.7584451329691003,15.299363636363637,16.991981818181817,3
learned+queue,queue,98,16.035272727272726,0.7658713427978683,15.376454545454544,17.1092,3
learned+queue,queue,99,16.151533333333333,0.7567492455393827,15.545236363636365,17.218427272727272,3
learned+queue,queue,100,16.221193939393938,0.7670833390180504,15.661890909090909,17.305836363636363,3
learned+queue,queue,101,16.252103030303033,0.7482944681324665,15.634418181818182,17.305100000000003,3
learned+queue,queue,102,16.338851515151514,0.7597769074598647,15.666136363636362,17.4008,3
learned+queue,queue,103,16.39360303030303,0.7834630317104531,15.644918181818182,17.47528181818182,3
learned+queue,queue,104,16.52370303030303,0.7511246379439004,15.767845454545455,17.548000000000002,3
learned+queue,queue,105,16.58073333333333,0.7170563741888933,15.835081818181818,17.548754545454546,3
learned+queue,queue,106,16.696724242424242,0.7625113560580844,15.842045454545454,17.69351818181818,3
learned+queue,queue,107,16.72487272727273,0.7456073580623356,15.849972727272727,17.672036363636366,3
learned+queue,queue,108,16.716660606060604,0.7268148150976028,15.816318181818183,17.59628181818182,3
learned+queue,queue,109,16.685209090909087,0.7387555046104822,15.733254545454542,17.533981818181818,3
learned+queue,queue,110,16.60709696969697,0.7485981843159035,15.60702727272727,17.407954545454547,3
learned+queue,queue,111,16.60540303030303,0.7497979211813659,15.588718181818182,17.374627272727274,3
learned+queue,queue,112,16.599963636363636,0.7538670423361553,15.568227272727272,17.348454545454548,3
learned+queue,queue,113,16.538024242424243,0.7666021576884811,15.4726,17.244436363636364,3
learned+queue,queue,114,16.52270909090909,0.7720772524116095,15.43381818181818,17.1371,3
learned+queue,queue,115,16.493360606060605,0.8240353274586645,15.330172727272727,17.136572727272725,3
learned+queue,queue,116,16.499951515151512,0.8652604911783043,15.2799,17.19133636363636,3
learned+queue,queue,117,16.47762424242424,0.8582582753670328,15.26468181818182,17.122681818181817,3
learned+queue,queue,118,16.48080909090909,0.861101782825745,15.264290909090908,17.1371,3
learned+queue,queue,119,16.49921515151515,0.8747746747211637,15.265699999999999,17.19768181818182,3
learned+queue,queue,120,16.532145454545454,0.9139670807135784,15.240072727272725,17.208427272727274,3
learned+queue,queue,121,16.574257575757574,0.9177253917861858,15.27880909090909,17.290463636363636,3
learned+queue,queue,122,16.58951212121212,0.9370153298307986,15.269936363636367,17.354354545454544,3
learned+queue,queue,123,16.64065454545454,0.8993084222902633,15.380681818181818,17.420590909090908,3
learned+queue,queue,124,16.67139090909091,0.8791433216803147,15.454172727272727,17.49937272727273,3
learned+queue,queue,125,16.72390303030303,0.8759626801971946,15.51358181818182,17.557772727272724,3
learned+queue,queue,126,16.70778484848485,0.8110058263517539,15.581445454545456,17.458345454545455,3
learned+queue,queue,127,16.732881818181816,0.8573716323292161,15.545136363636363,17.537881818181816,3
learned+queue,queue,128,16.733521212121214,0.8527305923025557,15.553081818181818,17.537390909090906,3
learned+queue,queue,129,16.680257575757576,0.8789114424729183,15.465263636363636,17.514845454545455,3
learned+queue,queue,130,16.649893939393937,0.8826002508033248,15.431172727272726,17.492736363636364,3
learned+queue,queue,131,16.609033333333333,0.853823613707275,15.449700000000002,17.48107272727273,3
learned+queue,queue,132,16.549175757575764,0.8515137021016458,15.394890909090911,17.423527272727274,3
learned+queue,queue,133,16.48717878787879,0.8207861341633998,15.36853636363636,17.314854545454548,3
learned+queue,queue,134,16.406260606060606,0.8649215745059871,15.219990909090908,17.25767272727273,3
learned+queue,queue,135,16.306915151515152,0.8750473984591046,15.109672727272727,17.17668181818182,3
learned+queue,queue,136,16.144409090909093,0.861729595977779,14.983145454545452,17.04514545454546,3
learned+queue,queue,137,16.053345454545454,0.8733752923699626,14.907618181818181,17.025781818181823,3
learned+queue,queue,138,15.893633333333334,0.830002592525851,14.796999999999999,16.804445454545455,3
learned+queue,queue,139,15.769560606060606,0.8319618955942886,14.681018181818184,16.700545454545452,3
learned+queue,queue,140,15.677990909090909,0.7855963661246912,14.657409090909091,16.56848181818182,3
learned+queue,queue,141,15.603818181818182,0.7876057117906011,14.594181818181818,16.516018181818183,3
learned+queue,queue,142,15.528769696969697,0.8093470651482568,14.508672727272726,16.48839090909091,3
learned+queue,queue,143,15.524466666666664,0.7950659444324901,14.538954545454544,16.48601818181818,3
learned+queue,queue,144,15.491051515151517,0.7929230908526674,14.533854545454545,16.475536363636365,3
learned+queue,queue,145,15.500981818181819,0.7813962787970687,14.585245454545456,16.494518181818183,3
learned+queue,queue,146,15.52491818181818,0.7576040489141597,14.642709090909092,16.492545454545454,3
learned+queue,queue,147,15.540060606060607,0.7914816198173656,14.633636363636366,16.56200909090909,3
learned+queue,queue,148,15.554933333333333,0.812043474264464,14.599518181818182,16.584463636363637,3
learned+queue,queue,149,15.615424242424242,0.8220636111912585,14.677572727272725,16.679336363636363,3
learned+queue,queue,150,15.677148484848487,0.8294626046907396,14.757981818181822,16.76789090909091,3
learned+queue,queue,151,15.717272727272729,0.8199940065291939,14.801118181818184,16.791045454545454,3
learned+queue,queue,152,15.763169696969697,0.7775628394377955,14.87110909090909,16.76604545454546,3
learned+queue,queue,153,15.799624242424244,0.7408953685412035,14.953327272727272,16.75777272727273,3
learned+queue,queue,154,15.81680303030303,0.6978645902712444,15.017745454545455,16.717981818181816,3
learned+queue,queue,155,15.847015151515151,0.7042931686850175,15.016090909090908,16.7381,3
learned+queue,queue,156,15.912851515151516,0.6822133394835742,15.104209090909091,16.772909090909092,3
learned+queue,queue,157,15.962600000000002,0.6793289365410831,15.134518181818182,16.798472727272728,3
learned+queue,queue,158,16.03839393939394,0.6242526436939323,15.283781818181815,16.812509090909092,3
learned+queue,queue,159,16.09458484848485,0.5684029660452167,15.448690909090912,16.83194545454546,3
learned+queue,queue,160,16.178460606060607,0.6026348066708409,15.524000000000001,16.978463636363635,3
learned+queue,queue,161,16.200466666666667,0.5824560318635035,15.56609090909091,16.97269090909091,3
learned+queue,queue,162,16.239384848484846,0.6113865289093833,15.613218181818182,17.068827272727273,3
learned+queue,queue,163,16.226906060606062,0.610741749507407,15.639736363636365,17.069063636363637,3
learned+queue,queue,164,16.216027272727274,0.6492317138255919,15.637436363636363,17.122718181818183,3
learned+queue,queue,165,16.182354545454547,0.6910999684895677,15.581527272727277,17.15036363636364,3
learned+queue,queue,166,16.159854545454547,0.7328406386848298,15.586409090909092,17.19420909090909,3
learned+queue,queue,167,16.044460606060607,0.7799614999445671,15.44270909090909,17.145918181818185,3
learned+queue,queue,168,15.979763636363638,0.8439709854921654,15.348836363636364,17.172654545454545,3
learned+queue,queue,169,15.908654545454544,0.86990223534795,15.24589090909091,17.13761818181818,3
learned+queue,queue,170,15.818860606060605,0.9247089275439698,15.151281818181822,17.126499999999997,3
learned+queue,queue,171,15.73287575757576,0.9074440813872838,15.049336363636366,17.01526363636364,3
learned+queue,queue,172,15.672066666666666,0.8861061927397608,14.999299999999998,16.924045454545453,3
learned+queue,queue,173,15.607075757575759,0.8683828983807693,14.929372727272726,16.83287272727273,3
learned+queue,queue,174,15.585248484848485,0.9264634048137779,14.851390909090911,16.89217272727273,3
learned+queue,queue,175,15.528469696969696,0.8870392020783946,14.833745454545454,16.78041818181818,3
learned+queue,queue,176,15.494087878787878,0.8732229360228267,14.811027272727273,16.726599999999998,3
learned+queue,queue,177,15.450181818181816,0.8464299407026593,14.810254545454542,16.646236363636362,3
learned+queue,queue,178,15.444190909090908,0.8525887457099669,14.776109090909092,16.64749090909091,3
learned+queue,queue,179,15.457727272727276,0.8372989408919226,14.825527272727276,16.640918181818186,3
learned+queue,queue,180,15.450324242424244,0.8376838339362901,14.825963636363639,16.634400000000003,3
learned+queue,queue,181,15.459439393939391,0.826910019266467,14.80849090909091,16.626263636363635,3
learned+queue,queue,182,15.447363636363638,0.8399023646852403,14.780936363636364,16.63208181818182,3
learned+queue,queue,183,15.427142424242424,0.8952349897375099,14.724181818181819,16.69051818181818,3
learned+queue,queue,184,15.450809090909091,0.9293349963129008,14.730727272727274,16.76300909090909,3
learned+queue,queue,185,15.413784848484847,0.8939844988312682,14.72319090909091,16.676209090909087,3
learned+queue,queue,186,15.455918181818182,0.9148630306190026,14.730972727272729,16.746454545454544,3
learned+queue,queue,187,15.427327272727274,0.910426531679946,14.712836363636363,16.712172727272726,3
learned+queue,queue,188,15.441178787878789,0.9683107535809253,14.687181818181818,16.808154545454546,3
learned+queue,queue,189,15.419718181818178,0.9419160717818716,14.659499999999998,16.74711818181818,3
learned+queue,queue,190,15.358360606060605,0.951131740731921,14.58821818181818,16.69849090909091,3
learned+queue,queue,191,15.297790909090912,0.9587515178045675,14.55359090909091,16.651436363636364,3
learned+queue,queue,192,15.254945454545457,0.9456449669252592,14.567827272727273,16.592118181818183,3
learned+queue,queue,193,15.196881818181817,0.8678005864865125,14.539345454545456,16.423063636363636,3
learned+queue,queue,194,15.183581818181821,0.8142012073225577,14.539218181818182,16.33219090909091,3
learned+queue,queue,195,15.152430303030306,0.7890202479999501,14.443445454545456,16.253136363636365,3
learned+queue,queue,196,15.165015151515151,0.773383759968914,14.456900000000001,16.240954545454546,3
learned+queue,queue,197,15.116133333333332,0.7814901199770034,14.349709090909089,16.188936363636362,3
learned+queue,queue,198,15.112554545454545,0.7994367201202258,14.318272727272728,16.206463636363637,3
learned+queue,queue,199,15.074739393939396,0.743264435750071,14.343654545454546,16.094345454545454,3
learned+queue,queue,200,15.058236363636366,0.7520331413408137,14.291054545454545,16.079718181818183,3
learned+queue,queue,201,15.074448484848483,0.7284331849400797,14.31791818181818,16.058245454545457,3
learned+queue,queue,202,15.107542424242423,0.684599222699562,14.369954545454545,16.019463636363636,3
learned+queue,queue,203,15.126127272727272,0.663420324652882,14.404599999999999,16.006254545454546,3
learned+queue,queue,204,15.17969393939394,0.7335838392197402,14.410527272727272,16.167190909090912,3
learned+queue,queue,205,15.19652424242424,0.711652725278121,14.452518181818181,16.15548181818182,3
learned+queue,queue,206,15.267284848484849,0.6558014699223,14.562663636363636,16.141845454545454,3
learned+queue,queue,207,15.306866666666666,0.6065035594468269,14.624745454545456,16.098263636363637,3
learned+queue,queue,208,15.399460606060607,0.49403051067005044,14.858863636363639,16.053054545454547,3
learned+queue,queue,209,15.501445454545456,0.39697048873388513,15.054772727272729,16.0193,3
learned+queue,queue,210,15.656424242424242,0.30741562728194693,15.273090909090909,16.02570909090909,3
learned+queue,queue,211,15.773903030303032,0.24152459249255692,15.452763636363636,16.03523636363636,3
learned+queue,queue,212,15.85541818181818,0.20620141494706257,15.567172727272727,16.03780909090909,3
learned+queue,queue,213,15.920166666666665,0.1408824775128407,15.73120909090909,16.069354545454544,3
learned+queue,queue,214,15.94961212121212,0.07330016567742599,15.884799999999997,16.05208181818182,3
learned+queue,queue,215,15.945115151515152,0.033298464406997665,15.906672727272728,15.98789090909091,3
learned+queue,queue,216,15.9702696969697,0.13430094373994558,15.823127272727275,16.147845454545457,3
learned+queue,queue,217,15.955178787878788,0.274849262602888,15.60956363636364,16.282018181818184,3
learned+queue,queue,218,15.941239393939396,0.39212592753944314,15.43817272727273,16.39485454545455,3
learned+queue,queue,219,15.907433333333335,0.43295441354222647,15.353000000000002,16.409654545454547,3
learned+queue,queue,220,15.822742424242426,0.4986352212540892,15.17168181818182,16.38289090909091,3
learned+queue,queue,221,15.706415151515154,0.5773099530031912,14.928654545454547,16.310345454545455,3
learned+queue,queue,222,15.669342424242425,0.6456290082755788,14.80521818181818,16.35679090909091,3
learned+queue,queue,223,15.602948484848488,0.7022557581291371,14.665245454545454,16.355136363636365,3
learned+queue,queue,224,15.53939090909091,0.7445658412497321,14.550345454545457,16.346818181818183,3
learned+queue,queue,225,15.512463636363636,0.726851096758823,14.541372727272728,16.28990909090909,3
learned+queue,queue,226,15.479381818181816,0.7489047374935062,14.49239090909091,16.30555454545454,3
learned+queue,queue,227,15.415572727272727,0.7495833025341583,14.425563636363638,16.23879090909091,3
learned+queue,queue,228,15.375966666666665,0.7542596388334626,14.386145454545455,16.215190909090907,3
learned+queue,queue,229,15.345712121212122,0.7258094695814237,14.388818181818182,16.145818181818182,3
learned+queue,queue,230,15.320409090909093,0.7098978378367471,14.367518181818184,16.07059090909091,3
learned+queue,queue,231,15.350815151515155,0.7045619902393216,14.403045454545452,16.090990909090912,3
learned+queue,queue,232,15.408196969696968,0.6772067722342744,14.500181818181817,16.125918181818182,3
learned+queue,queue,233,15.403451515151515,0.695125683953769,14.449763636363635,16.086836363636362,3
learned+queue,queue,234,15.42500303030303,0.699919682929979,14.445890909090906,16.040399999999998,3
learned+queue,queue,235,15.459860606060607,0.7184888901002088,14.445881818181817,16.023636363636363,3
learned+queue,queue,236,15.520484848484848,0.7295966926341331,14.489572727272725,16.073118181818185,3
learned+queue,queue,237,15.582239393939394,0.7659579119529865,14.501872727272728,16.190563636363635,3
learned+queue,queue,238,15.647193939393938,0.7513127467902042,14.603163636363634,16.340109090909092,3
learned+queue,queue,239,15.676648484848487,0.7785773923902682,14.627454545454547,16.4905,3
learned+queue,queue,240,15.728969696969697,0.7904184683886646,14.717763636363635,16.64717272727273,3
learned+queue,queue,241,15.761757575757576,0.8319324020382124,14.75662727272727,16.793900000000004,3
learned+queue,queue,242,15.753903030303034,0.8718397006960779,14.754772727272728,16.879136363636366,3
learned+queue,queue,243,15.71059696969697,0.9234440697089478,14.694072727272728,16.928881818181818,3
learned+queue,queue,244,15.70696060606061,0.9404807882547174,14.75847272727273,16.98869090909091,3
learned+queue,queue,245,15.718593333333331,0.9457366330479575,14.77777,17.012269999999997,3
learned+queue,queue,246,15.729055555555556,0.9561593041419004,14.842044444444443,17.05645555555556,3
learned+queue,queue,247,15.702187499999999,1.0077211477718762,14.8352875,17.1152375,3
learned+queue,queue,248,15.679614285714287,1.000075523746722,14.87047142857143,17.08877142857143,3
learned+queue,queue,249,15.678316666666666,1.0250466268527614,14.853133333333332,17.123083333333334,3
learned+queue,delay,0,0.11630555555555555,0.0007247392038383466,0.11531666666666666,0.11703333333333332,3
learned+queue,delay,1,0.11621428571428571,0.0007208271892310151,0.11521428571428571,0.11688571428571427,3
learned+queue,delay,2,0.11619999999999998,0.0006604922406811389,0.115275,0.11677499999999999,3
learned+queue,delay,3,0.11609259259259258,0.0006154615072780892,0.11522222222222221,0.11653333333333332,3
learned+queue,delay,4,0.11590333333333332,0.0005941006274660585,0.11507999999999999,0.11646000000000001,3
learned+queue,delay,5,0.11588181818181818,0.0006220910264415273,0.11504545454545453,0.11653636363636365,3
learned+queue,delay,6,0.11567272727272726,0.0005033770254511555,0.1149909090909091,0.11619090909090907,3
learned+queue,delay,7,0.11541818181818182,0.0006126760161997798,0.11468181818181819,0.11618181818181816,3
learned+queue,delay,8,0.11522121212121211,0.0005235149971584077,0.11459090909090909,0.11587272727272727,3
learned+queue,delay,9,0.11485151515151515,0.0004759987807779668,0.11422727272727272,0.11538181818181817,3
learned+queue,delay,10,0.1146,0.0004587082113288325,0.11396363636363635,0.11502727272727271,3
learned+queue,delay,11,0.11436969696969697,0.00036335847968178863,0.11386363636363636,0.11470000000000001,3
learned+queue,delay,12,0.11412727272727273,0.00028719216361694456,0.11373636363636362,0.11441818181818184,3
learned+queue,delay,13,0.11379696969696969,0.0003489719915299054,0.11336363636363637,0.11421818181818179,3
learned+queue,delay,14,0.11359090909090908,0.00046038671013074833,0.11301818181818181,0.11414545454545454,3
learned+queue,delay,15,0.11332727272727273,0.0006053480659849551,0.11270000000000001,0.11414545454545454,3
learned+queue,delay,16,0.11290606060606062,0.0006428386313599811,0.11236363636363639,0.11380909090909092,3
learned+queue,delay,17,0.11264242424242425,0.0007224206833347342,0.11197272727272728,0.11364545454545455,3
learned+queue,delay,18,0.11245151515151515,0.0007427272109095835,0.11187272727272726,0.11349999999999999,3
learned+queue,delay,19,0.11215757575757575,0.0007266790506185665,0.11157272727272725,0.11318181818181818,3
learned+queue,delay,20,0.11195757575757576,0.0007251990638971567,0.1114,0.11298181818181817,3
learned+queue,delay,21,0.11169090909090906,0.0006749757673438215,0.1112090909090909,0.11264545454545453,3
learned+queue,delay,22,0.1114090909090909,0.0006019710508035446,0.11089999999999998,0.11225454545454547,3
learned+queue,delay,23,0.11110909090909092,0.0005149553993899768,0.11064545454545455,0.11182727272727275,3
learned+queue,delay,24,0.11088484848484849,0.0005586945297692862,0.11034545454545457,0.11165454545454546,3
learned+queue,delay,25,0.11044545454545455,0.0006755876943686466,0.10960909090909093,0.11126363636363634,3
learned+queue,delay,26,0.11023333333333334,0.0006897251951406063,0.10930000000000001,0.11094545454545454,3
learned+queue,delay,27,0.11005151515151516,0.0007710439180744742,0.109,0.11082727272727273,3
learned+queue,delay,28,0.10975151515151516,0.0008225919303823795,0.10861818181818182,0.11054545454545454,3
learned+queue,delay,29,0.10942121212121213,0.0009854124259514254,0.10807272727272726,0.1104,3
learned+queue,delay,30,0.10924242424242425,0.0011558054049311038,0.1076909090909091,0.11046363636363637,3
learned+queue,delay,31,0.10908181818181818,0.0012115377383556966,0.10743636363636365,0.11031818181818182,3
learned+queue,delay,32,0.10886666666666667,0.0013079610724810475,0.10711818181818183,0.11026363636363636,3
learned+queue,delay,33,0.10859090909090907,0.0014041850081773575,0.10675454545454546,0.11016363636363634,3
learned+queue,delay,34,0.10840303030303029,0.0015115776031422812,0.10647272727272727,0.11016363636363634,3
learned+queue,delay,35,0.10813636363636364,0.0015210008304306674,0.1062090909090909,0.1099272727272727,3
learned+queue,delay,36,0.10793939393939393,0.0014699999687661988,0.10611818181818182,0.10971818181818181,3
learned+queue,delay,37,0.10757878787878788,0.0015217492713360372,0.10572727272727273,0.10945454545454546,3
learned+queue,delay,38,0.10726666666666666,0.0014384781775895283,0.10556363636363636,0.10908181818181818,3
learned+queue,delay,39,0.1069939393939394,0.0013958879661197003,0.1053090909090909,0.10872727272727274,3
learned+queue,delay,40,0.1067090909090909,0.0013228027678132699,0.10513636363636363,0.10837272727272727,3
learned+queue,delay,41,0.10639090909090909,0.0011334386598278211,0.10504545454545454,0.10781818181818181,3
learned+queue,delay,42,0.1059939393939394,0.001135704859550831,0.10467272727272726,0.10744545454545457,3
learned+queue,delay,43,0.10562424242424244,0.0010195427412745242,0.10446363636363637,0.10694545454545454,3
learned+queue,delay,44,0.1054121212121212,0.0008497069121451729,0.10451818181818182,0.10655454545454544,3
learned+queue,delay,45,0.10507878787878787,0.0007027820878434261,0.10442727272727273,0.10605454545454544,3
learned+queue,delay,46,0.10465454545454546,0.0005313323344073671,0.10412727272727272,0.10538181818181819,3
learned+queue,delay,47,0.10427878787878786,0.0004382744359136104,0.10375454545454545,0.10482727272727273,3
learned+queue,delay,48,0.10404242424242423,0.00029451677126830707,0.10366363636363637,0.10438181818181819,3
learned+queue,delay,49,0.10372424242424243,0.0003203246745933689,0.10327272727272728,0.10398181818181818,3
learned+queue,delay,50,0.10333939393939394,0.00033969142806282096,0.10289999999999999,0.10372727272727272,3
learned+queue,delay,51,0.10293030303030304,0.00032544382353536606,0.10262727272727273,0.10338181818181819,3
learned+queue,delay,52,0.10256060606060606,0.00041833550096571036,0.1021909090909091,0.10314545454545455,3
learned+queue,delay,53,0.10228787878787877,0.0004741431786946368,0.10184545454545456,0.10294545454545453,3
learned+queue,delay,54,0.1020060606060606,0.0005471354571293186,0.10149090909090909,0.10276363636363635,3
learned+queue,delay,55,0.10154242424242425,0.0007735408669947121,0.10099090909090909,0.10263636363636364,3
learned+queue,delay,56,0.10118181818181819,0.0009758234496868022,0.10037272727272728,0.10255454545454544,3
learned+queue,delay,57,0.10092727272727271,0.0011040371694944666,0.09991818181818181,0.10246363636363637,3
learned+queue,delay,58,0.1005909090909091,0.0011482889414746447,0.09948181818181819,0.10217272727272729,3
learned+queue,delay,59,0.10021818181818182,0.0012152157468099,0.0988909090909091,0.10182727272727271,3
learned+queue,delay,60,0.09982424242424243,0.0012897206081223952,0.09833636363636365,0.10148181818181819,3
learned+queue,delay,61,0.0995121212121212,0.001369609812190758,0.09794545454545454,0.10128181818181817,3
learned+queue,delay,62,0.09916666666666667,0.001611551505624337,0.09731818181818182,0.10124545454545454,3
learned+queue,delay,63,0.09877272727272728,0.0018255456937282587,0.09661818181818184,0.10108181818181819,3
learned+queue,delay,64,0.09834545454545456,0.002051244331079347,0.0959090909090909,0.10092727272727274,3
learned+queue,delay,65,0.0979969696969697,0.002227010910193978,0.09529090909090909,0.10074545454545453,3
learned+queue,delay,66,0.09764242424242424,0.0022974933440052274,0.09480909090909093,0.10043636363636362,3
learned+queue,delay,67,0.09726060606060605,0.002417843828433928,0.09423636363636363,0.10015454545454544,3
learned+queue,delay,68,0.09693333333333332,0.002519361208701147,0.09376363636363637,0.0999272727272727,3
learned+queue,delay,69,0.09668787878787878,0.002534188633346919,0.0935,0.09969999999999998,3
learned+queue,delay,70,0.09644545454545454,0.0026712529431900185,0.0930909090909091,0.09962727272727272,3
learned+queue,delay,71,0.09622424242424242,0.0026822992206826076,0.09276363636363637,0.09929999999999999,3
learned+queue,delay,72,0.09599999999999999,0.0025716830518180624,0.0926,0.09881818181818182,3
learned+queue,delay,73,0.09583333333333333,0.002360374594790373,0.09261818181818184,0.09821818181818182,3
learned+queue,delay,74,0.0957030303030303,0.0020802804077429747,0.09283636363636365,0.09770909090909091,3
learned+queue,delay,75,0.09561212121212122,0.001953880554043008,0.09288181818181819,0.09734545454545457,3
learned+queue,delay,76,0.09543636363636361,0.001962289100106481,0.09267272727272725,0.09703636363636363,3
learned+queue,delay,77,0.09536969696969698,0.0018820499540088656,0.09270909090909091,0.09676363636363637,3
learned+queue,delay,78,0.09538484848484848,0.0018153665072253432,0.09281818181818181,0.0967181818181818,3
learned+queue,delay,79,0.09521515151515152,0.0017487552965569462,0.09277272727272728,0.09677272727272727,3
learned+queue,delay,80,0.09504545454545454,0.0017479149325897456,0.09266363636363638,0.0968090909090909,3
learned+queue,delay,81,0.09491515151515151,0.0015853380088761782,0.09283636363636365,0.09668181818181817,3
learned+queue,delay,82,0.0946939393939394,0.0014856027768727358,0.09277272727272727,0.0963909090909091,3
learned+queue,delay,83,0.09449090909090908,0.0015366773931012115,0.09253636363636364,0.09629090909090911,3
learned+queue,delay,84,0.09422121212121211,0.0015805347167390197,0.09221818181818181,0.0960818181818182,3
learned+queue,delay,85,0.0938909090909091,0.0015755011446359959,0.0919090909090909,0.09576363636363637,3
learned+queue,delay,86,0.09355454545454545,0.0015561306820844208,0.09169090909090909,0.0955,3
learned+queue,delay,87,0.09320303030303029,0.0014318366200512303,0.09151818181818182,0.09501818181818181,3
learned+queue,delay,88,0.09289393939393938,0.0013987860406479197,0.09138181818181818,0.09475454545454545,3
learned+queue,delay,89,0.09251515151515151,0.0012510344663502783,0.09129999999999999,0.09423636363636363,3
learned+queue,delay,90,0.09228484848484848,0.0011432478343088798,0.09122727272727273,0.09387272727272725,3
learned+queue,delay,91,0.09209696969696969,0.0011388538371725192,0.0911,0.09369090909090906,3
learned+queue,delay,92,0.09188484848484847,0.0012084261862300692,0.09094545454545454,0.09359090909090907,3
learned+queue,delay,93,0.09176969696969696,0.0012259888533356338,0.09080909090909091,0.0935,3
learned+queue,delay,94,0.09164545454545454,0.0011964824478168873,0.09074545454545455,0.09333636363636363,3
learned+queue,delay,95,0.09156969696969697,0.0010375148665225417,0.09079999999999999,0.09303636363636364,3
learned+queue,delay,96,0.09164848484848485,0.001195430540911966,0.09063636363636364,0.09332727272727272,3
learned+queue,delay,97,0.09166363636363635,0.0013174606177563178,0.09047272727272726,0.0935,3
learned+queue,delay,98,0.09178181818181817,0.0013904237616333406,0.0906181818181818,0.09373636363636363,3
learned+queue,delay,99,0.09185454545454545,0.0013624439230758064,0.09062727272727272,0.09375454545454547,3
learned+queue,delay,100,0.0918969696969697,0.0014172750273725855,0.09054545454545454,0.09385454545454545,3
learned+queue,delay,101,0.0918878787878788,0.0014156218801719912,0.09041818181818181,0.09380000000000001,3
learned+queue,delay,102,0.0918939393939394,0.0013139290506134357,0.09046363636363636,0.09363636363636364,3
learned+queue,delay,103,0.0919151515151515,0.001255672162767392,0.09041818181818181,0.09349090909090908,3
learned+queue,delay,104,0.09198484848484849,0.0011537060497455438,0.09063636363636364,0.09345454545454546,3
learned+queue,delay,105,0.09197878787878788,0.0010321907839681253,0.09073636363636363,0.09326363636363637,3
learned+queue,delay,106,0.09206363636363636,0.0010412167072252297,0.09087272727272727,0.0934090909090909,3
learned+queue,delay,107,0.09206363636363636,0.0008930401229267415,0.09101818181818183,0.09319999999999999,3
learned+queue,delay,108,0.09200606060606059,0.0007761717644291986,0.09103636363636364,0.09293636363636361,3
learned+queue,delay,109,0.09186666666666667,0.0007517594910708209,0.09090909090909091,0.09274545454545455,3
learned+queue,delay,110,0.09165454545454547,0.0007228654337161905,0.09072727272727274,0.09249090909090908,3
learned+queue,delay,111,0.09154545454545455,0.0006964293030198296,0.09073636363636363,0.09243636363636364,3
learned+queue,delay,112,0.09146666666666668,0.0006945808865043338,0.0907,0.09238181818181818,3
learned+queue,delay,113,0.09127575757575757,0.0007414279028805637,0.09044545454545455,0.09224545454545453,3
learned+queue,delay,114,0.09121818181818182,0.0007182393532765044,0.0904090909090909,0.09215454545454546,3
learned+queue,delay,115,0.09113636363636364,0.0007581331282963342,0.09033636363636365,0.09215454545454546,3
learned+queue,delay,116,0.0911060606060606,0.0007926081830665692,0.09038181818181819,0.09220909090909091,3
learned+queue,delay,117,0.09101818181818183,0.000828852969578478,0.09015454545454546,0.09213636363636364,3
learned+queue,delay,118,0.09095151515151516,0.0008739364518926649,0.09005454545454546,0.09213636363636364,3
learned+queue,delay,119,0.09102121212121211,0.0009278172297138648,0.09012727272727272,0.09230000000000001,3
learned+queue,delay,120,0.0910939393939394,0.0008565525537400832,0.09023636363636363,0.09226363636363638,3
learned+queue,delay,121,0.0912090909090909,0.0008122003579706364,0.09045454545454544,0.09233636363636366,3
learned+queue,delay,122,0.0911939393939394,0.000662091740554851,0.09053636363636362,0.09210000000000003,3
learned+queue,delay,123,0.09126969696969696,0.0005645317098474935,0.09079999999999999,0.09206363636363638,3
learned+queue,delay,124,0.09134848484848485,0.00047356181192675006,0.0910090909090909,0.09201818181818183,3
learned+queue,delay,125,0.09142727272727273,0.0004771356224427843,0.09104545454545455,0.09210000000000002,3
learned+queue,delay,126,0.09130909090909091,0.0004461651721969657,0.09093636363636363,0.09193636363636365,3
learned+queue,delay,127,0.09132424242424242,0.0005271856424079346,0.09079999999999999,0.09204545454545454,3
learned+queue,delay,128,0.09127878787878789,0.0005449661112790412,0.09074545454545456,0.09202727272727272,3
learned+queue,delay,129,0.09103939393939396,0.0005610072274708746,0.09046363636363638,0.0918,3
learned+queue,delay,130,0.09091212121212122,0.000512775268188464,0.09033636363636365,0.0915818181818182,3
learned+queue,delay,131,0.09083030303030304,0.00046864985921451,0.09030909090909092,0.09144545454545455,3
learned+queue,delay,132,0.09064848484848485,0.0005632615241042737,0.09002727272727273,0.09139090909090909,3
learned+queue,delay,133,0.09057575757575759,0.0007545758786613066,0.08971818181818182,0.09155454545454546,3
learned+queue,delay,134,0.09038484848484847,0.0008592819519290082,0.08940909090909091,0.0915,3
learned+queue,delay,135,0.09023939393939394,0.001009741350110537,0.08909999999999998,0.09155454545454544,3
learned+queue,delay,136,0.08999090909090908,0.0010652538853345652,0.08880909090909091,0.09139090909090909,3
learned+queue,delay,137,0.09000000000000001,0.0009840882846910155,0.08893636363636365,0.09130909090909091,3
learned+queue,delay,138,0.08982727272727276,0.0009440840883312316,0.08870909090909093,0.09101818181818183,3
learned+queue,delay,139,0.08968484848484848,0.0009392668535736844,0.08851818181818183,0.09081818181818181,3
learned+queue,delay,140,0.08963333333333334,0.0008023839594392843,0.08862727272727274,0.09059090909090908,3
learned+queue,delay,141,0.08955151515151516,0.0008705254210668409,0.08844545454545455,0.09057272727272728,3
learned+queue,delay,142,0.0893939393939394,0.0008686246160451782,0.08831818181818182,0.09044545454545455,3
learned+queue,delay,143,0.08938181818181819,0.0007201163052680748,0.0884909090909091,0.09025454545454546,3
learned+queue,delay,144,0.08928787878787879,0.0005816445447970849,0.0886181818181818,0.09003636363636365,3
learned+queue,delay,145,0.08937272727272728,0.0005491290374078912,0.08883636363636364,0.09012727272727274,3
learned+queue,delay,146,0.08941515151515152,0.0004469260379293802,0.08897272727272726,0.09002727272727273,3
learned+queue,delay,147,0.0893848484848485,0.0004029049702593503,0.0890909090909091,0.08995454545454545,3
learned+queue,delay,148,0.08937575757575757,0.00042292001688206153,0.08904545454545454,0.08997272727272727,3
learned+queue,delay,149,0.08936666666666665,0.0005046523683248132,0.08883636363636362,0.09004545454545455,3
learned+queue,delay,150,0.08941212121212122,0.0006063181271065891,0.0887,0.0901818181818182,3
learned+queue,delay,151,0.08942727272727273,0.00064926319757439,0.0887090909090909,0.09028181818181819,3
learned+queue,delay,152,0.0892969696969697,0.0006130056616626694,0.08852727272727273,0.09002727272727273,3
learned+queue,delay,153,0.0892090909090909,0.0005978381623144884,0.08846363636363636,0.08992727272727273,3
learned+queue,delay,154,0.0892,0.0006198284664515659,0.08843636363636363,0.08995454545454547,3
learned+queue,delay,155,0.08917575757575757,0.0006625076883314295,0.08847272727272727,0.09006363636363636,3
learned+queue,delay,156,0.08916666666666666,0.0005654093976584754,0.08865454545454544,0.08995454545454545,3
learned+queue,delay,157,0.08909696969696969,0.0005738245061166504,0.08855454545454546,0.08989090909090909,3
learned+queue,delay,158,0.08897272727272727,0.0005530282274763879,0.08848181818181818,0.08974545454545454,3
learned+queue,delay,159,0.08886060606060607,0.0007144449514227161,0.08817272727272728,0.08984545454545455,3
learned+queue,delay,160,0.08893939393939394,0.0008317505630185792,0.08810000000000001,0.09007272727272728,3
learned+queue,delay,161,0.08885454545454546,0.0009055689352107479,0.08783636363636364,0.09003636363636364,3
learned+queue,delay,162,0.08892424242424245,0.0010127651734742765,0.08774545454545456,0.09021818181818182,3
learned+queue,delay,163,0.08893030303030303,0.0011178573890852147,0.0875909090909091,0.09032727272727273,3
learned+queue,delay,164,0.08891818181818183,0.0012889229278935173,0.08745454545454545,0.0905909090909091,3
learned+queue,delay,165,0.08882727272727271,0.001307343109328861,0.08740909090909091,0.09056363636363637,3
learned+queue,delay,166,0.08874848484848485,0.001352119718022073,0.08723636363636364,0.09051818181818182,3
learned+queue,delay,167,0.08852424242424244,0.0014441357302366674,0.08696363636363637,0.09044545454545455,3
learned+queue,delay,168,0.08853030303030303,0.0016837962705221865,0.08663636363636364,0.09072727272727273,3
learned+queue,delay,169,0.08860606060606059,0.0018611488695921736,0.08654545454545454,0.09105454545454546,3
learned+queue,delay,170,0.08853939393939393,0.0019334140763988528,0.08644545454545455,0.09110909090909089,3
learned+queue,delay,171,0.08843939393939393,0.0018724673743358562,0.08644545454545455,0.09094545454545452,3
learned+queue,delay,172,0.08843030303030304,0.0017696606471988537,0.08665454545454546,0.09084545454545455,3
learned+queue,delay,173,0.08837272727272727,0.0017962464690043124,0.08655454545454545,0.09081818181818181,3
learned+queue,delay,174,0.08836363636363635,0.0018634515799004808,0.0865,0.0909090909090909,3
learned+queue,delay,175,0.08831212121212122,0.0017550922893071184,0.08650909090909091,0.09069090909090909,3
learned+queue,delay,176,0.08827575757575756,0.0018468994691697434,0.08636363636363635,0.09077272727272727,3
learned+queue,delay,177,0.0882090909090909,0.0018902679565761056,0.08619090909090908,0.09073636363636363,3
learned+queue,delay,178,0.0882181818181818,0.0019617415100023064,0.08606363636363636,0.09080909090909091,3
learned+queue,delay,179,0.08824242424242423,0.0019105381719609095,0.0861909090909091,0.09079090909090909,3
learned+queue,delay,180,0.0882030303030303,0.0018318025164129515,0.08629090909090908,0.09067272727272727,3
learned+queue,delay,181,0.08817272727272728,0.00171846237888946,0.08638181818181817,0.0904909090909091,3
learned+queue,delay,182,0.08810606060606059,0.0018664846428371041,0.08623636363636364,0.09065454545454546,3
learned+queue,delay,183,0.08803939393939393,0.0019331148351879894,0.08622727272727272,0.09071818181818182,3
learned+queue,delay,184,0.08797878787878786,0.001971272097473438,0.08624545454545453,0.09073636363636363,3
learned+queue,delay,185,0.08784545454545455,0.0018937187750291992,0.08627272727272728,0.09050909090909091,3
learned+queue,delay,186,0.08781515151515151,0.001965225694261291,0.08613636363636364,0.09057272727272728,3
learned+queue,delay,187,0.08777272727272727,0.0019274871235809266,0.08623636363636362,0.0904909090909091,3
learned+queue,delay,188,0.08775454545454546,0.002012207920731219,0.08629999999999999,0.0906,3
learned+queue,delay,189,0.08771515151515151,0.001994901674404477,0.0863,0.09053636363636364,3
learned+queue,delay,190,0.08755757575757576,0.0020238567950587286,0.08591818181818182,0.0904090909090909,3
learned+queue,delay,191,0.08746363636363637,0.0019584246212824103,0.08583636363636364,0.09021818181818181,3
learned+queue,delay,192,0.08742424242424242,0.002001230108393362,0.08563636363636364,0.09021818181818181,3
learned+queue,delay,193,0.0873969696969697,0.0017928129141344393,0.08571818181818182,0.08988181818181817,3
learned+queue,delay,194,0.0874030303030303,0.001775131754444781,0.0857090909090909,0.08985454545454545,3
learned+queue,delay,195,0.08736969696969694,0.0018085553239984913,0.08552727272727272,0.08982727272727273,3
learned+queue,delay,196,0.08753333333333331,0.0018662484773596037,0.0856181818181818,0.09006363636363636,3
learned+queue,delay,197,0.08763030303030302,0.00198246213243022,0.08546363636363635,0.09025454545454546,3
learned+queue,delay,198,0.08754545454545455,0.0020318130974107665,0.08532727272727272,0.09023636363636364,3
learned+queue,delay,199,0.08759696969696969,0.0019658283687520282,0.08541818181818182,0.09018181818181818,3
learned+queue,delay,200,0.08768484848484848,0.0019742464941003225,0.08535454545454545,0.09018181818181818,3
learned+queue,delay,201,0.08776666666666667,0.0019090235678358772,0.08548181818181817,0.09015454545454546,3
learned+queue,delay,202,0.08780606060606061,0.0019276490960880863,0.0855,0.09021818181818182,3
learned+queue,delay,203,0.08783030303030304,0.0018782550564108635,0.08555454545454545,0.09015454545454546,3
learned+queue,delay,204,0.08793636363636365,0.001975483342187853,0.08556363636363637,0.0904,3
learned+queue,delay,205,0.08792121212121212,0.0020044211922363455,0.08549090909090908,0.09040000000000001,3
learned+queue,delay,206,0.08808484848484849,0.0019180501654279683,0.08566363636363637,0.09035454545454547,3
learned+queue,delay,207,0.08813636363636364,0.001922650259937714,0.08570000000000001,0.09040000000000001,3
learned+queue,delay,208,0.08823030303030303,0.0016933890795795671,0.08607272727272726,0.09020909090909092,3
learned+queue,delay,209,0.08849090909090908,0.0015073008733710166,0.08654545454545454,0.09021818181818182,3
learned+queue,delay,210,0.08867575757575757,0.0014575411071292522,0.08678181818181817,0.09032727272727274,3
learned+queue,delay,211,0.08874545454545456,0.0013289114002227001,0.08710000000000001,0.09035454545454545,3
learned+queue,delay,212,0.08884545454545455,0.001233240261546682,0.08737272727272727,0.09039090909090909,3
learned+queue,delay,213,0.08892727272727273,0.0012080309776554702,0.08753636363636362,0.09048181818181819,3
learned+queue,delay,214,0.08894545454545455,0.0010840186431666176,0.08789090909090909,0.09043636363636365,3
learned+queue,delay,215,0.08893636363636365,0.0011165916261123131,0.08796363636363637,0.09050000000000001,3
learned+queue,delay,216,0.08902727272727273,0.001055824720405989,0.08812727272727273,0.09050909090909091,3
learned+queue,delay,217,0.08893333333333335,0.0011776694858127695,0.08757272727272727,0.09044545454545455,3
learned+queue,delay,218,0.08891212121212122,0.001182198850891279,0.08741818181818183,0.09030909090909091,3
learned+queue,delay,219,0.08886060606060604,0.001253190602036318,0.08724545454545453,0.09029999999999999,3
learned+queue,delay,220,0.08873333333333333,0.001303446022479256,0.08702727272727272,0.09019090909090909,3
learned+queue,delay,221,0.0885909090909091,0.0014456737017012737,0.08665454545454544,0.09012727272727274,3
learned+queue,delay,222,0.08862424242424242,0.001401501228432078,0.08673636363636363,0.0900909090909091,3
learned+queue,delay,223,0.08853939393939393,0.0014126608410989178,0.08666363636363635,0.09007272727272726,3
learned+queue,delay,224,0.08847878787878788,0.0015202278597757019,0.08645454545454544,0.0901181818181818,3
learned+queue,delay,225,0.08852727272727272,0.0015473962846368696,0.0865,0.09025454545454545,3
learned+queue,delay,226,0.08843333333333332,0.0015177613885886537,0.08639999999999999,0.09004545454545455,3
learned+queue,delay,227,0.08829393939393938,0.0015131441247721368,0.08629999999999999,0.08996363636363637,3
learned+queue,delay,228,0.08830303030303031,0.0015467968027326594,0.08634545454545456,0.09012727272727274,3
learned+queue,delay,229,0.08817878787878787,0.0015032807709196316,0.08635454545454545,0.09003636363636364,3
learned+queue,delay,230,0.08812727272727273,0.0015706502311973586,0.08635454545454548,0.09017272727272728,3
learned+queue,delay,231,0.08813939393939392,0.001660633709126163,0.0862909090909091,0.09031818181818181,3
learned+queue,delay,232,0.08813939393939395,0.0014986005102894538,0.08650909090909092,0.09012727272727271,3
learned+queue,delay,233,0.08804545454545454,0.0015890118557411504,0.08635454545454546,0.09017272727272727,3
learned+queue,delay,234,0.08793939393939394,0.0016127989006220053,0.08624545454545456,0.0901090909090909,3
learned+queue,delay,235,0.08787272727272727,0.0015708782264083588,0.08625454545454546,0.09000000000000001,3
learned+queue,delay,236,0.08784242424242424,0.0015540994102833869,0.0863090909090909,0.08997272727272727,3
learned+queue,delay,237,0.08781818181818181,0.001583384804151075,0.08629090909090908,0.09,3
learned+queue,delay,238,0.08786363636363637,0.0016641247834119478,0.08628181818181818,0.09016363636363638,3
learned+queue,delay,239,0.0877060606060606,0.0016147449599187823,0.08613636363636364,0.08992727272727273,3
learned+queue,delay,240,0.08777575757575758,0.0017951930508975367,0.08595454545454545,0.09021818181818181,3
learned+queue,delay,241,0.08764545454545454,0.0017907168024751002,0.08574545454545456,0.09004545454545454,3
learned+queue,delay,242,0.08749999999999998,0.001921790372781232,0.08553636363636363,0.09010909090909092,3
learned+queue,delay,243,0.0873848484848485,0.002040827538808421,0.08525454545454546,0.09013636363636363,3
learned+queue,delay,244,0.0872090909090909,0.002170513643491801,0.08494545454545453,0.09013636363636364,3
learned+queue,delay,245,0.08723666666666667,0.0022298928723645446,0.08484,0.09020999999999998,3
learned+queue,delay,246,0.08724074074074073,0.0022667816480156414,0.08481111111111111,0.09026666666666666,3
learned+queue,delay,247,0.08712916666666666,0.002354126105845278,0.0846125,0.09027500000000001,3
learned+queue,delay,248,0.08704761904761905,0.002377368731637522,0.08451428571428572,0.09022857142857144,3
learned+queue,delay,249,0.08691666666666666,0.002347851657879483,0.08436666666666666,0.09003333333333334,3
learned+queue,throughput,0,7674.333333333333,39.80252178871032,7621.833333333333,7718.166666666667,3
learned+queue,throughput,1,7688.809523809524,38.67118200236845,7641.857142857143,7736.571428571428,3
learned+queue,throughput,2,7703.958333333333,32.744804507314164,7665.625,7745.625,3
learned+queue,throughput,3,7719.851851851851,48.00868691397845,7676.0,7786.666666666667,3
learned+queue,throughput,4,7733.166666666667,56.00442442839269,7678.1,7810.0,3
learned+queue,throughput,5,7753.090909090909,65.3993454108321,7688.272727272727,7842.636363636364,3
learned+queue,throughput,6,7791.303030303029,83.02332419244158,7718.363636363636,7907.454545454545,3
learned+queue,throughput,7,7833.454545454545,95.11680509547342,7750.0,7966.545454545455,3
learned+queue,throughput,8,7863.181818181819,96.65687230708083,7783.272727272727,7999.181818181818,3
learned+queue,throughput,9,7895.969696969696,114.3313374762546,7806.818181818182,8057.363636363636,3
learned+queue,throughput,10,7938.848484848485,129.49891419890778,7837.636363636364,8121.636363636364,3
learned+queue,throughput,11,7979.39393939394,141.89012031942434,7865.909090909091,8179.454545454545,3
learned+queue,throughput,12,8020.575757575757,150.6020303100762,7888.272727272727,8231.272727272728,3
learned+queue,throughput,13,8058.818181818181,157.47293265163458,7917.545454545455,8278.545454545454,3
learned+queue,throughput,14,8103.303030303029,144.12011621266961,7966.818181818182,8302.636363636364,3
learned+queue,throughput,15,8153.333333333333,142.63328952272457,8021.818181818182,8351.545454545454,3
learned+queue,throughput,16,8188.848484848485,134.18843568582605,8073.909090909091,8377.09090909091,3
learned+queue,throughput,17,8220.939393939394,121.27609675327504,8116.090909090909,8390.90909090909,3
learned+queue,throughput,18,8262.818181818182,118.06773048007722,8156.818181818182,8427.545454545454,3
learned+queue,throughput,19,8309.121212121214,125.28588428364371,8201.454545454546,8484.818181818182,3
learned+queue,throughput,20,8357.484848484848,116.61188796627694,8264.272727272728,8521.90909090909,3
learned+queue,throughput,21,8379.969696969696,110.56900998371489,8297.90909090909,8536.272727272728,3
learned+queue,throughput,22,8403.636363636364,108.9825471912203,8299.454545454546,8554.09090909091,3
learned+queue,throughput,23,8430.848484848486,118.79886312850124,8294.454545454546,8584.0,3
learned+queue,throughput,24,8457.363636363636,128.5561480272032,8306.818181818182,8620.90909090909,3
learned+queue,throughput,25,8482.939393939394,141.35063436910107,8313.636363636364,8659.636363636364,3
learned+queue,throughput,26,8505.69696969697,146.94134684391872,8320.181818181818,8679.545454545454,3
learned+queue,throughput,27,8530.181818181818,152.97485344043986,8331.727272727272,8704.0,3
learned+queue,throughput,28,8555.848484848486,166.75232509533853,8336.09090909091,8739.818181818182,3
learned+queue,throughput,29,8578.454545454544,171.7260134384423,8351.363636363636,8766.545454545454,3
learned+queue,throughput,30,8602.666666666666,157.90573840814722,8390.0,8768.0,3
learned+queue,throughput,31,8620.606060606062,154.43961319249917,8411.363636363636,8779.454545454546,3
learned+queue,throughput,32,8654.333333333334,148.2396677064754,8451.272727272728,8801.0,3
learned+queue,throughput,33,8680.333333333334,144.5097408392558,8488.545454545454,8837.363636363636,3
learned+queue,throughput,34,8716.21212121212,135.80313764664663,8542.90909090909,8874.545454545454,3
learned+queue,throughput,35,8750.030303030304,136.53325477787018,8575.90909090909,8909.363636363636,3
learned+queue,throughput,36,8776.69696969697,137.65532340756928,8610.454545454546,8947.545454545454,3
learned+queue,throughput,37,8800.333333333334,137.52443976805367,8644.181818181818,8978.818181818182,3
learned+queue,throughput,38,8834.454545454546,142.10578839870925,8690.818181818182,9028.0,3
learned+queue,throughput,39,8862.151515151514,154.54235885194205,8716.818181818182,9076.181818181818,3
learned+queue,throughput,40,8887.878787878788,166.1686940864576,8731.90909090909,9118.09090909091,3
learned+queue,throughput,41,8910.030303030304,192.89192985292956,8740.181818181818,9179.818181818182,3
learned+queue,throughput,42,8940.393939393938,200.58625279852544,8768.818181818182,9221.818181818182,3
learned+queue,throughput,43,8970.818181818182,208.26449330971778,8797.636363636364,9263.727272727272,3
learned+queue,throughput,44,8997.060606060606,200.6195958081419,8826.727272727272,9278.727272727272,3
learned+queue,throughput,45,9025.787878787878,206.19838976391253,8846.181818181818,9314.545454545454,3
learned+queue,throughput,46,9043.0,214.90883453812307,8855.545454545454,9343.90909090909,3
learned+queue,throughput,47,9054.30303030303,216.15694651805023,8855.90909090909,9354.90909090909,3
learned+queue,throughput,48,9075.939393939394,221.85300687050415,8873.818181818182,9384.818181818182,3
learned+queue,throughput,49,9104.848484848486,221.35532102275565,8899.636363636364,9412.181818181818,3
learned+queue,throughput,50,9123.30303030303,215.26459256402114,8919.636363636364,9421.09090909091,3
learned+queue,throughput,51,9142.60606060606,214.79300476132516,8944.90909090909,9441.181818181818,3
learned+queue,throughput,52,9165.878787878788,205.64937575493144,8963.636363636364,9448.0,3
learned+queue,throughput,53,9176.636363636366,199.10913158615247,8989.636363636364,9452.454545454546,3
learned+queue,throughput,54,9190.575757575758,194.25763661888973,9007.0,9459.363636363636,3
learned+queue,throughput,55,9208.30303030303,197.82087416468488,9020.0,9481.636363636364,3
learned+queue,throughput,56,9212.39393939394,189.0856982576501,9025.454545454546,9471.454545454546,3
learned+queue,throughput,57,9235.878787878786,163.13014854010854,9073.272727272728,9458.90909090909,3
learned+queue,throughput,58,9256.848484848482,154.99347419539586,9105.727272727272,9469.90909090909,3
learned+queue,throughput,59,9275.606060606062,139.1134727852646,9139.90909090909,9466.818181818182,3
learned+queue,throughput,60,9277.818181818182,135.44093891392072,9139.727272727272,9461.818181818182,3
learned+queue,throughput,61,9289.424242424242,128.28217290853078,9141.90909090909,9454.636363636364,3
learned+queue,throughput,62,9287.12121212121,125.70344946916943,9133.272727272728,9441.181818181818,3
learned+queue,throughput,63,9289.818181818182,124.0794866537755,9131.454545454546,9434.454545454546,3
learned+queue,throughput,64,9295.969696969696,140.91148254731468,9107.636363636364,9446.545454545454,3
learned+queue,throughput,65,9306.242424242424,137.63146649414782,9122.363636363636,9453.454545454546,3
learned+queue,throughput,66,9301.878787878786,133.02540889734126,9123.363636363636,9442.545454545454,3
learned+queue,throughput,67,9309.727272727272,119.70984203895584,9147.90909090909,9433.727272727272,3
learned+queue,throughput,68,9320.363636363638,128.59914870181635,9153.09090909091,9465.818181818182,3
learned+queue,throughput,69,9324.303030303032,130.71377123630515,9159.09090909091,9478.727272727272,3
learned+queue,throughput,70,9329.575757575758,138.3698149644516,9149.363636363636,9485.727272727272,3
learned+queue,throughput,71,9333.515151515152,129.93879324827233,9170.636363636364,9488.636363636364,3
learned+queue,throughput,72,9340.0,116.81059991902961,9210.0,9493.272727272728,3
learned+queue,throughput,73,9337.878787878788,102.24775003642623,9228.454545454546,9474.454545454546,3
learned+queue,throughput,74,9334.818181818182,88.91302587809541,9247.181818181818,9456.727272727272,3
learned+queue,throughput,75,9324.78787878788,74.33660075092833,9263.181818181818,9429.363636363636,3
learned+queue,throughput,76,9312.242424242424,81.73603058658644,9240.181818181818,9426.545454545454,3
learned+queue,throughput,77,9322.181818181818,71.3987753674177,9258.181818181818,9421.818181818182,3
learned+queue,throughput,78,9311.121212121212,84.38989707962226,9230.181818181818,9427.545454545454,3
learned+queue,throughput,79,9290.515151515152,80.9836678202905,9200.454545454546,9396.818181818182,3
learned+queue,throughput,80,9292.030303030302,74.71087829205216,9202.272727272728,9385.181818181818,3
learned+queue,throughput,81,9288.060606060606,72.79577581867804,9206.545454545454,9383.272727272728,3
learned+queue,throughput,82,9281.969696969696,70.38349627072485,9187.545454545454,9356.454545454546,3
learned+queue,throughput,83,9279.939393939394,73.89745457368674,9177.272727272728,9348.181818181818,3
learned+queue,throughput,84,9296.181818181818,80.91893028356799,9184.636363636364,9374.09090909091,3
learned+queue,throughput,85,9308.727272727272,85.85852287579401,9193.181818181818,9398.818181818182,3
learned+queue,throughput,86,9322.484848484848,91.9423203225767,9197.0,9414.727272727272,3
learned+queue,throughput,87,9338.51515151515,84.46240082635465,9224.90909090909,9427.272727272728,3
learned+queue,throughput,88,9346.727272727272,95.63264769828932,9220.0,9451.0,3
learned+queue,throughput,89,9369.090909090908,80.6043631628062,9260.727272727272,9453.90909090909,3
learned+queue,throughput,90,9395.303030303032,74.4702256524286,9299.181818181818,9480.636363636364,3
learned+queue,throughput,91,9413.212121212122,61.915535344436215,9335.727272727272,9487.272727272728,3
learned+queue,throughput,92,9418.757575757576,59.54058889828399,9341.363636363636,9486.181818181818,3
learned+queue,throughput,93,9433.272727272728,57.71646283899145,9369.181818181818,9509.09090909091,3
learned+queue,throughput,94,9446.545454545456,60.55942144844856,9388.454545454546,9530.09090909091,3
learned+queue,throughput,95,9457.69696969697,53.92303122602028,9400.363636363636,9529.90909090909,3
learned+queue,throughput,96,9457.969696969696,49.73208293910305,9397.09090909091,9518.90909090909,3
learned+queue,throughput,97,9458.30303030303,51.07210553001613,9398.727272727272,9523.454545454546,3
learned+queue,throughput,98,9449.727272727272,47.842775102167494,9391.545454545454,9508.727272727272,3
learned+queue,throughput,99,9441.69696969697,46.39098025121366,9382.181818181818,9495.363636363636,3
learned+queue,throughput,100,9420.848484848486,52.10512436706852,9355.727272727272,9483.272727272728,3
learned+queue,throughput,101,9404.424242424242,52.86410319673674,9343.818181818182,9472.636363636364,3
learned+queue,throughput,102,9383.606060606062,67.44434838115282,9309.454545454546,9472.636363636364,3
learned+queue,throughput,103,9368.454545454546,76.65844967344442,9284.636363636364,9469.90909090909,3
learned+queue,throughput,104,9347.848484848486,81.175941737611,9263.272727272728,9457.363636363636,3
learned+queue,throughput,105,9336.939393939394,92.86936034016198,9242.90909090909,9463.363636363636,3
learned+queue,throughput,106,9321.121212121214,107.55346760110089,9222.545454545454,9470.727272727272,3
learned+queue,throughput,107,9312.545454545454,119.42633770546999,9206.272727272728,9479.363636363636,3
learned+queue,throughput,108,9303.818181818182,118.0750800038111,9211.181818181818,9470.454545454546,3
learned+queue,throughput,109,9295.636363636362,122.46686176841838,9203.90909090909,9468.727272727272,3
learned+queue,throughput,110,9295.121212121214,123.41679106137089,9193.454545454546,9468.818181818182,3
learned+queue,throughput,111,9299.363636363638,140.0465093938024,9174.818181818182,9495.0,3
learned+queue,throughput,112,9299.424242424242,150.0722017843177,9165.636363636364,9509.0,3
learned+queue,throughput,113,9298.818181818182,137.65043361093407,9166.818181818182,9488.727272727272,3
learned+queue,throughput,114,9297.90909090909,142.33582684379192,9148.545454545454,9489.454545454546,3
learned+queue,throughput,115,9295.969696969698,153.58678298659908,9131.363636363636,9501.0,3
learned+queue,throughput,116,9284.969696969698,145.88799683891497,9124.09090909091,9477.272727272728,3
learned+queue,throughput,117,9279.242424242424,143.17311822214023,9119.727272727272,9467.0,3
learned+queue,throughput,118,9275.87878787879,143.74499791672372,9105.818181818182,9457.363636363636,3
learned+queue,throughput,119,9285.848484848486,135.56628162113304,9134.818181818182,9463.636363636364,3
learned+queue,throughput,120,9293.818181818182,135.35642164870725,9144.454545454546,9472.181818181818,3
learned+queue,throughput,121,9291.39393939394,125.75480829375508,9163.272727272728,9462.272727272728,3
learned+queue,throughput,122,9289.818181818182,117.69980959654694,9182.363636363636,9453.636363636364,3
learned+queue,throughput,123,9293.333333333334,101.23072773990721,9218.818181818182,9436.454545454546,3
learned+queue,throughput,124,9297.393939393938,104.45641355328557,9211.0,9444.363636363636,3
learned+queue,throughput,125,9304.484848484848,99.63750644482086,9219.818181818182,9444.363636363636,3
learned+queue,throughput,126,9314.969696969696,80.57302809148409,9238.181818181818,9426.272727272728,3
learned+queue,throughput,127,9321.151515151514,81.48194659966883,9236.90909090909,9431.363636363636,3
learned+queue,throughput,128,9335.666666666666,62.68177240129884,9265.454545454546,9417.636363636364,3
learned+queue,throughput,129,9349.09090909091,58.18484840593876,9272.727272727272,9413.818181818182,3
learned+queue,throughput,130,9358.69696969697,56.36096442021249,9284.818181818182,9421.545454545454,3
learned+queue,throughput,131,9364.51515151515,51.98200225376454,9292.90909090909,9414.727272727272,3
learned+queue,throughput,132,9378.666666666668,45.41582188917861,9317.09090909091,9425.272727272728,3
learned+queue,throughput,133,9395.363636363638,29.424507691592144,9353.818181818182,9418.181818181818,3
learned+queue,throughput,134,9404.757575757576,28.627207129973836,9364.272727272728,9425.09090909091,3
learned+queue,throughput,135,9431.636363636362,24.621878778853244,9398.181818181818,9456.727272727272,3
learned+queue,throughput,136,9456.727272727272,33.507204932210634,9418.90909090909,9500.363636363636,3
learned+queue,throughput,137,9470.333333333334,46.90464703717809,9415.636363636364,9530.181818181818,3
learned+queue,throughput,138,9493.181818181818,41.02596100743988,9454.272727272728,9549.90909090909,3
learned+queue,throughput,139,9497.484848484848,34.88748805479087,9465.454545454546,9546.0,3
learned+queue,throughput,140,9514.757575757576,24.161341676086405,9493.454545454546,9548.545454545454,3
learned+queue,throughput,141,9512.363636363636,32.143274298749226,9486.181818181818,9557.636363636364,3
learned+queue,throughput,142,9521.333333333334,36.62822928971478,9493.636363636364,9573.09090909091,3
learned+queue,throughput,143,9522.090909090908,34.577576772050286,9492.727272727272,9570.636363636364,3
learned+queue,throughput,144,9516.393939393938,23.572095999836904,9492.454545454546,9548.454545454546,3
learned+queue,throughput,145,9512.727272727272,13.523370241907827,9500.363636363636,9531.545454545454,3
learned+queue,throughput,146,9498.121212121212,22.326445218765024,9478.545454545454,9529.363636363636,3
learned+queue,throughput,147,9488.575757575758,27.308898572269108,9457.818181818182,9524.181818181818,3
learned+queue,throughput,148,9488.181818181818,17.062355257763773,9466.636363636364,9508.363636363636,3
learned+queue,throughput,149,9483.09090909091,20.9205502195236,9453.727272727272,9500.90909090909,3
learned+queue,throughput,150,9489.69696969697,26.932967839758792,9451.636363636364,9510.0,3
learned+queue,throughput,151,9478.272727272728,29.397250672595746,9436.818181818182,9501.727272727272,3
learned+queue,throughput,152,9474.393939393938,25.12912475450515,9443.90909090909,9505.454545454546,3
learned+queue,throughput,153,9470.272727272728,21.60616685765842,9443.454545454546,9496.363636363636,3
learned+queue,throughput,154,9467.545454545456,8.610327580692722,9457.0,9478.09090909091,3
learned+queue,throughput,155,9464.454545454544,6.871909523259528,9454.818181818182,9470.363636363636,3
learned+queue,throughput,156,9449.484848484848,5.9863634446205936,9444.545454545454,9457.90909090909,3
learned+queue,throughput,157,9444.575757575758,4.035881307063242,9440.0,9449.818181818182,3
learned+queue,throughput,158,9434.575757575758,8.705254210668693,9424.363636363636,9445.636363636364,3
learned+queue,throughput,159,9425.09090909091,18.419506967196522,9404.181818181818,9449.0,3
learned+queue,throughput,160,9404.939393939394,20.916248226033854,9383.636363636364,9433.363636363636,3
learned+queue,throughput,161,9382.484848484848,24.828262281060415,9358.636363636364,9416.727272727272,3
learned+queue,throughput,162,9385.545454545454,20.336155699889627,9370.0,9414.272727272728,3
learned+queue,throughput,163,9393.333333333334,32.68855734734857,9367.545454545454,9439.454545454546,3
learned+queue,throughput,164,9389.121212121214,29.11498372519942,9361.454545454546,9429.363636363636,3
learned+queue,throughput,165,9399.878787878788,8.637267363667114,9388.09090909091,9408.545454545454,3
learned+queue,throughput,166,9409.030303030304,13.110325107565862,9396.09090909091,9427.0,3
learned+queue,throughput,167,9431.181818181818,9.04016138718412,9422.454545454546,9443.636363636364,3
learned+queue,throughput,168,9443.030303030304,4.4907823153087065,9437.545454545454,9448.545454545454,3
learned+queue,throughput,169,9460.121212121214,1.9318033273341786,9457.818181818182,9462.545454545454,3
learned+queue,throughput,170,9474.272727272728,16.92976904419564,9459.636363636364,9498.0,3
learned+queue,throughput,171,9494.424242424242,26.430045234405608,9465.454545454546,9529.363636363636,3
learned+queue,throughput,172,9518.181818181818,30.864495458208484,9489.09090909091,9560.90909090909,3
learned+queue,throughput,173,9526.272727272728,32.732911972062155,9495.272727272728,9571.545454545454,3
learned+queue,throughput,174,9528.575757575758,55.5614634140662,9460.90909090909,9597.0,3
learned+queue,throughput,175,9545.90909090909,56.654236199413276,9486.727272727272,9622.272727272728,3
learned+queue,throughput,176,9547.787878787878,59.78908444621335,9494.0,9631.181818181818,3
learned+queue,throughput,177,9552.878787878788,64.56040515426082,9497.636363636364,9643.454545454546,3
learned+queue,throughput,178,9560.575757575758,66.84426756663362,9509.454545454546,9655.0,3
learned+queue,throughput,179,9564.272727272728,77.4501705977447,9506.0,9673.727272727272,3
learned+queue,throughput,180,9567.878787878786,82.38491708935612,9505.181818181818,9684.272727272728,3
learned+queue,throughput,181,9568.757575757576,80.63249737351882,9497.818181818182,9681.545454545454,3
learned+queue,throughput,182,9580.060606060606,65.39443086848826,9516.727272727272,9670.09090909091,3
learned+queue,throughput,183,9581.606060606062,64.7447343374432,9510.454545454546,9667.09090909091,3
learned+queue,throughput,184,9581.09090909091,66.7483246454567,9504.90909090909,9667.454545454546,3
learned+queue,throughput,185,9591.333333333334,52.479686918145696,9553.454545454546,9665.545454545454,3
learned+queue,throughput,186,9576.121212121214,57.289287328504315,9533.181818181818,9657.09090909091,3
learned+queue,throughput,187,9594.666666666666,52.22785074097058,9548.272727272728,9667.636363636364,3
learned+queue,throughput,188,9592.78787878788,49.80017000940845,9542.272727272728,9660.545454545454,3
learned+queue,throughput,189,9596.393939393938,36.11927999713544,9566.272727272728,9647.181818181818,3
learned+queue,throughput,190,9606.666666666666,27.792653500761794,9571.727272727272,9639.727272727272,3
learned+queue,throughput,191,9613.666666666666,25.33927724962748,9578.09090909091,9635.181818181818,3
learned+queue,throughput,192,9636.69696969697,19.41405207097419,9609.272727272728,9651.545454545454,3
learned+queue,throughput,193,9643.393939393938,5.3455438733689835,9636.0,9648.454545454546,3
learned+queue,throughput,194,9646.848484848486,6.336015091206184,9641.363636363636,9655.727272727272,3
learned+queue,throughput,195,9663.0,12.668913821258236,9647.90909090909,9678.90909090909,3
learned+queue,throughput,196,9663.151515151516,27.703400884536638,9632.545454545454,9699.636363636364,3
learned+queue,throughput,197,9691.09090909091,39.0777990701277,9639.272727272728,9733.636363636364,3
learned+queue,throughput,198,9680.969696969696,60.59145278500004,9598.363636363636,9742.0,3
learned+queue,throughput,199,9691.757575757576,68.31805916774914,9595.272727272728,9744.363636363636,3
learned+queue,throughput,200,9703.90909090909,72.05786624758149,9602.363636363636,9762.09090909091,3
learned+queue,throughput,201,9705.727272727272,68.81780152811157,9608.636363636364,9760.09090909091,3
learned+queue,throughput,202,9703.09090909091,67.19655802545444,9610.818181818182,9768.90909090909,3
learned+queue,throughput,203,9685.09090909091,60.47429615851474,9604.181818181818,9749.545454545454,3
learned+queue,throughput,204,9682.333333333334,40.26696951339225,9626.636363636364,9720.454545454546,3
learned+queue,throughput,205,9686.21212121212,43.072898251917564,9625.90909090909,9723.818181818182,3
learned+queue,throughput,206,9667.060606060606,50.02987170124052,9606.0,9728.545454545454,3
learned+queue,throughput,207,9665.848484848484,54.725829706805314,9599.90909090909,9733.90909090909,3
learned+queue,throughput,208,9645.060606060606,53.461880208662144,9585.818181818182,9715.363636363636,3
learned+queue,throughput,209,9634.363636363636,42.81441790057713,9603.545454545454,9694.90909090909,3
learned+queue,throughput,210,9621.424242424242,57.297846022877366,9580.545454545454,9702.454545454546,3
learned+queue,throughput,211,9592.121212121214,74.07480149627567,9525.545454545454,9695.454545454546,3
learned+queue,throughput,212,9575.363636363638,83.16984513930468,9505.727272727272,9692.272727272728,3
learned+queue,throughput,213,9557.242424242424,101.20040759653241,9466.90909090909,9698.545454545454,3
learned+queue,throughput,214,9555.09090909091,120.30267155125541,9425.0,9715.09090909091,3
learned+queue,throughput,215,9548.181818181816,136.21472677590185,9386.727272727272,9719.90909090909,3
learned+queue,throughput,216,9535.242424242424,142.39667044528332,9366.09090909091,9714.454545454546,3
learned+queue,throughput,217,9537.90909090909,135.46005683316778,9361.454545454546,9690.727272727272,3
learned+queue,throughput,218,9543.484848484848,144.55338902052296,9346.727272727272,9689.90909090909,3
learned+queue,throughput,219,9554.12121212121,160.2472320830109,9333.181818181818,9708.272727272728,3
learned+queue,throughput,220,9567.818181818182,186.11541488657534,9312.09090909091,9749.636363636364,3
learned+queue,throughput,221,9582.151515151514,185.39666852875524,9322.90909090909,9745.727272727272,3
learned+queue,throughput,222,9593.242424242424,193.65275692925016,9321.09090909091,9755.818181818182,3
learned+queue,throughput,223,9601.545454545456,195.88554312534035,9324.636363636364,9746.90909090909,3
learned+queue,throughput,224,9622.818181818182,182.2464501575851,9365.09090909091,9753.454545454546,3
learned+queue,throughput,225,9631.69696969697,173.5129552459992,9386.454545454546,9761.545454545454,3
learned+queue,throughput,226,9641.181818181818,177.8231238081304,9389.727272727272,9770.0,3
learned+queue,throughput,227,9658.969696969696,177.96276475206898,9407.545454545454,9794.454545454546,3
learned+queue,throughput,228,9668.60606060606,185.5685082605203,9406.181818181818,9801.727272727272,3
learned+queue,throughput,229,9663.727272727274,172.01971505948364,9421.09090909091,9800.272727272728,3
learned+queue,throughput,230,9660.575757575758,165.26044781087776,9428.09090909091,9797.545454545454,3
learned+queue,throughput,231,9651.545454545454,148.767350308817,9441.181818181818,9759.545454545454,3
learned+queue,throughput,232,9638.30303030303,143.63648510415484,9435.636363636364,9751.545454545454,3
learned+queue,throughput,233,9638.121212121212,143.29805447060218,9440.181818181818,9774.727272727272,3
learned+queue,throughput,234,9625.454545454546,147.41009306417908,9424.272727272728,9773.363636363636,3
learned+queue,throughput,235,9611.393939393938,142.20259348592424,9420.545454545454,9761.727272727272,3
learned+queue,throughput,236,9593.575757575758,139.70197190807522,9411.363636363636,9750.818181818182,3
learned+queue,throughput,237,9569.333333333334,114.33654189170628,9431.09090909091,9711.09090909091,3
learned+queue,throughput,238,9556.818181818182,94.8074168037064,9452.636363636364,9682.0,3
learned+queue,throughput,239,9538.757575757576,92.68389755966399,9468.727272727272,9669.727272727272,3
learned+queue,throughput,240,9526.181818181818,100.467200628881,9432.545454545454,9665.545454545454,3
learned+queue,throughput,241,9505.969696969698,113.4847554314462,9373.454545454546,9650.636363636364,3
learned+queue,throughput,242,9492.151515151514,111.07722807523488,9351.09090909091,9622.545454545454,3
learned+queue,throughput,243,9501.757575757576,119.87884915891453,9338.0,9621.636363636364,3
learned+queue,throughput,244,9485.424242424242,116.5306881708982,9320.818181818182,9574.636363636364,3
learned+queue,throughput,245,9485.5,121.95362506570515,9314.1,9587.8,3
learned+queue,throughput,246,9478.185185185184,138.99357042693555,9285.777777777777,9609.222222222223,3
learned+queue,throughput,247,9478.833333333334,150.96634328735513,9276.375,9638.75,3
learned+queue,throughput,248,9482.428571428572,152.14618820408884,9275.857142857143,9637.857142857143,3
learned+queue,throughput,249,9465.555555555557,148.9706864859619,9263.333333333334,9617.833333333334,3
learned+queuePress0.2/0,travel_time,0,1585.9725666666666,4.337502986422327,1582.542433333333,1592.0917833333333,3
learned+queuePress0.2/0,travel_time,1,1583.5107333333333,5.144399309655936,1579.457442857143,1590.7695285714285,3
learned+queuePress0.2/0,travel_time,2,1581.2106374999996,4.307014062924411,1577.3898499999998,1587.2291624999998,3
learned+queuePress0.2/0,travel_time,3,1579.021877777778,4.149113070804491,1575.2295555555554,1584.7957222222221,3
learned+queuePress0.2/0,travel_time,4,1577.09523,4.07974638212545,1572.22244,1582.2071499999997,3
learned+queuePress0.2/0,travel_time,5,1574.6310181818183,3.6508831133703206,1569.9782454545455,1578.8957545454543,3
learned+queuePress0.2/0,travel_time,6,1570.4106606060607,4.534545451351853,1564.629290909091,1575.7044636363635,3
learned+queuePress0.2/0,travel_time,7,1564.7496878787879,3.960609018159742,1559.2054363636366,1568.2114454545454,3
learned+queuePress0.2/0,travel_time,8,1560.1047333333336,3.9917979309875813,1554.4596363636365,1562.9638363636366,3
learned+queuePress0.2/0,travel_time,9,1555.3221030303032,4.689548366656921,1548.9189181818183,1560.0194272727276,3
learned+queuePress0.2/0,travel_time,10,1549.8933848484849,6.696222789928583,1540.891190909091,1556.9399636363635,3
learned+queuePress0.2/0,travel_time,11,1544.3206272727273,8.195338925892475,1533.6631727272727,1553.593890909091,3
learned+queuePress0.2/0,travel_time,12,1538.0424727272728,10.445566798995985,1524.7929272727272,1550.3242727272727,3
learned+queuePress0.2/0,travel_time,13,1532.1866212121213,10.606302582795445,1518.134909090909,1543.7569818181817,3
learned+queuePress0.2/0,travel_time,14,1525.5469030303032,12.114309050659678,1509.714190909091,1539.131472727273,3
learned+queuePress0.2/0,travel_time,15,1518.7024484848487,11.70049712805156,1503.3963454545456,1531.800209090909,3
learned+queuePress0.2/0,travel_time,16,1512.6537454545457,12.354680677896267,1496.2659454545455,1526.0952363636366,3
learned+queuePress0.2/0,travel_time,17,1505.6033727272727,12.81465013684765,1488.3981363636362,1519.136281818182,3
learned+queuePress0.2/0,travel_time,18,1498.8761303030303,13.850645567901413,1479.709318181818,1511.957472727273,3
learned+queuePress0.2/0,travel_time,19,1491.1300696969695,14.98753657574448,1470.616918181818,1506.0069636363637,3
learned+queuePress0.2/0,travel_time,20,1482.5975,14.726794515026853,1462.402209090909,1497.1031363636364,3
learned+queuePress0.2/0,travel_time,21,1475.0012757575757,14.374793155403196,1455.7117818181816,1490.2037727272727,3
learned+queuePress0.2/0,travel_time,22,1466.8878848484846,14.142985634674446,1448.2618,1482.5126454545455,3
learned+queuePress0.2/0,travel_time,23,1459.126206060606,13.45584538572094,1442.1465636363635,1475.0563545454545,3
learned+queuePress0.2/0,travel_time,24,1450.7317484848484,15.039246955404398,1432.3639,1469.2019545454548,3
learned+queuePress0.2/0,travel_time,25,1443.0022636363635,14.643663823094377,1425.5472545454545,1461.3810545454546,3
learned+queuePress0.2/0,travel_time,26,1434.749984848485,15.66612186929843,1415.533981818182,1453.9078545454547,3
learned+queuePress0.2/0,travel_time,27,1426.3046757575758,15.608561224851426,1407.217881818182,1445.4507545454546,3
learned+queuePress0.2/0,travel_time,28,1419.5898545454545,16.121111531850662,1399.832890909091,1439.3213636363637,3
learned+queuePress0.2/0,travel_time,29,1412.0253242424242,16.47375585558558,1392.2586272727274,1432.5874000000001,3
learned+queuePress0.2/0,travel_time,30,1404.8786333333335,16.175153385601366,1384.802290909091,1424.412,3
learned+queuePress0.2/0,travel_time,31,1398.8015636363637,17.135967691610887,1377.3166727272728,1419.2528545454545,3
learned+queuePress0.2/0,travel_time,32,1391.5463151515153,16.825694252508967,1369.5573181818183,1410.4160272727272,3
learned+queuePress0.2/0,travel_time,33,1385.8285363636362,16.62917429071456,1363.4448454545454,1403.2671363636362,3
learned+queuePress0.2/0,travel_time,34,1380.1850727272729,17.009721766353344,1356.611172727273,1396.1192363636362,3
learned+queuePress0.2/0,travel_time,35,1374.8304757575759,17.27904291641753,1350.5230454545456,1389.1543545454545,3
learned+queuePress0.2/0,travel_time,36,1369.3063484848483,18.68749713423674,1342.8870090909093,1383.1056818181817,3
learned+queuePress0.2/0,travel_time,37,1364.1436575757577,18.803092492926243,1337.5534363636364,1377.6722909090909,3
learned+queuePress0.2/0,travel_time,38,1360.2891848484849,19.729207007754816,1332.3900727272726,1374.5421727272726,3
learned+queuePress0.2/0,travel_time,39,1354.2186636363635,19.431983325244083,1326.7379818181817,1368.0688181818182,3
learned+queuePress0.2/0,travel_time,40,1350.0044090909091,18.302338194906074,1324.1450363636363,1363.9000181818183,3
learned+queuePress0.2/0,travel_time,41,1346.1906272727272,16.681139415514604,1322.6662,1359.4830727272727,3
learned+queuePress0.2/0,travel_time,42,1341.888703030303,14.934665362775768,1320.9084636363634,1354.4856000000002,3
learned+queuePress0.2/0,travel_time,43,1339.044496969697,13.948784327328388,1319.7241636363635,1352.1537818181816,3
learned+queuePress0.2/0,travel_time,44,1336.065090909091,12.226059016614453,1319.200690909091,1347.8001363636363,3
learned+queuePress0.2/0,travel_time,45,1332.9308424242424,10.66102215043854,1318.1759909090908,1342.9928272727275,3
learned+queuePress0.2/0,travel_time,46,1329.8180030303029,7.426395205274386,1319.6424,1337.1574363636364,3
learned+queuePress0.2/0,travel_time,47,1327.390403030303,4.613557182436397,1322.0893,1333.3350545454546,3
learned+queuePress0.2/0,travel_time,48,1325.6085363636364,4.071515421457148,1322.4271818181817,1331.3555454545456,3
learned+queuePress0.2/0,travel_time,49,1322.6009666666666,3.811463190274621,1317.2983636363633,1326.0905272727273,3
learned+queuePress0.2/0,travel_time,50,1321.9139606060605,5.443217039487931,1314.4449181818181,1327.2618545454545,3
learned+queuePress0.2/0,travel_time,51,1321.2748212121212,6.031187418881322,1314.4152727272726,1329.0946727272728,3
learned+queuePress0.2/0,travel_time,52,1318.8767636363636,6.394077553969087,1311.7187999999999,1327.2410363636363,3
learned+queuePress0.2/0,travel_time,53,1318.156281818182,7.595272068718294,1309.2565545454543,1327.8146363636363,3
learned+queuePress0.2/0,travel_time,54,1317.5254757575758,7.873946445533291,1310.1362,1328.4345090909092,3
learned+queuePress0.2/0,travel_time,55,1316.2959,7.237055956207465,1310.3554454545454,1326.4838636363636,3
learned+queuePress0.2/0,travel_time,56,1315.1133333333335,7.195088799955739,1308.1936636363635,1325.0340181818183,3
learned+queuePress0.2/0,travel_time,57,1315.3833545454545,5.465188226505218,1309.2886181818178,1322.5469181818182,3
learned+queuePress0.2/0,travel_time,58,1314.5157909090908,3.553989310340722,1310.848309090909,1319.3258454545453,3
learned+queuePress0.2/0,travel_time,59,1314.055493939394,3.047944568524867,1310.642781818182,1318.0421999999999,3
learned+queuePress0.2/0,travel_time,60,1314.1486606060607,0.6853271845479806,1313.1803000000002,1314.6677454545454,3
learned+queuePress0.2/0,travel_time,61,1313.1017454545456,1.7729742855566932,1311.1769181818183,1315.4557181818184,3
learned+queuePress0.2/0,travel_time,62,1312.7342121212123,4.5068044946220915,1307.697681818182,1318.635072727273,3
learned+queuePress0.2/0,travel_time,63,1313.2129969696973,4.457800932301569,1308.194172727273,1319.0264272727275,3
learned+queuePress0.2/0,travel_time,64,1312.3430515151515,6.044203989208029,1304.6166363636364,1319.3725636363636,3
learned+queuePress0.2/0,travel_time,65,1311.2793909090906,7.857838206571939,1302.3355909090908,1321.4631,3
learned+queuePress0.2/0,travel_time,66,1310.1057696969694,9.714449789921096,1298.3823818181818,1322.1704818181815,3
learned+queuePress0.2/0,travel_time,67,1309.0181303030301,9.325550538134628,1297.7165545454545,1320.5557363636365,3
learned+queuePress0.2/0,travel_time,68,1307.500178787879,8.685066123172248,1296.7172181818182,1317.9849272727272,3
learned+queuePress0.2/0,travel_time,69,1307.1297333333332,10.758478063943762,1293.8005545454546,1320.1478272727272,3
learned+queuePress0.2/0,travel_time,70,1305.4017212121212,11.15142844083879,1292.0348,1319.3326363636363,3
learned+queuePress0.2/0,travel_time,71,1304.0789454545454,12.150318290109322,1290.5239454545454,1320.0020363636363,3
learned+queuePress0.2/0,travel_time,72,1304.2494575757573,11.375143470751704,1291.4534818181817,1319.0906727272727,3
learned+queuePress0.2/0,travel_time,73,1301.7433757575757,11.691335103139659,1288.1612,1316.6999000000003,3
learned+queuePress0.2/0,travel_time,74,1301.713506060606,13.166565035848073,1285.9535454545453,1318.181581818182,3
learned+queuePress0.2/0,travel_time,75,1301.661587878788,13.416693243612174,1286.0865545454544,1318.8339454545455,3
learned+queuePress0.2/0,travel_time,76,1300.3949606060605,12.09781456845816,1285.9195909090909,1315.5309636363634,3
learned+queuePress0.2/0,travel_time,77,1300.6045636363635,12.769031442116193,1287.7182818181816,1318.003527272727,3
learned+queuePress0.2/0,travel_time,78,1301.3061454545452,14.346042566281263,1288.2436090909089,1321.281409090909,3
learned+queuePress0.2/0,travel_time,79,1301.2301484848483,16.139334201212268,1289.2268545454544,1324.044227272727,3
learned+queuePress0.2/0,travel_time,80,1301.4582242424244,15.834512482213974,1289.8133818181818,1323.8455454545458,3
learned+queuePress0.2/0,travel_time,81,1300.5840878787878,17.48603083671518,1287.6433,1325.3039727272728,3
learned+queuePress0.2/0,travel_time,82,1300.3162363636366,17.44264841650699,1286.2117272727273,1324.8946454545455,3
learned+queuePress0.2/0,travel_time,83,1298.028121212121,17.55791573042515,1281.7578454545453,1322.407618181818,3
learned+queuePress0.2/0,travel_time,84,1298.2559303030303,17.30843910420373,1282.7202545454545,1322.405318181818,3
learned+queuePress0.2/0,travel_time,85,1296.3959575757574,18.36674723909217,1281.4965545454545,1322.271509090909,3
learned+queuePress0.2/0,travel_time,86,1295.3762545454545,18.22966419779914,1279.7268909090908,1320.9436545454546,3
learned+queuePress0.2/0,travel_time,87,1294.981909090909,18.494792713001996,1278.1047454545455,1320.725318181818,3
learned+queuePress0.2/0,travel_time,88,1293.658209090909,17.721142964026267,1276.3318000000002,1318.0027727272727,3
learned+queuePress0.2/0,travel_time,89,1291.8586424242424,16.10503200639865,1274.308290909091,1313.205490909091,3
learned+queuePress0.2/0,travel_time,90,1291.970003030303,16.047114544716703,1272.9190272727274,1312.175381818182,3
learned+queuePress0.2/0,travel_time,91,1290.7221575757576,15.096267162612563,1272.7539272727274,1309.691409090909,3
learned+queuePress0.2/0,travel_time,92,1290.8229696969697,15.286522260572992,1271.2797454545455,1308.5985454545455,3
learned+queuePress0.2/0,travel_time,93,1289.8804303030304,14.373194364196912,1271.1520090909091,1306.086990909091,3
learned+queuePress0.2/0,travel_time,94,1290.1650787878787,13.976030121688039,1271.2301181818182,1304.5411818181817,3
learned+queuePress0.2/0,travel_time,95,1290.8375454545455,13.574120440034045,1271.8485818181819,1302.7712,3
learned+queuePress0.2/0,travel_time,96,1290.2729727272726,13.07992396924844,1271.8893363636364,1301.2418818181816,3
learned+queuePress0.2/0,travel_time,97,1289.3023818181819,14.310634074835939,1269.7020818181818,1303.4686,3
learned+queuePress0.2/0,travel_time,98,1288.5306303030304,14.209110478935905,1269.6790545454546,1303.9823454545453,3
learned+queuePress0.2/0,travel_time,99,1286.7223515151516,14.881984139394737,1267.786809090909,1304.1458818181816,3
learned+queuePress0.2/0,travel_time,100,1286.1883666666665,15.23656991064239,1267.7259454545454,1305.0416272727273,3
learned+queuePress0.2/0,travel_time,101,1282.7508333333333,14.40435438018434,1266.8969727272727,1301.7556454545454,3
learned+queuePress0.2/0,travel_time,102,1280.0431727272726,14.550092167305444,1265.5208363636361,1299.9290818181819,3
learned+queuePress0.2/0,travel_time,103,1277.3042030303031,13.887316614573415,1266.017090909091,1296.8667090909091,3
learned+queuePress0.2/0,travel_time,104,1274.9394121212124,14.994190775567962,1264.2133545454544,1296.1439181818184,3
learned+queuePress0.2/0,travel_time,105,1271.7345575757574,13.936619819484905,1261.5706545454543,1291.4406454545456,3
learned+queuePress0.2/0,travel_time,106,1267.6727454545455,13.729987613300178,1257.8800363636365,1287.0896363636364,3
learned+queuePress0.2/0,travel_time,107,1265.0627909090908,13.902929815150932,1254.300309090909,1284.6940818181818,3
learned+queuePress0.2/0,travel_time,108,1261.9843999999998,12.999919480852581,1251.775418181818,1280.3300909090908,3
learned+queuePress0.2/0,travel_time,109,1261.2652333333333,11.069165325998508,1250.0349363636362,1276.3249545454544,3
learned+queuePress0.2/0,travel_time,110,1260.0208878787878,11.213287905468462,1248.2878363636362,1275.1263727272724,3
learned+queuePress0.2/0,travel_time,111,1257.6568848484847,11.097774137872152,1245.3516818181818,1272.2461545454544,3
learned+queuePress0.2/0,travel_time,112,1259.4196757575755,12.176274269155737,1244.5508545454543,1274.376127272727,3
learned+queuePress0.2/0,travel_time,113,1260.1537939393938,12.13022964755122,1244.5732363636364,1274.1608545454544,3
learned+queuePress0.2/0,travel_time,114,1262.1806575757576,11.27622717843784,1247.1343272727274,1274.2794,3
learned+queuePress0.2/0,travel_time,115,1263.4558090909093,11.358442612241895,1247.7652545454546,1274.280381818182,3
learned+queuePress0.2/0,travel_time,116,1265.7151545454547,10.45543207126086,1251.3188727272727,1275.8346636363638,3
learned+queuePress0.2/0,travel_time,117,1266.7967575757575,11.174447376679387,1251.1563090909092,1276.5752181818182,3
learned+queuePress0.2/0,travel_time,118,1268.8944242424243,10.875631165406736,1253.7912272727274,1278.9637818181816,3
learned+queuePress0.2/0,travel_time,119,1269.528915151515,9.998277053524033,1255.9009,1279.607309090909,3
learned+queuePress0.2/0,travel_time,120,1269.0525363636364,10.855756832856246,1254.906118181818,1281.2910454545454,3
learned+queuePress0.2/0,travel_time,121,1268.9337151515153,10.062573897152928,1256.5392727272729,1281.186218181818,3
learned+queuePress0.2/0,travel_time,122,1269.0064212121215,10.140011152468944,1256.9976272727274,1281.7984090909092,3
learned+queuePress0.2/0,travel_time,123,1267.5465272727272,11.052693985286849,1255.6986818181817,1282.3002,3
learned+queuePress0.2/0,travel_time,124,1267.8978,11.445453480922753,1257.3094545454544,1283.7944636363636,3
learned+queuePress0.2/0,travel_time,125,1267.2519848484849,11.688904110439532,1257.3133454545452,1283.6608545454546,3
learned+queuePress0.2/0,travel_time,126,1266.108293939394,11.853197230202792,1257.657490909091,1282.8710545454544,3
learned+queuePress0.2/0,travel_time,127,1263.9438393939392,13.150324582279401,1254.5388363636364,1282.5408,3
learned+queuePress0.2/0,travel_time,128,1264.0959878787878,13.320382886068886,1252.1719090909091,1282.6878,3
learned+queuePress0.2/0,travel_time,129,1262.3473575757575,12.33561725044345,1250.9281,1279.4785272727272,3
learned+queuePress0.2/0,travel_time,130,1263.5581181818181,11.28847381470033,1251.765281818182,1278.7733999999998,3
learned+queuePress0.2/0,travel_time,131,1264.1741151515153,12.35641249539386,1249.468781818182,1279.7021272727272,3
learned+queuePress0.2/0,travel_time,132,1266.044593939394,13.088200709423617,1251.5393909090908,1283.2546454545454,3
learned+queuePress0.2/0,travel_time,133,1268.3678303030304,13.87546527687727,1253.036618181818,1286.6404272727273,3
learned+queuePress0.2/0,travel_time,134,1268.4664636363634,15.201104218938807,1251.4855363636364,1288.3738636363635,3
learned+queuePress0.2/0,travel_time,135,1268.6629060606062,15.444106535294372,1251.3810818181817,1288.8703454545457,3
learned+queuePress0.2/0,travel_time,136,1269.1335454545454,16.5446811378328,1251.2316636363637,1291.1317727272726,3
learned+queuePress0.2/0,travel_time,137,1270.264418181818,16.692877392876543,1251.3819454545455,1291.9762454545455,3
learned+queuePress0.2/0,travel_time,138,1271.3490848484848,15.711131565791053,1252.8626,1291.2669181818183,3
learned+queuePress0.2/0,travel_time,139,1270.8849515151517,15.90877245951292,1251.7750181818183,1290.7229818181818,3
learned+queuePress0.2/0,travel_time,140,1271.6041545454545,15.706798092894864,1252.9134545454544,1291.3441454545455,3
learned+queuePress0.2/0,travel_time,141,1271.4187909090908,15.965027470229535,1252.6157363636362,1291.6442272727274,3
learned+queuePress0.2/0,travel_time,142,1270.4768151515152,16.89569773367729,1253.0120181818181,1293.3312727272728,3
learned+queuePress0.2/0,travel_time,143,1268.6969787878788,16.287563410759933,1250.8160818181816,1290.212490909091,3
learned+queuePress0.2/0,travel_time,144,1268.0796393939397,16.49122560681415,1251.8634272727272,1290.7038272727275,3
learned+queuePress0.2/0,travel_time,145,1267.979606060606,15.855764256826697,1252.237390909091,1289.6798454545456,3
learned+queuePress0.2/0,travel_time,146,1267.203612121212,15.039307925993631,1253.3249999999998,1288.100327272727,3
learned+queuePress0.2/0,travel_time,147,1266.2951818181816,13.216312853592052,1254.4516636363637,1284.739109090909,3
learned+queuePress0.2/0,travel_time,148,1264.0158333333331,13.757916853887297,1253.8156454545453,1283.464709090909,3
learned+queuePress0.2/0,travel_time,149,1263.2300303030304,15.981587604539234,1251.8688181818181,1285.8313,3
learned+queuePress0.2/0,travel_time,150,1262.168184848485,16.05770994459713,1249.4906181818183,1284.8236636363638,3
learned+queuePress0.2/0,travel_time,151,1260.8107727272727,16.486366302067637,1248.2310636363638,1284.1010272727274,3
learned+queuePress0.2/0,travel_time,152,1260.7760545454546,18.950687574984713,1245.469281818182,1287.481209090909,3
learned+queuePress0.2/0,travel_time,153,1259.6137242424243,18.296884419041636,1245.8450727272727,1285.4712454545456,3
learned+queuePress0.2/0,travel_time,154,1259.7427636363634,17.57142220954727,1244.5709909090908,1284.3725727272727,3
learned+queuePress0.2/0,travel_time,155,1258.2454575757574,15.481380408907535,1245.4785818181817,1280.0322999999999,3
learned+queuePress0.2/0,travel_time,156,1256.3569,14.730574778428043,1244.1913272727272,1277.0849545454544,3
learned+queuePress0.2/0,travel_time,157,1253.6617212121212,14.095079848795782,1243.0530272727274,1273.581081818182,3
learned+queuePress0.2/0,travel_time,158,1252.5444303030306,15.437080769354496,1240.6335727272728,1274.3445363636363,3
learned+queuePress0.2/0,travel_time,159,1252.3093666666666,15.320997977554486,1240.0889454545454,1273.914590909091,3
learned+queuePress0.2/0,travel_time,160,1251.5169666666668,13.430108742545606,1241.2116181818185,1270.4863545454546,3
learned+queuePress0.2/0,travel_time,161,1250.4470242424243,12.69856195174599,1238.7618272727273,1268.0994636363635,3
learned+queuePress0.2/0,travel_time,162,1249.876884848485,13.163824879868441,1237.6212727272725,1268.1405636363636,3
learned+queuePress0.2/0,travel_time,163,1248.4714060606061,11.831012169795,1237.4625454545455,1264.8874363636364,3
learned+queuePress0.2/0,travel_time,164,1247.4765393939394,12.22469011112436,1236.092818181818,1264.4366181818182,3
learned+queuePress0.2/0,travel_time,165,1247.0359515151515,14.454272678608495,1233.268518181818,1267.0052454545455,3
learned+queuePress0.2/0,travel_time,166,1246.3140333333333,15.840197563837245,1230.2180181818183,1267.8548727272728,3
learned+queuePress0.2/0,travel_time,167,1246.710806060606,15.772234943992498,1230.6181363636365,1268.1330363636362,3
learned+queuePress0.2/0,travel_time,168,1248.2697363636364,16.746100497976304,1230.9695818181817,1270.9261090909092,3
learned+queuePress0.2/0,travel_time,169,1248.6484424242426,17.298481168182548,1229.7997181818182,1271.5783727272726,3
learned+queuePress0.2/0,travel_time,170,1248.1592454545455,17.607238507234232,1228.540381818182,1271.2482636363636,3
learned+queuePress0.2/0,travel_time,171,1248.4100878787876,17.799118857234358,1228.9385545454545,1271.9609727272725,3
learned+queuePress0.2/0,travel_time,172,1249.1752212121212,17.578024745567195,1232.8105363636364,1273.5633727272725,3
learned+queuePress0.2/0,travel_time,173,1248.494515151515,17.235707741178096,1233.605409090909,1272.6525454545456,3
learned+queuePress0.2/0,travel_time,174,1246.7237575757574,16.908991139074026,1231.615690909091,1270.3302272727271,3
learned+queuePress0.2/0,travel_time,175,1248.3068999999996,17.023054357291347,1234.4751818181817,1272.287027272727,3
learned+queuePress0.2/0,travel_time,176,1247.4145666666666,15.112679866318869,1233.992318181818,1268.529581818182,3
learned+queuePress0.2/0,travel_time,177,1247.2028424242426,12.727522045060836,1236.8317545454547,1265.1286818181818,3
learned+queuePress0.2/0,travel_time,178,1247.127303030303,13.327179520616141,1236.829309090909,1265.9468545454547,3
learned+queuePress0.2/0,travel_time,179,1247.1206242424244,12.628137167226715,1235.6211999999998,1264.7036454545457,3
learned+queuePress0.2/0,travel_time,180,1245.252990909091,11.249499761668048,1234.1511454545455,1260.672481818182,3
learned+queuePress0.2/0,travel_time,181,1245.1449393939392,10.996516828028383,1232.2959909090907,1259.1564727272728,3
learned+queuePress0.2/0,travel_time,182,1243.263506060606,11.781035408043865,1229.905718181818,1258.5659909090907,3
learned+queuePress0.2/0,travel_time,183,1242.0811363636365,10.358018845990033,1232.0589727272727,1256.3442454545454,3
learned+queuePress0.2/0,travel_time,184,1240.6984121212124,10.224223005389318,1232.1543545454547,1255.0724909090911,3
learned+queuePress0.2/0,travel_time,185,1240.0772636363638,9.518659197669432,1231.6512090909093,1253.3819636363637,3
learned+queuePress0.2/0,travel_time,186,1237.4641606060607,7.065581819461881,1231.8478454545457,1247.4295818181818,3
learned+queuePress0.2/0,travel_time,187,1238.233609090909,6.267030384339631,1233.6367909090911,1247.0944454545454,3
learned+queuePress0.2/0,travel_time,188,1238.870321212121,7.8730947093075345,1232.8011181818183,1249.9889818181819,3
learned+queuePress0.2/0,travel_time,189,1237.811412121212,6.731105369456718,1232.322418181818,1247.2912545454544,3
learned+queuePress0.2/0,travel_time,190,1235.9444545454544,7.055314131586985,1228.8525545454545,1245.5686363636362,3
learned+queuePress0.2/0,travel_time,191,1236.1292757575757,9.046197570351795,1226.8594454545453,1248.3998454545456,3
learned+queuePress0.2/0,travel_time,192,1235.7806272727273,9.609804763037205,1226.1064272727272,1248.8839181818182,3
learned+queuePress0.2/0,travel_time,193,1237.0517878787878,7.541626979518382,1228.7753363636364,1247.0157727272726,3
learned+queuePress0.2/0,travel_time,194,1236.9503424242423,6.7918403270238885,1229.8981363636362,1246.1238727272728,3
learned+queuePress0.2/0,travel_time,195,1238.7517393939395,6.540165509069646,1233.0227636363636,1247.904690909091,3
learned+queuePress0.2/0,travel_time,196,1240.3323090909091,7.009447850129914,1233.6114,1250.003118181818,3
learned+queuePress0.2/0,travel_time,197,1240.9873606060607,7.897711010565561,1233.6221818181818,1251.9415636363635,3
learned+queuePress0.2/0,travel_time,198,1241.9999515151515,8.25383968963008,1235.8511272727274,1253.6669636363638,3
learned+queuePress0.2/0,travel_time,199,1242.4288424242425,7.583449280217918,1235.3152909090911,1252.9362363636365,3
learned+queuePress0.2/0,travel_time,200,1243.1988666666666,6.8909977127160404,1237.345090909091,1252.8732545454545,3
learned+queuePress0.2/0,travel_time,201,1244.2615212121211,7.899147874921687,1236.2650454545453,1255.0152818181816,3
learned+queuePress0.2/0,travel_time,202,1245.687118181818,7.753422326279001,1235.978409090909,1254.9549818181817,3
learned+queuePress0.2/0,travel_time,203,1246.460715151515,7.220743793393137,1237.7418636363636,1255.4239363636364,3
learned+queuePress0.2/0,travel_time,204,1248.5482454545454,9.992044937537798,1237.2233727272726,1261.5299636363636,3
learned+queuePress0.2/0,travel_time,205,1250.0373,12.000231079393535,1234.9872181818182,1264.3542181818182,3
learned+queuePress0.2/0,travel_time,206,1251.8225727272727,12.149632334892008,1236.2668090909094,1265.9197909090908,3
learned+queuePress0.2/0,travel_time,207,1252.6258272727273,12.431633472139556,1235.5777090909091,1264.8700363636365,3
learned+queuePress0.2/0,travel_time,208,1254.6588151515152,11.621335927672876,1238.4674636363636,1265.1964727272727,3
learned+queuePress0.2/0,travel_time,209,1256.9734848484848,13.5446436628802,1238.8247999999999,1271.3539545454546,3
learned+queuePress0.2/0,travel_time,210,1258.569972727273,11.926137833800109,1243.2967454545455,1272.403,3
learned+queuePress0.2/0,travel_time,211,1260.6886545454545,12.583906081339373,1244.0621909090908,1274.4975727272729,3
learned+queuePress0.2/0,travel_time,212,1264.0401606060607,10.641380538809557,1250.1258090909091,1275.9623727272729,3
learned+queuePress0.2/0,travel_time,213,1264.8895181818182,10.02251988892032,1251.6215363636363,1275.8417090909093,3
learned+queuePress0.2/0,travel_time,214,1266.9042333333334,9.813038062931204,1254.0531545454546,1277.866390909091,3
learned+queuePress0.2/0,travel_time,215,1266.6401787878792,9.160326740648829,1254.550572727273,1276.7159181818186,3
learned+queuePress0.2/0,travel_time,216,1266.3736787878788,9.1073117018904,1256.3428272727274,1278.3856181818182,3
learned+queuePress0.2/0,travel_time,217,1265.4589666666668,9.738404529369797,1256.0079454545455,1278.8599272727274,3
learned+queuePress0.2/0,travel_time,218,1265.7469575757577,11.029526387413418,1256.9382545454546,1281.2994363636362,3
learned+queuePress0.2/0,travel_time,219,1264.4308454545455,12.718283225023022,1254.5479272727273,1282.3868363636366,3
learned+queuePress0.2/0,travel_time,220,1261.2776575757578,11.262959031940506,1252.7351181818183,1277.1915272727274,3
learned+queuePress0.2/0,travel_time,221,1258.5451818181818,13.356354661897191,1247.472009090909,1277.3342000000002,3
learned+queuePress0.2/0,travel_time,222,1257.2059484848485,15.244453728235305,1244.599390909091,1278.6550545454547,3
learned+queuePress0.2/0,travel_time,223,1254.4699151515151,18.133331022181714,1238.7712636363638,1279.8803,3
learned+queuePress0.2/0,travel_time,224,1254.2696636363637,19.17613004876116,1238.6962181818183,1281.2836272727275,3
learned+queuePress0.2/0,travel_time,225,1253.5521666666666,20.353678963375337,1236.6765363636364,1282.1844909090908,3
learned+queuePress0.2/0,travel_time,226,1251.0644242424241,18.07967826577866,1237.1267727272725,1276.5971545454545,3
learned+queuePress0.2/0,travel_time,227,1249.887603030303,16.75789442118844,1237.4680090909092,1273.5775545454546,3
learned+queuePress0.2/0,travel_time,228,1249.0875121212123,16.58610255926695,1236.7698454545455,1272.5337545454547,3
learned+queuePress0.2/0,travel_time,229,1248.6933606060607,18.40531606588999,1235.508709090909,1274.7216636363637,3
learned+queuePress0.2/0,travel_time,230,1248.9922636363635,18.059504324876198,1235.9131818181818,1274.5297454545455,3
learned+queuePress0.2/0,travel_time,231,1247.5155666666667,17.288982570883768,1232.8355000000001,1271.7888545454543,3
learned+queuePress0.2/0,travel_time,232,1247.7911242424243,16.00416297420169,1233.870409090909,1270.2065818181816,3
learned+queuePress0.2/0,travel_time,233,1246.9918121212122,16.459375216802897,1231.6724272727274,1269.828918181818,3
learned+queuePress0.2/0,travel_time,234,1244.8060333333333,14.628346207678241,1229.9617181818182,1264.7068727272724,3
learned+queuePress0.2/0,travel_time,235,1242.8148303030302,14.603152832663321,1226.9189545454544,1262.1806909090908,3
learned+queuePress0.2/0,travel_time,236,1241.3773484848487,13.632277217021654,1225.581918181818,1258.8477727272727,3
learned+queuePress0.2/0,travel_time,237,1243.5571818181818,14.2694033234398,1228.2487,1262.5983272727271,3
learned+queuePress0.2/0,travel_time,238,1244.1136060606061,14.397427917655847,1229.3785727272727,1263.6502636363637,3
learned+queuePress0.2/0,travel_time,239,1244.2895636363635,13.149650551761521,1229.5431727272728,1261.4748909090908,3
learned+queuePress0.2/0,travel_time,240,1243.4589272727271,11.461106538814104,1228.6625363636365,1256.5873545454544,3
learned+queuePress0.2/0,travel_time,241,1243.1141484848486,11.259673642461088,1228.3023545454544,1255.5825000000002,3
learned+queuePress0.2/0,travel_time,242,1246.4205272727274,9.270800542754088,1233.950027272727,1256.1610000000003,3
learned+queuePress0.2/0,travel_time,243,1246.5516272727273,9.966608225162933,1232.6527818181817,1255.5299636363636,3
learned+queuePress0.2/0,travel_time,244,1247.8229212121212,10.704546030458472,1232.859036363636,1257.2904545454546,3
learned+queuePress0.2/0,travel_time,245,1249.7819066666666,10.749541483822682,1234.7927599999998,1259.47263,3
learned+queuePress0.2/0,travel_time,246,1250.951725925926,10.555429006435793,1236.404822222222,1261.1262666666667,3
learned+queuePress0.2/0,travel_time,247,1251.694625,10.30579917899693,1237.6820625,1262.1722625000002,3
learned+queuePress0.2/0,travel_time,248,1250.2979952380954,11.785635426554904,1235.1358857142857,1263.8736000000001,3
learned+queuePress0.2/0,travel_time,249,1251.7598444444445,13.458020628939124,1235.74215,1268.6710833333334,3
learned+queuePress0.2/0,loss,0,0.004065222222222222,4.457543197550065e-05,0.004024833333333333,0.0041273333333333335,3
learned+queuePress0.2/0,loss,1,0.003994,3.9542451140222404e-05,0.003950428571428572,0.0040461428571428575,3
learned+queuePress0.2/0,loss,2,0.003925958333333333,2.034912296772379e-05,0.0039085000000000005,0.0039545,3
learned+queuePress0.2/0,loss,3,0.003851703703703704,1.912366799650617e-05,0.003833444444444445,0.003878111111111111,3
learned+queuePress0.2/0,loss,4,0.0037901,1.4495056628612031e-05,0.0037704999999999995,0.0038050999999999996,3
learned+queuePress0.2/0,loss,5,0.0037242424242424237,6.342533552461354e-06,0.0037152727272727268,0.003728727272727273,3
learned+queuePress0.2/0,loss,6,0.003582515151515151,1.9200311827893804e-05,0.0035553636363636356,0.0035963636363636367,3
learned+queuePress0.2/0,loss,7,0.003438,1.635151065884901e-05,0.003423818181818182,0.0034609090909090913,3
learned+queuePress0.2/0,loss,8,0.0032963939393939393,1.5433913738796357e-05,0.0032829090909090907,0.003318,3
learned+queuePress0.2/0,loss,9,0.0031726363636363636,2.8348189266878107e-05,0.003143818181818182,0.0032111818181818183,3
learned+queuePress0.2/0,loss,10,0.00305169696969697,3.88834759449446e-05,0.003011454545454545,0.0031042727272727277,3
learned+queuePress0.2/0,loss,11,0.0029312727272727272,4.487951424534434e-05,0.0028983636363636364,0.0029947272727272726,3
learned+queuePress0.2/0,loss,12,0.002803909090909091,5.9348111571535487e-05,0.0027477272727272728,0.0028859999999999997,3
learned+queuePress0.2/0,loss,13,0.002682,4.670893402665428e-05,0.0026284545454545454,0.0027422727272727273,3
learned+queuePress0.2/0,loss,14,0.002564121212121212,5.6883348487671565e-05,0.0025021818181818183,0.0026395454545454547,3
learned+queuePress0.2/0,loss,15,0.0024469090909090903,4.4996418590266033e-05,0.002401636363636363,0.0025082727272727275,3
learned+queuePress0.2/0,loss,16,0.0023420606060606058,5.4170241458644133e-05,0.002283454545454545,0.002414090909090909,3
learned+queuePress0.2/0,loss,17,0.002246848484848485,5.0859355214707775e-05,0.002188909090909091,0.0023127272727272727,3
learned+queuePress0.2/0,loss,18,0.002155242424242424,5.4888433467883475e-05,0.002084363636363637,0.0022180909090909087,3
learned+queuePress0.2/0,loss,19,0.002062060606060606,5.949337687208304e-05,0.0019893636363636363,0.002135090909090909,3
learned+queuePress0.2/0,loss,20,0.0019522727272727272,5.4490022338362614e-05,0.0018861818181818183,0.0020196363636363636,3
learned+queuePress0.2/0,loss,21,0.0018554242424242424,4.630913810263591e-05,0.001811181818181818,0.0019193636363636364,3
learned+queuePress0.2/0,loss,22,0.0017575757575757575,4.688855160707115e-05,0.001712636363636364,0.001822272727272727,3
learned+queuePress0.2/0,loss,23,0.001665909090909091,3.439112256520222e-05,0.0016415454545454546,0.0017145454545454545,3
learned+queuePress0.2/0,loss,24,0.0015785151515151517,4.3166685280317565e-05,0.0015449090909090911,0.0016394545454545455,3
learned+queuePress0.2/0,loss,25,0.0014974545454545455,3.9117820194245554e-05,0.0014678181818181815,0.001552727272727273,3
learned+queuePress0.2/0,loss,26,0.0014086060606060607,3.6454003875168165e-05,0.001369909090909091,0.0014574545454545459,3
learned+queuePress0.2/0,loss,27,0.0013261818181818181,2.8533678327514746e-05,0.0012930909090909089,0.001362727272727273,3
learned+queuePress0.2/0,loss,28,0.001248939393939394,2.5776143040531102e-05,0.0012193636363636363,0.0012821818181818184,3
learned+queuePress0.2/0,loss,29,0.0011696666666666667,2.1909447165886787e-05,0.0011501818181818182,0.0012002727272727273,3
learned+queuePress0.2/0,loss,30,0.0010966363636363637,1.865667776814372e-05,0.0010752727272727274,0.0011207272727272726,3
learned+queuePress0.2/0,loss,31,0.0010345151515151515,2.1172040054596928e-05,0.0010080000000000002,0.0010598181818181817,3
learned+queuePress0.2/0,loss,32,0.0009672424242424243,2.0974382030493e-05,0.0009385454545454545,0.0009880909090909092,3
learned+queuePress0.2/0,loss,33,0.0009145757575757576,1.9397158823693425e-05,0.0008873636363636364,0.0009311818181818181,3
learned+queuePress0.2/0,loss,34,0.0008639393939393939,2.5260116030842786e-05,0.0008296363636363637,0.0008897272727272726,3
learned+queuePress0.2/0,loss,35,0.0008131212121212121,2.2111953230453175e-05,0.0007849090909090909,0.0008389090909090909,3
learned+queuePress0.2/0,loss,36,0.0007663333333333333,2.6936752094615916e-05,0.0007303636363636363,0.0007951818181818181,3
learned+queuePress0.2/0,loss,37,0.0007209696969696969,2.7909370577350453e-05,0.0006868181818181818,0.0007551818181818181,3
learned+queuePress0.2/0,loss,38,0.0006752727272727274,3.388515687951446e-05,0.0006354545454545456,0.0007182727272727272,3
learned+queuePress0.2/0,loss,39,0.0006226363636363635,3.8683287014095266e-05,0.0005808181818181819,0.000674090909090909,3
learned+queuePress0.2/0,loss,40,0.000586060606060606,3.910234739864703e-05,0.0005445454545454547,0.0006384545454545455,3
learned+queuePress0.2/0,loss,41,0.0005473636363636363,3.800108741375827e-05,0.0005123636363636364,0.0006001818181818182,3
learned+queuePress0.2/0,loss,42,0.0005139696969696969,3.769504525926787e-05,0.00048663636363636357,0.0005672727272727271,3
learned+queuePress0.2/0,loss,43,0.00048466666666666667,3.6942836740152365e-05,0.000458090909090909,0.0005369090909090909,3
learned+queuePress0.2/0,loss,44,0.00045403030303030307,3.629883114278489e-05,0.00042809090909090916,0.0005053636363636363,3
learned+queuePress0.2/0,loss,45,0.00042903030303030306,3.642678859653127e-05,0.0004031818181818182,0.0004805454545454545,3
learned+queuePress0.2/0,loss,46,0.0004023939393939394,3.695774769631134e-05,0.0003749090909090909,0.00045463636363636366,3
learned+queuePress0.2/0,loss,47,0.00037760606060606065,2.8590423306884576e-05,0.0003521818181818182,0.0004175454545454545,3
learned+queuePress0.2/0,loss,48,0.0003591515151515152,2.819944056391081e-05,0.00033163636363636365,0.0003979090909090909,3
learned+queuePress0.2/0,loss,49,0.0003361818181818182,2.377488546898514e-05,0.00030781818181818183,0.000366,3
learned+queuePress0.2/0,loss,50,0.0003243333333333334,2.1723827967489205e-05,0.0002956363636363636,0.0003481818181818182,3
learned+queuePress0.2/0,loss,51,0.00031206060606060607,2.500273630571632e-05,0.0002780909090909091,0.00033754545454545447,3
learned+queuePress0.2/0,loss,52,0.00029784848484848485,2.2904440765825842e-05,0.00026645454545454547,0.00032045454545454543,3
learned+queuePress0.2/0,loss,53,0.00028181818181818185,1.5430105452328296e-05,0.0002610909090909091,0.00029809090909090904,3
learned+queuePress0.2/0,loss,54,0.000269,1.6525629147865518e-05,0.00024836363636363635,0.0002888181818181818,3
learned+queuePress0.2/0,loss,55,0.0002549696969696969,1.9034018166603016e-05,0.00023372727272727277,0.00027990909090909086,3
learned+queuePress0.2/0,loss,56,0.0002404242424242424,1.5582771678568926e-05,0.0002236363636363636,0.0002611818181818182,3
learned+queuePress0.2/0,loss,57,0.00023096969696969694,1.106512983454239e-05,0.00022127272727272724,0.0002464545454545454,3
learned+queuePress0.2/0,loss,58,0.00022045454545454546,1.3935704386550074e-05,0.00020918181818181818,0.00024009090909090906,3
learned+queuePress0.2/0,loss,59,0.00020987878787878789,1.5583125247207516e-05,0.00019836363636363636,0.00023190909090909094,3
learned+queuePress0.2/0,loss,60,0.00020127272727272726,1.7953567292112058e-05,0.00018363636363636366,0.00022590909090909088,3
learned+queuePress0.2/0,loss,61,0.0001894848484848485,1.8507586611093452e-05,0.00016881818181818184,0.00021372727272727274,3
learned+queuePress0.2/0,loss,62,0.00017927272727272727,1.9218763788097813e-05,0.000155,0.000202,3
learned+queuePress0.2/0,loss,63,0.00017493939393939392,1.627219117676832e-05,0.00015372727272727272,0.00019327272727272729,3
learned+queuePress0.2/0,loss,64,0.00017036363636363636,1.9096535967300812e-05,0.00014809090909090908,0.00019472727272727274,3
learned+queuePress0.2/0,loss,65,0.00016548484848484847,1.9308333794055447e-05,0.00014499999999999997,0.00019136363636363638,3
learned+queuePress0.2/0,loss,66,0.00016293939393939396,1.8684908442094108e-05,0.0001383636363636364,0.00018363636363636366,3
learned+queuePress0.2/0,loss,67,0.00015854545454545453,1.6308155103046262e-05,0.0001390909090909091,0.00017900000000000001,3
learned+queuePress0.2/0,loss,68,0.00015281818181818183,1.70300334282553e-05,0.00013781818181818185,0.00017663636363636365,3
learned+queuePress0.2/0,loss,69,0.00015096969696969697,1.7578839855120538e-05,0.00013181818181818184,0.00017427272727272729,3
learned+queuePress0.2/0,loss,70,0.0001493939393939394,1.8001734433323283e-05,0.0001289090909090909,0.00017272727272727272,3
learned+queuePress0.2/0,loss,71,0.00014760606060606056,1.5973347866271895e-05,0.00013027272727272725,0.0001688181818181818,3
learned+queuePress0.2/0,loss,72,0.00014845454545454545,1.5037876879627388e-05,0.00013463636363636363,0.00016936363636363636,3
learned+queuePress0.2/0,loss,73,0.00014396969696969697,1.7511953152460116e-05,0.00012581818181818183,0.00016763636363636365,3
learned+queuePress0.2/0,loss,74,0.0001393939393939394,2.0384368955263636e-05,0.0001170909090909091,0.00016636363636363637,3
learned+queuePress0.2/0,loss,75,0.00013542424242424242,1.8849897637785854e-05,0.00011127272727272727,0.00015727272727272728,3
learned+queuePress0.2/0,loss,76,0.00013163636363636364,1.4405194961307466e-05,0.00011372727272727274,0.000149,3
learned+queuePress0.2/0,loss,77,0.00012775757575757575,1.1224317690696e-05,0.00011445454545454545,0.0001419090909090909,3
learned+queuePress0.2/0,loss,78,0.0001267878787878788,9.79299050308801e-06,0.00011427272727272728,0.00013818181818181816,3
learned+queuePress0.2/0,loss,79,0.00012466666666666667,9.723543134719244e-06,0.00011099999999999999,0.00013281818181818184,3
learned+queuePress0.2/0,loss,80,0.00012381818181818183,6.777454116223936e-06,0.00011436363636363636,0.00012990909090909093,3
learned+queuePress0.2/0,loss,81,0.00012327272727272727,8.288529695784806e-06,0.00011463636363636363,0.0001344545454545455,3
learned+queuePress0.2/0,loss,82,0.00012045454545454546,1.1638020715344993e-05,0.00010672727272727271,0.0001351818181818182,3
learned+queuePress0.2/0,loss,83,0.00011696969696969697,1.5439445980820497e-05,9.8e-05,0.00013581818181818183,3
learned+queuePress0.2/0,loss,84,0.00012048484848484848,1.0249056486396223e-05,0.0001081818181818182,0.00013327272727272726,3
learned+queuePress0.2/0,loss,85,0.00012345454545454544,1.2772862071972824e-05,0.00010809090909090908,0.00013936363636363636,3
learned+queuePress0.2/0,loss,86,0.00012515151515151516,8.042700550162089e-06,0.00011609090909090909,0.00013563636363636363,3
learned+queuePress0.2/0,loss,87,0.00012624242424242425,9.584863334567293e-06,0.00011481818181818182,0.00013827272727272728,3
learned+queuePress0.2/0,loss,88,0.00012257575757575756,6.629233751238399e-06,0.00011354545454545454,0.00012927272727272728,3
learned+queuePress0.2/0,loss,89,0.00012406060606060605,3.797442472198911e-06,0.00011872727272727274,0.00012727272727272728,3
learned+queuePress0.2/0,loss,90,0.00012615151515151516,1.986640412495002e-06,0.00012345454545454546,0.0001281818181818182,3
learned+queuePress0.2/0,loss,91,0.00012372727272727272,2.716138889732915e-06,0.00011990909090909092,0.000126,3
learned+queuePress0.2/0,loss,92,0.0001220909090909091,4.156709866541154e-06,0.00011627272727272727,0.00012572727272727274,3
learned+queuePress0.2/0,loss,93,0.00012166666666666667,7.3106335373953754e-06,0.00011327272727272728,0.0001310909090909091,3
learned+queuePress0.2/0,loss,94,0.00011827272727272728,9.354658832543189e-06,0.00010836363636363635,0.00013081818181818181,3
learned+queuePress0.2/0,loss,95,0.00011630303030303031,1.0757618437815473e-05,0.0001069090909090909,0.00013136363636363638,3
learned+queuePress0.2/0,loss,96,0.00011096969696969699,1.642418651449726e-05,9.863636363636366e-05,0.0001341818181818182,3
learned+queuePress0.2/0,loss,97,0.00011069696969696968,1.5270983546440802e-05,9.90909090909091e-05,0.00013227272727272727,3
learned+queuePress0.2/0,loss,98,0.00011309090909090911,1.7156707641033278e-05,9.854545454545458e-05,0.0001371818181818182,3
learned+queuePress0.2/0,loss,99,0.00011554545454545454,1.7459437445773137e-05,0.00010036363636363637,0.00014000000000000001,3
learned+queuePress0.2/0,loss,100,0.00011672727272727274,1.7687834919294995e-05,9.963636363636365e-05,0.0001410909090909091,3
learned+queuePress0.2/0,loss,101,0.00011881818181818183,1.8296456776614212e-05,9.72727272727273e-05,0.000142,3
learned+queuePress0.2/0,loss,102,0.00011700000000000001,1.5959314663164795e-05,9.736363636363636e-05,0.00013645454545454548,3
learned+queuePress0.2/0,loss,103,0.00011636363636363638,1.6042471179425575e-05,9.763636363636364e-05,0.00013681818181818185,3
learned+queuePress0.2/0,loss,104,0.00011745454545454544,1.0707480457187242e-05,0.00010363636363636365,0.00012972727272727273,3
learned+queuePress0.2/0,loss,105,0.0001198181818181818,9.356131149286258e-06,0.00010854545454545454,0.00013145454545454544,3
learned+queuePress0.2/0,loss,106,0.00012033333333333334,3.7514613008324693e-06,0.00011563636363636364,0.0001248181818181818,3
learned+queuePress0.2/0,loss,107,0.00012145454545454546,1.579831563362062e-06,0.00011936363636363638,0.00012318181818181818,3
learned+queuePress0.2/0,loss,108,0.00011830303030303032,2.3406026081609e-06,0.00011518181818181822,0.00012081818181818183,3
learned+queuePress0.2/0,loss,109,0.00012090909090909091,7.3138986148058034e-06,0.00011318181818181821,0.00013072727272727273,3
learned+queuePress0.2/0,loss,110,0.00011978787878787878,1.0858806669119702e-05,0.00010699999999999999,0.00013354545454545452,3
learned+queuePress0.2/0,loss,111,0.00011572727272727272,1.2796564621635856e-05,0.00010627272727272726,0.0001338181818181818,3
learned+queuePress0.2/0,loss,112,0.00011827272727272728,1.2159636068209247e-05,0.00010645454545454544,0.00013500000000000003,3
learned+queuePress0.2/0,loss,113,0.00011936363636363638,1.1451899646331272e-05,0.00010972727272727272,0.00013545454545454548,3
learned+queuePress0.2/0,loss,114,0.00011951515151515151,1.0722991784046765e-05,0.00010800000000000001,0.0001338181818181818,3
learned+queuePress0.2/0,loss,115,0.00011969696969696972,1.1001961591522693e-05,0.00010581818181818183,0.00013272727272727272,3
learned+queuePress0.2/0,loss,116,0.000122,1.1305182994292265e-05,0.0001070909090909091,0.00013445454545454543,3
learned+queuePress0.2/0,loss,117,0.00012215151515151514,1.38882460824618e-05,0.00010290909090909091,0.00013518181818181817,3
learned+queuePress0.2/0,loss,118,0.00012342424242424243,1.171971410940745e-05,0.00010736363636363638,0.000135,3
learned+queuePress0.2/0,loss,119,0.00012203030303030304,8.1122745935851e-06,0.0001130909090909091,0.00013272727272727272,3
learned+queuePress0.2/0,loss,120,0.00011390909090909091,2.1678848027296996e-06,0.00011109090909090907,0.00011636363636363637,3
learned+queuePress0.2/0,loss,121,0.000113,5.323165238302306e-06,0.00010836363636363635,0.00012045454545454546,3
learned+queuePress0.2/0,loss,122,0.00011369696969696968,4.543231779756724e-06,0.00010727272727272726,0.000117,3
learned+queuePress0.2/0,loss,123,0.00010803030303030302,6.034945677440703e-06,9.99090909090909e-05,0.00011436363636363635,3
learned+queuePress0.2/0,loss,124,0.0001104848484848485,6.415517230954922e-06,0.00010554545454545453,0.00011954545454545455,3
learned+queuePress0.2/0,loss,125,0.00010863636363636365,8.082222098506485e-06,9.954545454545458e-05,0.00011918181818181818,3
learned+queuePress0.2/0,loss,126,0.00010863636363636364,7.659057189027462e-06,9.827272727272727e-05,0.00011654545454545452,3
learned+queuePress0.2/0,loss,127,0.0001051212121212121,1.021459371201621e-05,9.099999999999999e-05,0.00011481818181818182,3
learned+queuePress0.2/0,loss,128,0.00010275757575757575,7.349718734272141e-06,9.327272727272727e-05,0.00011118181818181817,3
learned+queuePress0.2/0,loss,129,0.00010221212121212121,6.835466306894548e-06,9.363636363636362e-05,0.00011036363636363636,3
learned+queuePress0.2/0,loss,130,0.00010375757575757575,6.103936016571478e-06,9.827272727272727e-05,0.00011227272727272727,3
learned+queuePress0.2/0,loss,131,0.00010730303030303031,4.9014156235504255e-06,0.00010218181818181818,0.00011390909090909091,3
learned+queuePress0.2/0,loss,132,0.00010815151515151516,1.1251282959188769e-05,9.900000000000001e-05,0.00012399999999999998,3
learned+queuePress0.2/0,loss,133,0.00011,1.453124305740525e-05,9.59090909090909e-05,0.00013,3
learned+queuePress0.2/0,loss,134,0.00010878787878787878,1.4019728982209999e-05,9.445454545454545e-05,0.00012781818181818182,3
learned+queuePress0.2/0,loss,135,0.00010618181818181819,1.1196467368893626e-05,9.672727272727273e-05,0.00012190909090909091,3
learned+queuePress0.2/0,loss,136,0.000107,1.0929022196463827e-05,9.627272727272727e-05,0.00012200000000000001,3
learned+queuePress0.2/0,loss,137,0.00010951515151515151,5.3072710316592445e-06,0.00010436363636363638,0.00011681818181818181,3
learned+queuePress0.2/0,loss,138,0.00011430303030303031,3.517240758435618e-06,0.00011163636363636366,0.00011927272727272729,3
learned+queuePress0.2/0,loss,139,0.00011139393939393938,9.687495371603537e-07,0.00011045454545454545,0.00011272727272727272,3
learned+queuePress0.2/0,loss,140,0.00010872727272727271,2.33903278732157e-06,0.0001058181818181818,0.00011154545454545454,3
learned+queuePress0.2/0,loss,141,0.00010606060606060606,2.3987293851107197e-06,0.0001028181818181818,0.00010854545454545456,3
learned+queuePress0.2/0,loss,142,0.00010209090909090908,1.8734038201301439e-06,0.00010018181818181818,0.00010463636363636362,3
learned+queuePress0.2/0,loss,143,0.00010042424242424242,5.684221713849187e-06,9.609090909090909e-05,0.00010845454545454544,3
learned+queuePress0.2/0,loss,144,9.772727272727271e-05,8.652457094612184e-06,8.554545454545453e-05,0.00010481818181818182,3
learned+queuePress0.2/0,loss,145,9.660606060606059e-05,1.1291610121538148e-05,8.109090909090908e-05,0.00010763636363636363,3
learned+queuePress0.2/0,loss,146,9.090909090909089e-05,1.029670037281327e-05,7.663636363636363e-05,0.00010054545454545452,3
learned+queuePress0.2/0,loss,147,8.896969696969696e-05,1.1599452189338323e-05,7.263636363636363e-05,9.845454545454544e-05,3
learned+queuePress0.2/0,loss,148,8.578787878787878e-05,1.167425963068757e-05,6.936363636363637e-05,9.545454545454545e-05,3
learned+queuePress0.2/0,loss,149,8.166666666666667e-05,9.243964104212174e-06,7.1e-05,9.354545454545454e-05,3
learned+queuePress0.2/0,loss,150,8.281818181818183e-05,6.393436717279007e-06,7.618181818181818e-05,9.145454545454547e-05,3
learned+queuePress0.2/0,loss,151,8.47878787878788e-05,1.2751996188645327e-05,6.818181818181818e-05,9.918181818181818e-05,3
learned+queuePress0.2/0,loss,152,8.675757575757575e-05,1.4519737366302783e-05,6.863636363636364e-05,0.00010418181818181817,3
learned+queuePress0.2/0,loss,153,8.790909090909091e-05,1.669974678549722e-05,6.827272727272727e-05,0.0001090909090909091,3
learned+queuePress0.2/0,loss,154,8.757575757575757e-05,1.7241492225968877e-05,7.136363636363636e-05,0.00011145454545454546,3
learned+queuePress0.2/0,loss,155,8.848484848484848e-05,1.2707849536923077e-05,7.927272727272728e-05,0.00010645454545454544,3
learned+queuePress0.2/0,loss,156,8.609090909090909e-05,1.2658472048416868e-05,7.363636363636363e-05,0.00010345454545454547,3
learned+queuePress0.2/0,loss,157,8.872727272727272e-05,1.0451778289912568e-05,8.027272727272728e-05,0.00010345454545454547,3
learned+queuePress0.2/0,loss,158,9.021212121212121e-05,7.386359751358735e-06,8.109090909090908e-05,9.918181818181818e-05,3
learned+queuePress0.2/0,loss,159,8.800000000000001e-05,9.16545196058946e-06,7.536363636363638e-05,9.681818181818181e-05,3
learned+queuePress0.2/0,loss,160,8.772727272727274e-05,8.116235471997756e-06,7.627272727272727e-05,9.409090909090911e-05,3
learned+queuePress0.2/0,loss,161,8.678787878787879e-05,5.5790504110860936e-06,7.890909090909091e-05,9.10909090909091e-05,3
learned+queuePress0.2/0,loss,162,8.436363636363637e-05,8.201323551048375e-06,7.309090909090908e-05,9.236363636363636e-05,3
learned+queuePress0.2/0,loss,163,8.187878787878789e-05,1.2675508006149408e-05,6.727272727272727e-05,9.818181818181818e-05,3
learned+queuePress0.2/0,loss,164,7.954545454545454e-05,1.250388369419744e-05,6.836363636363636e-05,9.7e-05,3
learned+queuePress0.2/0,loss,165,7.984848484848485e-05,1.1807998720887047e-05,6.472727272727272e-05,9.354545454545454e-05,3
learned+queuePress0.2/0,loss,166,8.136363636363636e-05,9.026438058394835e-06,6.972727272727272e-05,9.172727272727274e-05,3
learned+queuePress0.2/0,loss,167,8.266666666666665e-05,7.41539361346435e-06,7.409090909090908e-05,9.218181818181817e-05,3
learned+queuePress0.2/0,loss,168,8.409090909090908e-05,7.74098604919128e-06,7.354545454545454e-05,9.190909090909089e-05,3
learned+queuePress0.2/0,loss,169,8.5e-05,6.55092364105736e-06,7.59090909090909e-05,9.10909090909091e-05,3
learned+queuePress0.2/0,loss,170,8.775757575757576e-05,4.759987807779682e-06,8.381818181818181e-05,9.445454545454545e-05,3
learned+queuePress0.2/0,loss,171,9.009090909090909e-05,4.013064065722387e-06,8.627272727272726e-05,9.563636363636363e-05,3
learned+queuePress0.2/0,loss,172,9.366666666666666e-05,4.8675760499849964e-06,8.69090909090909e-05,9.818181818181818e-05,3
learned+queuePress0.2/0,loss,173,9.875757575757576e-05,6.720034325855741e-06,8.945454545454546e-05,0.00010509090909090908,3
learned+queuePress0.2/0,loss,174,0.00010057575757575758,6.251978566528103e-06,9.200000000000001e-05,0.00010672727272727271,3
learned+queuePress0.2/0,loss,175,0.00010442424242424241,1.1508131831677977e-05,8.854545454545455e-05,0.00011545454545454545,3
learned+queuePress0.2/0,loss,176,0.00010696969696969696,6.529160414696881e-06,9.818181818181818e-05,0.00011381818181818181,3
learned+queuePress0.2/0,loss,177,0.00010224242424242422,7.026252751777726e-06,9.336363636363635e-05,0.00011054545454545453,3
learned+queuePress0.2/0,loss,178,0.00010554545454545453,5.540733211219096e-06,9.80909090909091e-05,0.00011136363636363636,3
learned+queuePress0.2/0,loss,179,0.00010815151515151517,8.424787425143807e-06,9.636363636363639e-05,0.00011554545454545454,3
learned+queuePress0.2/0,loss,180,0.00010730303030303032,7.929556709245617e-06,9.636363636363639e-05,0.0001149090909090909,3
learned+queuePress0.2/0,loss,181,0.00010593939393939394,3.7858176210282165e-06,0.00010127272727272729,0.00011054545454545455,3
learned+queuePress0.2/0,loss,182,0.00010503030303030303,2.4136130608169552e-06,0.00010181818181818183,0.00010763636363636365,3
learned+queuePress0.2/0,loss,183,0.00010375757575757575,3.4595922730939577e-06,9.909090909090908e-05,0.00010736363636363634,3
learned+queuePress0.2/0,loss,184,9.699999999999999e-05,5.6660994692638714e-06,8.954545454545452e-05,0.00010327272727272725,3
learned+queuePress0.2/0,loss,185,9.760606060606062e-05,1.1459915367870352e-05,8.41818181818182e-05,0.00011218181818181818,3
learned+queuePress0.2/0,loss,186,9.242424242424243e-05,1.6068094309192643e-05,7.445454545454547e-05,0.00011345454545454545,3
learned+queuePress0.2/0,loss,187,9.690909090909091e-05,1.6232470943995518e-05,7.981818181818182e-05,0.00011872727272727275,3
learned+queuePress0.2/0,loss,188,9.98787878787879e-05,1.7550295035441363e-05,7.918181818181818e-05,0.0001220909090909091,3
learned+queuePress0.2/0,loss,189,9.575757575757576e-05,1.702151180405255e-05,7.6e-05,0.00011754545454545454,3
learned+queuePress0.2/0,loss,190,9.345454545454545e-05,1.1078482855027839e-05,8.036363636363638e-05,0.00010745454545454544,3
learned+queuePress0.2/0,loss,191,9.360606060606059e-05,8.513264106580572e-06,8.436363636363637e-05,0.00010490909090909092,3
learned+queuePress0.2/0,loss,192,9.169696969696969e-05,8.2205592342035e-06,8.400000000000001e-05,0.00010309090909090907,3
learned+queuePress0.2/0,loss,193,9.009090909090908e-05,1.0634680001428447e-05,8.045454545454546e-05,0.00010490909090909089,3
learned+queuePress0.2/0,loss,194,8.948484848484849e-05,1.5089509488462088e-05,7.836363636363637e-05,0.00011081818181818182,3
learned+queuePress0.2/0,loss,195,9.366666666666666e-05,1.535481786243697e-05,8.036363636363636e-05,0.00011518181818181819,3
learned+queuePress0.2/0,loss,196,9.57878787878788e-05,1.1868037807311529e-05,8.418181818181818e-05,0.00011209090909090908,3
learned+queuePress0.2/0,loss,197,9.645454545454546e-05,1.1767256246008612e-05,8.5e-05,0.00011263636363636364,3
learned+queuePress0.2/0,loss,198,8.903030303030303e-05,4.9971525408964645e-06,8.372727272727274e-05,9.572727272727272e-05,3
learned+queuePress0.2/0,loss,199,8.839393939393939e-05,5.746880017515664e-06,8.272727272727273e-05,9.627272727272727e-05,3
learned+queuePress0.2/0,loss,200,8.939393939393939e-05,8.225919303823799e-06,8.145454545454546e-05,0.00010072727272727272,3
learned+queuePress0.2/0,loss,201,9.03939393939394e-05,7.935460510706861e-06,8.372727272727274e-05,0.00010154545454545454,3
learned+queuePress0.2/0,loss,202,9.372727272727272e-05,1.2859914870181662e-05,8.427272727272727e-05,0.0001119090909090909,3
learned+queuePress0.2/0,loss,203,9.415151515151516e-05,1.4650441814591057e-05,8.254545454545456e-05,0.00011481818181818182,3
learned+queuePress0.2/0,loss,204,9.793939393939394e-05,1.067871220693445e-05,8.872727272727271e-05,0.00011290909090909091,3
learned+queuePress0.2/0,loss,205,9.881818181818184e-05,4.715603312467132e-06,9.390909090909091e-05,0.00010518181818181819,3
learned+queuePress0.2/0,loss,206,0.00010121212121212122,5.549840954380254e-06,9.336363636363638e-05,0.00010518181818181819,3
learned+queuePress0.2/0,loss,207,0.0001015151515151515,7.866774057258293e-06,9.245454545454547e-05,0.00011163636363636363,3
learned+queuePress0.2/0,loss,208,0.00010248484848484848,7.65306015004709e-06,9.336363636363635e-05,0.00011209090909090908,3
learned+queuePress0.2/0,loss,209,0.00011366666666666666,7.396795275586852e-06,0.00010490909090909092,0.000123,3
learned+queuePress0.2/0,loss,210,0.00011881818181818181,9.281635649527437e-06,0.00010645454545454544,0.00012881818181818182,3
learned+queuePress0.2/0,loss,211,0.00011954545454545453,1.1264170750646694e-05,0.00010390909090909091,0.00013000000000000002,3
learned+queuePress0.2/0,loss,212,0.00012372727272727272,6.148304879603971e-06,0.00011727272727272728,0.000132,3
learned+queuePress0.2/0,loss,213,0.00012012121212121213,8.712213438247022e-06,0.00010863636363636365,0.00012972727272727273,3
learned+queuePress0.2/0,loss,214,0.00012163636363636364,6.533237757213995e-06,0.00011354545454545455,0.00012954545454545456,3
learned+queuePress0.2/0,loss,215,0.0001170909090909091,8.156864303254527e-06,0.00010563636363636365,0.000124,3
learned+queuePress0.2/0,loss,216,0.00011666666666666668,9.025624169203472e-06,0.00010400000000000001,0.00012436363636363638,3
learned+queuePress0.2/0,loss,217,0.00011078787878787879,9.163447969844721e-06,0.00010045454545454546,0.00012272727272727272,3
learned+queuePress0.2/0,loss,218,0.00010781818181818181,1.02918834531768e-05,0.00010009090909090906,0.00012236363636363638,3
learned+queuePress0.2/0,loss,219,0.00010978787878787877,1.4388802911273323e-05,9.845454545454544e-05,0.0001300909090909091,3
learned+queuePress0.2/0,loss,220,9.887878787878788e-05,5.1261407160704255e-06,9.245454545454547e-05,0.00010500000000000002,3
learned+queuePress0.2/0,loss,221,9.412121212121212e-05,6.626324217501388e-06,8.690909090909093e-05,0.00010290909090909092,3
learned+queuePress0.2/0,loss,222,9.52121212121212e-05,7.269822652291858e-06,8.872727272727274e-05,0.00010536363636363635,3
learned+queuePress0.2/0,loss,223,9.096969696969697e-05,1.194715944969502e-05,7.509090909090909e-05,0.00010390909090909091,3
learned+queuePress0.2/0,loss,224,9.415151515151516e-05,1.2372842680496955e-05,7.736363636363636e-05,0.00010681818181818183,3
learned+queuePress0.2/0,loss,225,9.493939393939394e-05,1.4767310584248034e-05,7.572727272727272e-05,0.00011163636363636366,3
learned+queuePress0.2/0,loss,226,9.560606060606061e-05,1.250571953628795e-05,8.1e-05,0.00011154545454545457,3
learned+queuePress0.2/0,loss,227,9.357575757575758e-05,1.1775291246088625e-05,8.227272727272727e-05,0.00010981818181818183,3
learned+queuePress0.2/0,loss,228,9.418181818181818e-05,1.2934247787955056e-05,8.236363636363637e-05,0.00011218181818181817,3
learned+queuePress0.2/0,loss,229,9.436363636363636e-05,1.7608694321342497e-05,8.018181818181819e-05,0.00011918181818181819,3
learned+queuePress0.2/0,loss,230,9.221212121212121e-05,1.2845840208097482e-05,7.672727272727274e-05,0.00010818181818181817,3
learned+queuePress0.2/0,loss,231,9.045454545454543e-05,1.3580694448664577e-05,7.90909090909091e-05,0.00010954545454545453,3
learned+queuePress0.2/0,loss,232,8.836363636363635e-05,1.2731384617156616e-05,7.290909090909091e-05,0.00010409090909090907,3
learned+queuePress0.2/0,loss,233,8.49090909090909e-05,1.5682981950669116e-05,6.672727272727275e-05,0.00010499999999999998,3
learned+queuePress0.2/0,loss,234,8.166666666666667e-05,1.6824541522099e-05,6.563636363636365e-05,0.00010490909090909089,3
learned+queuePress0.2/0,loss,235,7.875757575757574e-05,1.637328559499864e-05,6.681818181818182e-05,0.00010190909090909089,3
learned+queuePress0.2/0,loss,236,7.703030303030303e-05,1.7409242555448917e-05,6.4e-05,0.00010163636363636363,3
learned+queuePress0.2/0,loss,237,7.854545454545454e-05,1.7764297000835256e-05,6.163636363636363e-05,0.0001030909090909091,3
learned+queuePress0.2/0,loss,238,7.657575757575757e-05,1.6980353796658304e-05,5.8818181818181806e-05,9.945454545454546e-05,3
learned+queuePress0.2/0,loss,239,7.793939393939394e-05,1.5281442919577847e-05,5.990909090909091e-05,9.727272727272727e-05,3
learned+queuePress0.2/0,loss,240,7.872727272727274e-05,1.0997620579116371e-05,6.345454545454546e-05,8.890909090909092e-05,3
learned+queuePress0.2/0,loss,241,8.172727272727274e-05,1.2602199292077767e-05,6.4e-05,9.21818181818182e-05,3
learned+queuePress0.2/0,loss,242,9.721212121212122e-05,5.816445447970729e-06,8.900000000000001e-05,0.00010172727272727273,3
learned+queuePress0.2/0,loss,243,9.833333333333334e-05,7.340717544487884e-06,8.800000000000001e-05,0.00010436363636363638,3
learned+queuePress0.2/0,loss,244,0.00010236363636363637,1.0615234128001438e-05,8.927272727272728e-05,0.00011527272727272727,3
learned+queuePress0.2/0,loss,245,0.00010656666666666668,1.4225407629387013e-05,8.83e-05,0.000123,3
learned+queuePress0.2/0,loss,246,0.00010840740740740739,1.4336443341420348e-05,8.911111111111111e-05,0.00012344444444444444,3
learned+queuePress0.2/0,loss,247,0.00011095833333333331,1.928307043900311e-05,8.4e-05,0.000128,3
learned+queuePress0.2/0,loss,248,0.00011247619047619047,2.4234212431069316e-05,7.971428571428572e-05,0.00013757142857142855,3
learned+queuePress0.2/0,loss,249,0.00012194444444444442,2.877960097184749e-05,8.4e-05,0.00015366666666666664,3
learned+queuePress0.2/0,reward,0,-384.3625666666667,1.5722692175347899,-386.3802,-382.5444833333333,3
learned+queuePress0.2/0,reward,1,-383.6772428571428,1.5412866377569057,-385.3301142857143,-381.6202142857142,3
learned+queuePress0.2/0,reward,2,-382.8713875,0.6522535274435305,-383.613325,-382.0257624999999,3
learned+queuePress0.2/0,reward,3,-381.7203222222222,0.31949675333399297,-382.08225555555555,-381.30511111111105,3
learned+queuePress0.2/0,reward,4,-381.0005733333333,0.45430119864344554,-381.61954999999995,-380.54197,3
learned+queuePress0.2/0,reward,5,-380.22526666666664,0.8128248596531258,-381.1902363636363,-379.2018090909091,3
learned+queuePress0.2/0,reward,6,-378.3624303030303,1.138003152216044,-379.96727272727276,-377.4554272727273,3
learned+queuePress0.2/0,reward,7,-376.083103030303,1.756156434705882,-378.22559090909095,-373.92400000000004,3
learned+queuePress0.2/0,reward,8,-374.1237303030303,2.004644681201497,-376.6395090909091,-371.7340090909092,3
learned+queuePress0.2/0,reward,9,-372.45153939393936,2.800033936849907,-376.0838454545454,-369.26971818181823,3
learned+queuePress0.2/0,reward,10,-370.55585757575756,3.407126475034037,-375.36865454545455,-367.94820000000004,3
learned+queuePress0.2/0,reward,11,-368.5165303030303,4.0288850573872095,-374.2107727272727,-365.49743636363644,3
learned+queuePress0.2/0,reward,12,-365.9832272727272,4.788252569067275,-372.7174454545455,-362.0006727272727,3
learned+queuePress0.2/0,reward,13,-363.63437575757575,4.360665194008068,-369.67488181818186,-359.53833636363635,3
learned+queuePress0.2/0,reward,14,-361.3946181818182,4.8327919746393135,-368.08899090909097,-356.85459999999995,3
learned+queuePress0.2/0,reward,15,-359.11142727272727,4.52418076982694,-365.39061818181824,-354.9082818181818,3
learned+queuePress0.2/0,reward,16,-356.8860272727273,4.885882755584988,-363.63160000000005,-352.2168181818181,3
learned+queuePress0.2/0,reward,17,-354.75968484848494,4.67196048758916,-361.13714545454553,-350.07535454545456,3
learned+queuePress0.2/0,reward,18,-352.7054727272727,5.078706865201477,-359.4061909090909,-347.11565454545456,3
learned+queuePress0.2/0,reward,19,-350.5318272727273,5.474988083934846,-357.89235454545457,-344.7706454545455,3
learned+queuePress0.2/0,reward,20,-347.42598484848486,5.417353510899674,-354.74749090909097,-341.81120000000004,3
learned+queuePress0.2/0,reward,21,-345.0464060606061,5.434262089479416,-352.6282545454545,-340.1676,3
learned+queuePress0.2/0,reward,22,-342.2609606060607,5.632026661165966,-350.15993636363635,-337.4259090909091,3
learned+queuePress0.2/0,reward,23,-339.58061212121214,5.709305811060201,-347.65326363636365,-335.40833636363635,3
learned+queuePress0.2/0,reward,24,-336.9545696969697,6.612673813117937,-346.3058636363636,-332.20044545454545,3
learned+queuePress0.2/0,reward,25,-334.40040606060603,6.583741711995257,-343.7090818181818,-329.57315454545454,3
learned+queuePress0.2/0,reward,26,-331.57414242424244,6.752514799391161,-341.0929545454546,-326.1522818181818,3
learned+queuePress0.2/0,reward,27,-328.8828848484848,6.303361866388493,-337.7053545454545,-323.3664,3
learned+queuePress0.2/0,reward,28,-326.6065212121212,6.1052214403328735,-335.1638454545454,-321.333,3
learned+queuePress0.2/0,reward,29,-324.0267787878788,5.6337308789453315,-331.9382454545455,-319.2556272727273,3
learned+queuePress0.2/0,reward,30,-321.88621515151516,5.356678596128592,-329.3228818181818,-316.91768181818185,3
learned+queuePress0.2/0,reward,31,-320.0609181818182,5.0993850059652805,-327.04949090909093,-315.0253727272727,3
learned+queuePress0.2/0,reward,32,-317.8073090909091,4.2844093512321795,-323.3882363636364,-312.9737636363636,3
learned+queuePress0.2/0,reward,33,-316.5573484848485,3.595140356416213,-321.01395454545457,-312.2097181818182,3
learned+queuePress0.2/0,reward,34,-315.4280848484849,3.4054215905986385,-318.54379090909094,-310.68988181818185,3
learned+queuePress0.2/0,reward,35,-314.15837272727276,3.427559778695143,-317.1723818181818,-309.3636545454546,3
learned+queuePress0.2/0,reward,36,-313.10249090909093,4.1310965757977165,-317.43738181818185,-307.5430727272727,3
learned+queuePress0.2/0,reward,37,-311.9508909090909,4.184671645626198,-316.6973818181818,-306.51654545454545,3
learned+queuePress0.2/0,reward,38,-311.342,4.177569988915362,-316.02730909090906,-305.8826090909091,3
learned+queuePress0.2/0,reward,39,-309.6973212121212,4.107866031532787,-314.1798818181818,-304.2557545454546,3
learned+queuePress0.2/0,reward,40,-309.0176303030303,3.7673635211529564,-313.3924545454545,-304.1967363636364,3
learned+queuePress0.2/0,reward,41,-308.21674242424245,2.78696912952834,-311.8318727272727,-305.04942727272726,3
learned+queuePress0.2/0,reward,42,-307.46968787878785,2.174671974331129,-310.47654545454543,-305.4068818181818,3
learned+queuePress0.2/0,reward,43,-307.1674939393939,2.213745460448144,-310.29576363636363,-305.49635454545455,3
learned+queuePress0.2/0,reward,44,-306.52652121212117,1.9041396454960733,-309.1874636363636,-304.8380545454546,3
learned+queuePress0.2/0,reward,45,-305.8959454545454,1.0018136901675756,-307.22983636363637,-304.8154818181818,3
learned+queuePress0.2/0,reward,46,-305.55823939393935,1.3537928560522539,-307.2976181818181,-303.99569090909097,3
learned+queuePress0.2/0,reward,47,-305.02260606060605,3.1123792762172475,-309.30891818181817,-302.01284545454547,3
learned+queuePress0.2/0,reward,48,-304.80499696969696,4.09658327731874,-310.4802,-300.95890909090906,3
learned+queuePress0.2/0,reward,49,-303.8689878787879,5.345708306759294,-311.3738181818182,-299.3272454545454,3
learned+queuePress0.2/0,reward,50,-304.212793939394,6.473741248891117,-313.29546363636365,-298.6750545454545,3
learned+queuePress0.2/0,reward,51,-304.39269393939395,7.118941027205785,-314.4601909090909,-299.3031727272727,3
learned+queuePress0.2/0,reward,52,-303.6001484848485,6.92735665922798,-313.36531818181817,-298.0367545454546,3
learned+queuePress0.2/0,reward,53,-303.4912,6.9195231937717825,-313.1755909090909,-297.43280909090913,3
learned+queuePress0.2/0,reward,54,-303.7054848484848,7.3414287211166185,-314.08432727272725,-298.2824272727273,3
learned+queuePress0.2/0,reward,55,-303.86008484848486,6.965632179973674,-313.7068,-298.6883363636364,3
learned+queuePress0.2/0,reward,56,-303.8237424242424,6.836776171008527,-313.47514545454544,-298.49796363636364,3
learned+queuePress0.2/0,reward,57,-304.24018181818184,5.968987094399946,-312.65187272727275,-299.42130909090906,3
learned+queuePress0.2/0,reward,58,-304.3326848484848,5.0337559947109485,-311.4504727272727,-300.66952727272724,3
learned+queuePress0.2/0,reward,59,-304.4946242424242,4.440233947205247,-310.72790000000003,-300.7197909090909,3
learned+queuePress0.2/0,reward,60,-304.9334242424242,3.261548931273736,-309.50918181818184,-302.14217272727274,3
learned+queuePress0.2/0,reward,61,-304.6147090909091,2.025507596919631,-307.4763272727273,-303.0726454545454,3
learned+queuePress0.2/0,reward,62,-304.6716333333334,1.2455640056816748,-306.0377454545455,-303.0255363636364,3
learned+queuePress0.2/0,reward,63,-305.51310909090904,0.9111918541346317,-306.77701818181816,-304.66365454545456,3
learned+queuePress0.2/0,reward,64,-305.535796969697,0.5016214812851025,-306.0925363636363,-304.87668181818185,3
learned+queuePress0.2/0,reward,65,-305.10837272727275,0.8516097435220413,-306.2980818181818,-304.3513363636364,3
learned+queuePress0.2/0,reward,66,-304.2894636363637,1.551116472457646,-306.3203454545455,-302.55598181818186,3
learned+queuePress0.2/0,reward,67,-303.68026363636363,1.4833298328060671,-305.5753636363636,-301.9537090909091,3
learned+queuePress0.2/0,reward,68,-302.9133151515152,1.5477567850580634,-304.73122727272727,-300.94855454545456,3
learned+queuePress0.2/0,reward,69,-302.8408757575758,3.0359928902337807,-306.5163272727273,-299.0811272727273,3
learned+queuePress0.2/0,reward,70,-302.137803030303,3.2970427685836063,-306.4269636363636,-298.4095363636364,3
learned+queuePress0.2/0,reward,71,-301.55536060606056,4.175020346499216,-307.31836363636364,-297.5616363636363,3
learned+queuePress0.2/0,reward,72,-301.5928303030303,4.0340102113812195,-307.27743636363635,-298.33363636363634,3
learned+queuePress0.2/0,reward,73,-300.55363030303033,4.348022131219201,-306.56164545454544,-296.4157090909091,3
learned+queuePress0.2/0,reward,74,-300.18587575757573,5.119294213284378,-307.2001545454545,-295.1261,3
learned+queuePress0.2/0,reward,75,-300.0988393939394,5.662730044669806,-307.9258545454545,-294.71797272727275,3
learned+queuePress0.2/0,reward,76,-299.4289181818182,4.835234355176209,-306.0253272727272,-294.5703363636364,3
learned+queuePress0.2/0,reward,77,-299.80361818181814,5.5160655052025795,-307.5682818181818,-295.27092727272725,3
learned+queuePress0.2/0,reward,78,-300.0842242424242,6.173572272525481,-308.8030818181818,-295.3302909090909,3
learned+queuePress0.2/0,reward,79,-299.8021272727273,7.013735391857699,-309.6785454545455,-294.0695636363637,3
learned+queuePress0.2/0,reward,80,-299.4983212121212,6.72382788698463,-308.95169090909087,-293.8827363636364,3
learned+queuePress0.2/0,reward,81,-299.01332424242423,7.7937168102388945,-310.01266363636364,-292.90215454545455,3
learned+queuePress0.2/0,reward,82,-298.7626515151515,7.687599647732662,-309.62089999999995,-292.8617090909092,3
learned+queuePress0.2/0,reward,83,-298.0056090909091,8.026429623389735,-309.06692727272724,-290.2679636363637,3
learned+queuePress0.2/0,reward,84,-298.3361,8.072400254333951,-309.5670636363636,-290.94732727272725,3
learned+queuePress0.2/0,reward,85,-297.62231212121213,8.851841784888679,-310.0377363636363,-290.02694545454546,3
learned+queuePress0.2/0,reward,86,-297.5478272727273,9.168191059050919,-310.3497636363636,-289.3674181818182,3
learned+queuePress0.2/0,reward,87,-297.7120272727273,9.586331034017844,-310.9799,-288.6657727272728,3
learned+queuePress0.2/0,reward,88,-297.3105454545455,9.207130761839938,-309.97562727272725,-288.3600545454546,3
learned+queuePress0.2/0,reward,89,-296.9883757575758,8.762505466112671,-308.8052090909091,-287.84822727272734,3
learned+queuePress0.2/0,reward,90,-297.27943636363636,8.788126389068843,-308.7225,-287.35802727272727,3
learned+queuePress0.2/0,reward,91,-297.0642606060606,8.36102008725416,-307.973,-287.659,3
learned+queuePress0.2/0,reward,92,-297.2033424242424,8.028381754215705,-307.1626,-287.5022454545454,3
learned+queuePress0.2/0,reward,93,-297.0052181818182,7.545729152005611,-306.46091818181816,-287.99375454545446,3
learned+queuePress0.2/0,reward,94,-297.3739,6.963023097376646,-305.7891363636364,-288.7375818181818,3
learned+queuePress0.2/0,reward,95,-297.66903030303024,6.337627455295263,-304.75733636363634,-289.37459090909084,3
learned+queuePress0.2/0,reward,96,-297.6376666666667,5.606874558718848,-303.0132545454546,-289.90181818181816,3
learned+queuePress0.2/0,reward,97,-297.0010454545455,5.5080832188357505,-301.40729090909093,-289.2349,3
learned+queuePress0.2/0,reward,98,-296.5125848484848,4.803248922974064,-300.0042272727273,-289.7206636363636,3
learned+queuePress0.2/0,reward,99,-295.3909121212121,4.635814391152829,-299.21576363636365,-288.8671909090909,3
learned+queuePress0.2/0,reward,100,-294.9831060606061,4.310792903424715,-298.88125454545457,-288.9747545454545,3
learned+queuePress0.2/0,reward,101,-293.46593333333334,3.445063958066698,-296.8289181818182,-288.7314999999999,3
learned+queuePress0.2/0,reward,102,-292.12312121212125,2.966102431736941,-295.4946545454546,-288.2760545454545,3
learned+queuePress0.2/0,reward,103,-290.8163909090909,2.1317711996502537,-293.73361818181814,-288.69898181818184,3
learned+queuePress0.2/0,reward,104,-289.7769242424242,2.1174613942032496,-292.769309090909,-288.18229999999994,3
learned+queuePress0.2/0,reward,105,-288.2457151515151,1.4085158391403214,-290.19811818181813,-286.92750909090915,3
learned+queuePress0.2/0,reward,106,-286.2373666666667,0.8372203994549904,-287.4124545454546,-285.5241909090909,3
learned+queuePress0.2/0,reward,107,-285.04775757575754,1.0605923111576365,-286.41678181818185,-283.83257272727275,3
learned+queuePress0.2/0,reward,108,-283.5866696969697,0.7597701031266781,-284.18574545454544,-282.51466363636365,3
learned+queuePress0.2/0,reward,109,-283.57972727272727,2.037147285795034,-286.40925454545453,-281.69561818181813,3
learned+queuePress0.2/0,reward,110,-283.14466666666664,2.6263554324251235,-286.7035181818182,-280.44461818181816,3
learned+queuePress0.2/0,reward,111,-282.1146969696969,2.9859126910705625,-286.1129,-278.9390363636363,3
learned+queuePress0.2/0,reward,112,-283.15900606060603,3.7745926453984686,-287.84888181818184,-278.60609999999997,3
learned+queuePress0.2/0,reward,113,-283.4735363636364,4.786560380019305,-289.39560000000006,-277.6728545454545,3
learned+queuePress0.2/0,reward,114,-284.58404545454545,5.455466743286733,-291.3851,-278.0287727272727,3
learned+queuePress0.2/0,reward,115,-285.2229393939394,6.293531465701176,-292.93427272727274,-277.5183363636363,3
learned+queuePress0.2/0,reward,116,-285.9253393939394,6.155228830961999,-293.1713454545454,-278.1248,3
learned+queuePress0.2/0,reward,117,-286.4012696969697,6.987399652863234,-294.1680454545454,-277.22699090909094,3
learned+queuePress0.2/0,reward,118,-287.2798575757576,6.992631807785019,-294.2380909090909,-277.7153,3
learned+queuePress0.2/0,reward,119,-287.58790000000005,7.2090483561318175,-293.77055454545456,-277.4761272727273,3
learned+queuePress0.2/0,reward,120,-287.0894272727273,7.8449976177941085,-293.52838181818186,-276.04557272727277,3
learned+queuePress0.2/0,reward,121,-286.9216303030303,7.641026690178373,-294.09226363636367,-276.33528181818184,3
learned+queuePress0.2/0,reward,122,-286.64766363636363,7.86266590334717,-294.6204818181818,-275.9487363636364,3
learned+queuePress0.2/0,reward,123,-285.7760636363637,8.349218927593277,-294.8329363636364,-274.68683636363636,3
learned+queuePress0.2/0,reward,124,-286.2696818181818,8.272693070362212,-296.07318181818187,-275.8384909090909,3
learned+queuePress0.2/0,reward,125,-286.10321818181814,8.360747205634743,-296.31031818181816,-275.8310636363636,3
learned+queuePress0.2/0,reward,126,-285.66009696969695,8.39794584922526,-296.3016636363636,-275.7724727272727,3
learned+queuePress0.2/0,reward,127,-284.94328484848484,8.66974891669164,-295.84429090909094,-274.63244545454546,3
learned+queuePress0.2/0,reward,128,-284.95635454545453,8.160001872700745,-295.7598363636364,-276.0414909090909,3
learned+queuePress0.2/0,reward,129,-284.16852727272726,7.257691881149838,-293.7083272727273,-276.11909999999995,3
learned+queuePress0.2/0,reward,130,-284.7642696969697,5.951728833120163,-292.8604272727273,-278.7227545454545,3
learned+queuePress0.2/0,reward,131,-285.2749090909091,5.472877422424282,-293.0023090909091,-281.03167272727273,3
learned+queuePress0.2/0,reward,132,-286.4159121212121,6.321752153646924,-295.34536363636363,-281.56974545454545,3
learned+queuePress0.2/0,reward,133,-287.5076303030303,6.8382558988894315,-297.1748,-282.4460363636364,3
learned+queuePress0.2/0,reward,134,-287.7462575757576,7.6088491277626416,-298.4555090909091,-281.48288181818185,3
learned+queuePress0.2/0,reward,135,-287.60898484848485,7.983298371092711,-298.78276363636365,-280.6222454545455,3
learned+queuePress0.2/0,reward,136,-287.58682424242426,8.867645262970349,-299.9069,-279.3983636363637,3
learned+queuePress0.2/0,reward,137,-287.8340757575758,8.994933548702996,-299.99622727272725,-278.5242545454546,3
learned+queuePress0.2/0,reward,138,-288.41751818181814,9.026220070314112,-300.2040727272727,-278.27961818181814,3
learned+queuePress0.2/0,reward,139,-288.04393636363636,9.243673336323063,-299.8347181818182,-277.2596454545455,3
learned+queuePress0.2/0,reward,140,-288.39204545454544,9.294134018324606,-300.4710181818182,-277.86421818181816,3
learned+queuePress0.2/0,reward,141,-288.02220000000005,9.530090570123953,-300.54693636363635,-277.4491272727273,3
learned+queuePress0.2/0,reward,142,-287.2661,9.887444357585663,-300.8193090909091,-277.51036363636365,3
learned+queuePress0.2/0,reward,143,-286.2041909090909,8.894143634073274,-298.1408181818182,-276.80129090909094,3
learned+queuePress0.2/0,reward,144,-285.95659696969693,8.936212709405043,-298.4018272727273,-277.8310818181818,3
learned+queuePress0.2/0,reward,145,-285.5979454545454,8.381501551112134,-297.22435454545456,-277.7861636363636,3
learned+queuePress0.2/0,reward,146,-285.2267575757576,7.629448891442025,-295.90139090909094,-278.5286,3
learned+queuePress0.2/0,reward,147,-284.6696090909091,6.363996112952511,-293.63892727272724,-279.5413909090909,3
learned+queuePress0.2/0,reward,148,-283.62050606060615,6.673722387710464,-293.0186181818182,-278.1701363636364,3
learned+queuePress0.2/0,reward,149,-282.9639242424243,7.51223231774159,-293.41998181818184,-276.106909090909,3
learned+queuePress0.2/0,reward,150,-282.6882121212122,7.828022685932806,-293.4552272727273,-275.0752545454545,3
learned+queuePress0.2/0,reward,151,-281.9005121212121,7.9745412969366045,-292.9894636363636,-274.5766181818181,3
learned+queuePress0.2/0,reward,152,-281.8988727272727,9.24469214293728,-294.67504545454545,-273.1079636363636,3
learned+queuePress0.2/0,reward,153,-281.2663090909091,9.122485949667098,-293.90464545454546,-272.7034909090909,3
learned+queuePress0.2/0,reward,154,-280.9518424242424,9.53840525213509,-293.95028181818185,-271.3297727272727,3
learned+queuePress0.2/0,reward,155,-280.000796969697,8.646381951740874,-291.82444545454547,-271.3888090909091,3
learned+queuePress0.2/0,reward,156,-278.7540878787879,8.6770930070197,-290.60934545454546,-270.0828181818182,3
learned+queuePress0.2/0,reward,157,-277.2543575757575,8.631683189080684,-289.1450363636364,-268.9178363636363,3
learned+queuePress0.2/0,reward,158,-276.4445090909091,9.589668271051675,-289.65182727272725,-267.17295454545456,3
learned+queuePress0.2/0,reward,159,-276.0482212121212,9.63117669707424,-289.5674454545454,-267.85254545454546,3
learned+queuePress0.2/0,reward,160,-275.2238,9.262711744134704,-288.2480090909091,-267.4975181818182,3
learned+queuePress0.2/0,reward,161,-274.40797575757574,8.888000201033535,-286.97082727272726,-267.77173636363636,3
learned+queuePress0.2/0,reward,162,-273.86665454545454,9.253604999119244,-286.9454909090909,-266.9375727272727,3
learned+queuePress0.2/0,reward,163,-272.9658878787879,8.739634151937661,-285.3128818181818,-266.30699090909087,3
learned+queuePress0.2/0,reward,164,-272.5017515151515,8.94667328741856,-285.1526909090909,-266.0038181818182,3
learned+queuePress0.2/0,reward,165,-272.3465181818182,10.158344488229508,-286.71258181818183,-265.15319999999997,3
learned+queuePress0.2/0,reward,166,-272.23611515151515,10.368349474927692,-286.8539090909091,-263.93018181818184,3
learned+queuePress0.2/0,reward,167,-272.61506363636363,10.328089593197957,-287.1787,-264.36912727272727,3
learned+queuePress0.2/0,reward,168,-273.3139060606061,10.973469840486787,-288.77,-264.3786181818182,3
learned+queuePress0.2/0,reward,169,-273.60508484848486,11.257955187064715,-289.39,-263.9127181818182,3
learned+queuePress0.2/0,reward,170,-273.3429181818182,11.391152984810661,-289.3011,-263.45598181818184,3
learned+queuePress0.2/0,reward,171,-273.8018727272727,11.745288940743139,-290.3304545454546,-264.1120272727273,3
learned+queuePress0.2/0,reward,172,-274.1959909090909,12.06142339646594,-291.2446272727273,-265.1974363636363,3
learned+queuePress0.2/0,reward,173,-274.22570606060606,12.291328026059958,-291.5300545454546,-264.1470818181818,3
learned+queuePress0.2/0,reward,174,-273.66333333333336,12.109278793749708,-290.6843272727273,-263.5199636363636,3
learned+queuePress0.2/0,reward,175,-274.6641333333334,12.584295837155295,-292.19166363636367,-263.2290363636363,3
learned+queuePress0.2/0,reward,176,-274.6600121212121,11.318434624515891,-290.4981818181818,-264.7347545454545,3
learned+queuePress0.2/0,reward,177,-274.3341575757575,10.523255775741262,-288.8226272727273,-264.14517272727267,3
learned+queuePress0.2/0,reward,178,-274.54258787878786,11.099120860905057,-289.43189090909095,-262.7947727272727,3
learned+queuePress0.2/0,reward,179,-274.5378121212121,10.724218402898968,-288.51828181818183,-262.45609999999994,3
learned+queuePress0.2/0,reward,180,-273.4602121212121,10.17586794336433,-286.2971727272727,-261.40863636363633,3
learned+queuePress0.2/0,reward,181,-273.33250909090907,9.913132738914511,-285.0465,-260.8052727272727,3
learned+queuePress0.2/0,reward,182,-272.3398090909091,9.917198090611565,-284.0403727272727,-259.7926,3
learned+queuePress0.2/0,reward,183,-271.76236363636366,8.795340951019615,-282.50209090909084,-260.95828181818183,3
learned+queuePress0.2/0,reward,184,-270.6535787878788,7.834088104235373,-280.5187,-261.35421818181817,3
learned+queuePress0.2/0,reward,185,-270.0839363636364,7.290449064747286,-279.1027363636363,-261.24765454545457,3
learned+queuePress0.2/0,reward,186,-268.47806969696967,5.481205030708898,-275.19260909090906,-261.7664545454545,3
learned+queuePress0.2/0,reward,187,-268.50787272727274,4.499022397856981,-273.9636545454545,-262.94490909090905,3
learned+queuePress0.2/0,reward,188,-269.07120000000003,5.361692219632867,-275.9410909090909,-262.85685454545455,3
learned+queuePress0.2/0,reward,189,-268.3626060606061,4.435463359300669,-274.3079818181818,-263.65804545454546,3
learned+queuePress0.2/0,reward,190,-267.47345454545456,4.19829209710534,-273.35746363636366,-263.8442,3
learned+queuePress0.2/0,reward,191,-267.8793787878788,4.934481312139407,-274.8500363636364,-264.1092545454546,3
learned+queuePress0.2/0,reward,192,-268.0734606060607,5.225056687603367,-275.41280909090915,-263.6606181818182,3
learned+queuePress0.2/0,reward,193,-268.73269090909093,4.335036310033777,-274.7109909090909,-264.5672090909091,3
learned+queuePress0.2/0,reward,194,-269.0041212121212,4.100884347173066,-274.5740545454546,-264.81995454545455,3
learned+queuePress0.2/0,reward,195,-270.08569090909094,4.19485929257023,-275.88445454545456,-266.10186363636365,3
learned+queuePress0.2/0,reward,196,-271.61322121212123,4.803571179703258,-277.99988181818185,-266.41505454545455,3
learned+queuePress0.2/0,reward,197,-272.19616060606063,5.287523597547257,-279.16040000000004,-266.3557818181818,3
learned+queuePress0.2/0,reward,198,-273.0126,5.5437708439963345,-280.7091454545455,-267.87108181818184,3
learned+queuePress0.2/0,reward,199,-273.3195787878788,4.808894494037507,-279.98016363636367,-268.79947272727276,3
learned+queuePress0.2/0,reward,200,-273.87469696969697,4.715656170171897,-280.1775454545455,-268.8360272727273,3
learned+queuePress0.2/0,reward,201,-274.99137272727273,5.0687684787894955,-282.0236636363636,-270.27157272727277,3
learned+queuePress0.2/0,reward,202,-276.2300696969697,4.592703808244788,-282.7113545454545,-272.62322727272726,3
learned+queuePress0.2/0,reward,203,-277.07755757575757,4.942363483869337,-283.95256363636366,-272.54865454545455,3
learned+queuePress0.2/0,reward,204,-278.4306393939394,6.238318066649021,-287.2068090909091,-273.26213636363633,3
learned+queuePress0.2/0,reward,205,-279.441803030303,7.07581096035534,-289.43761818181815,-274.03965454545454,3
learned+queuePress0.2/0,reward,206,-280.6577848484848,7.09251269732961,-290.6378181818182,-274.7989727272727,3
learned+queuePress0.2/0,reward,207,-280.9566393939394,6.588298841241615,-289.94234545454543,-274.33040000000005,3
learned+queuePress0.2/0,reward,208,-282.00811212121215,6.344022016480021,-290.65006363636365,-275.5996909090909,3
learned+queuePress0.2/0,reward,209,-283.4275575757576,7.711602370630765,-294.1248909090909,-276.24081818181816,3
learned+queuePress0.2/0,reward,210,-284.5260909090909,7.905345043842387,-295.60620909090903,-277.6957,3
learned+queuePress0.2/0,reward,211,-285.7716393939394,7.992498938242911,-296.83039999999994,-278.21792727272725,3
learned+queuePress0.2/0,reward,212,-287.4759424242424,7.457328288313947,-297.93898181818173,-281.09933636363627,3
learned+queuePress0.2/0,reward,213,-287.8991,7.364241165072991,-298.1983818181818,-281.41092727272724,3
learned+queuePress0.2/0,reward,214,-288.61516363636366,7.376555394300207,-298.9215272727273,-282.06394545454543,3
learned+queuePress0.2/0,reward,215,-288.5396212121212,7.389897014343799,-298.88082727272723,-282.0611727272728,3
learned+queuePress0.2/0,reward,216,-288.73623939393934,7.847809101169088,-299.82916363636355,-282.8857454545455,3
learned+queuePress0.2/0,reward,217,-288.35921212121207,8.565131506018433,-300.4595999999999,-281.8318636363636,3
learned+queuePress0.2/0,reward,218,-288.7171212121212,9.774237543824253,-302.4767818181818,-280.6938818181818,3
learned+queuePress0.2/0,reward,219,-288.5868515151515,10.86743116654427,-303.91643636363636,-279.97102727272727,3
learned+queuePress0.2/0,reward,220,-286.9774333333333,10.384035159102314,-301.615,-278.63468181818183,3
learned+queuePress0.2/0,reward,221,-285.627806060606,11.189664702013625,-301.42575454545454,-276.93415454545453,3
learned+queuePress0.2/0,reward,222,-285.0414333333333,12.299595523758635,-302.4115272727273,-275.56269090909086,3
learned+queuePress0.2/0,reward,223,-283.53963333333337,13.562032815699979,-302.7191181818182,-273.8897090909091,3
learned+queuePress0.2/0,reward,224,-283.1939181818182,14.098640996774243,-303.13091818181823,-273.01437272727276,3
learned+queuePress0.2/0,reward,225,-283.144696969697,14.858672679654806,-304.1573363636364,-272.4901545454546,3
learned+queuePress0.2/0,reward,226,-281.88338787878786,13.72262145600914,-301.2880272727273,-271.93512727272724,3
learned+queuePress0.2/0,reward,227,-280.72283636363636,12.878708526445706,-298.92942727272725,-271.1932363636364,3
learned+queuePress0.2/0,reward,228,-280.2672393939394,12.89110939769654,-298.4716272727273,-270.31578181818173,3
learned+queuePress0.2/0,reward,229,-279.6002787878787,13.524370681354656,-298.7160727272727,-269.49218181818173,3
learned+queuePress0.2/0,reward,230,-279.22050909090905,13.373099546529136,-298.1273636363636,-269.36980909090903,3
learned+queuePress0.2/0,reward,231,-278.42735454545453,13.180005873926946,-297.0102727272727,-267.8808272727273,3
learned+queuePress0.2/0,reward,232,-278.2818818181818,12.888919004053744,-296.48269999999997,-268.3247272727272,3
learned+queuePress0.2/0,reward,233,-277.75399696969697,13.09189821229605,-296.2196909090909,-267.3548272727272,3
learned+queuePress0.2/0,reward,234,-276.5117272727272,12.1266905066887,-293.5385727272727,-266.22352727272727,3
learned+queuePress0.2/0,reward,235,-275.65359393939394,12.10187370483768,-292.5188727272727,-264.70008181818184,3
learned+queuePress0.2/0,reward,236,-274.5734393939394,11.315666159837873,-290.2398,-263.91354545454544,3
learned+queuePress0.2/0,reward,237,-275.905003030303,12.04308095265929,-292.73394545454545,-265.2225545454545,3
learned+queuePress0.2/0,reward,238,-276.46097272727275,12.45073568361307,-293.94536363636365,-265.9150909090909,3
learned+queuePress0.2/0,reward,239,-276.52114242424244,11.543987260283311,-292.70127272727274,-266.5474636363636,3
learned+queuePress0.2/0,reward,240,-276.4866484848485,10.115130357342089,-290.4312818181818,-266.7513272727273,3
learned+queuePress0.2/0,reward,241,-277.1457363636364,9.484300281966636,-290.24898181818185,-268.1128545454546,3
learned+queuePress0.2/0,reward,242,-279.18530909090913,8.165655217087789,-290.3977363636364,-271.1857727272727,3
learned+queuePress0.2/0,reward,243,-279.9576727272727,7.863011054616048,-290.3738272727273,-271.37791818181813,3
learned+queuePress0.2/0,reward,244,-281.13442424242425,7.254143822004205,-289.95035454545456,-272.1829545454545,3
learned+queuePress0.2/0,reward,245,-282.49661,7.154776263788176,-291.25153,-273.726,3
learned+queuePress0.2/0,reward,246,-283.32041851851847,6.6624299673915965,-291.3745222222222,-275.05892222222224,3
learned+queuePress0.2/0,reward,247,-284.3554291666667,6.346253812341564,-292.00805,-276.468275,3
learned+queuePress0.2/0,reward,248,-283.8930285714286,5.9481898132132205,-289.91215714285715,-275.79435714285717,3
learned+queuePress0.2/0,reward,249,-285.0375611111111,5.872531501678862,-289.5952333333334,-276.74618333333325,3
learned+queuePress0.2/0,queue,0,21.208538888888892,0.08868573555740478,21.11831666666667,21.3291,3
learned+queuePress0.2/0,queue,1,21.17322857142857,0.08549893900761904,21.06597142857143,21.2752,3
learned+queuePress0.2/0,queue,2,21.130174999999998,0.03906937072908485,21.0890375,21.1826875,3
learned+queuePress0.2/0,queue,3,21.06882962962963,0.021734138690928183,21.052244444444444,21.099533333333333,3
learned+queuePress0.2/0,queue,4,21.030893333333335,0.029793334079211465,21.00752,21.07294,3
learned+queuePress0.2/0,queue,5,20.98899090909091,0.046615238880302626,20.939118181818184,21.051263636363636,3
learned+queuePress0.2/0,queue,6,20.88590606060606,0.06704017804951469,20.83095454545455,20.980290909090908,3
learned+queuePress0.2/0,queue,7,20.757963636363638,0.09846755587110134,20.644281818181817,20.884454545454542,3
learned+queuePress0.2/0,queue,8,20.652784848484846,0.11355499737498752,20.525836363636362,20.80143636363636,3
learned+queuePress0.2/0,queue,9,20.559087878787878,0.15527791158283752,20.393536363636365,20.76680909090909,3
learned+queuePress0.2/0,queue,10,20.45313636363636,0.1986018469421044,20.311836363636363,20.733999999999998,3
learned+queuePress0.2/0,queue,11,20.333157575757575,0.2373777951899036,20.162563636363636,20.668845454545455,3
learned+queuePress0.2/0,queue,12,20.186760606060606,0.2829154922869046,19.944345454545456,20.583627272727274,3
learned+queuePress0.2/0,queue,13,20.045863636363634,0.26209021547328254,19.791545454545457,20.406536363636363,3
learned+queuePress0.2/0,queue,14,19.912154545454545,0.2902282773053987,19.633072727272726,20.312336363636366,3
learned+queuePress0.2/0,queue,15,19.77369090909091,0.2734293963088825,19.510372727272728,20.15059090909091,3
learned+queuePress0.2/0,queue,16,19.641906060606058,0.29418634040923825,19.35190909090909,20.045254545454547,3
learned+queuePress0.2/0,queue,17,19.513724242424242,0.2832012906708732,19.22597272727273,19.898854545454544,3
learned+queuePress0.2/0,queue,18,19.38809696969697,0.307040567157865,19.04648181818182,19.791036363636362,3
learned+queuePress0.2/0,queue,19,19.255,0.3254539784149456,18.907445454545453,19.69009090909091,3
learned+queuePress0.2/0,queue,20,19.07222121212121,0.32259967365118636,18.732263636363637,19.505690909090905,3
learned+queuePress0.2/0,queue,21,18.936560606060606,0.3193774809456204,18.634909090909087,19.37851818181818,3
learned+queuePress0.2/0,queue,22,18.77815757575757,0.3296983101577025,18.48094545454545,19.237890909090904,3
learned+queuePress0.2/0,queue,23,18.622557575757572,0.332980449655947,18.376754545454546,19.09330909090909,3
learned+queuePress0.2/0,queue,24,18.477618181818176,0.3802774822759962,18.199672727272727,19.01530909090909,3
learned+queuePress0.2/0,queue,25,18.332854545454545,0.3779208595568045,18.0598,18.867272727272727,3
learned+queuePress0.2/0,queue,26,18.176472727272728,0.3896099622696065,17.84980909090909,18.724072727272727,3
learned+queuePress0.2/0,queue,27,18.022763636363635,0.36490240810114755,17.690809090909088,18.53091818181818,3
learned+queuePress0.2/0,queue,28,17.897363636363636,0.34888901003372724,17.58459090909091,18.384227272727273,3
learned+queuePress0.2/0,queue,29,17.75339696969697,0.3216415970190516,17.470245454545452,18.203272727272726,3
learned+queuePress0.2/0,queue,30,17.63389090909091,0.30721597763560665,17.338336363636362,18.057454545454547,3
learned+queuePress0.2/0,queue,31,17.530696969696972,0.295516463939215,17.22647272727273,17.93096363636364,3
learned+queuePress0.2/0,queue,32,17.399969696969702,0.2508953505606786,17.110427272727275,17.722354545454547,3
learned+queuePress0.2/0,queue,33,17.327139393939394,0.21275338797655033,17.06479090909091,17.58589090909091,3
learned+queuePress0.2/0,queue,34,17.261933333333335,0.20430407202884177,16.976209090909094,17.44196363636364,3
learned+queuePress0.2/0,queue,35,17.18765454545455,0.20712628691883217,16.898545454545456,17.373,3
learned+queuePress0.2/0,queue,36,17.125278787878788,0.24600098214022914,16.795327272727274,17.385772727272727,3
learned+queuePress0.2/0,queue,37,17.05608181818182,0.25037964045149114,16.72950909090909,17.337890909090913,3
learned+queuePress0.2/0,queue,38,17.02221818181818,0.24853222759688504,16.698245454545454,17.302245454545453,3
learned+queuePress0.2/0,queue,39,16.92700303030303,0.24842327751592497,16.599354545454545,17.200627272727274,3
learned+queuePress0.2/0,queue,40,16.887760606060606,0.2280426746266428,16.596081818181815,17.152754545454545,3
learned+queuePress0.2/0,queue,41,16.84243939393939,0.1750007122115899,16.643181818181816,17.069190909090906,3
learned+queuePress0.2/0,queue,42,16.80459696969697,0.14184488721623073,16.665599999999998,16.999354545454548,3
learned+queuePress0.2/0,queue,43,16.789712121212123,0.14241052332377613,16.678818181818183,16.990754545454546,3
learned+queuePress0.2/0,queue,44,16.756600000000002,0.12555173200903516,16.652145454545455,16.93317272727273,3
learned+queuePress0.2/0,queue,45,16.725048484848482,0.07243883458931201,16.652654545454542,16.824018181818182,3
learned+queuePress0.2/0,queue,46,16.7070303030303,0.07228127806604737,16.613645454545455,16.789727272727273,3
learned+queuePress0.2/0,queue,47,16.679030303030302,0.16702716994686445,16.505018181818183,16.904372727272726,3
learned+queuePress0.2/0,queue,48,16.67010303030303,0.22783315077347302,16.438745454545455,16.97999090909091,3
learned+queuePress0.2/0,queue,49,16.619054545454546,0.2950894601245253,16.35358181818182,17.030645454545454,3
learned+queuePress0.2/0,queue,50,16.64149393939394,0.358096335464231,16.321663636363635,17.141454545454543,3
learned+queuePress0.2/0,queue,51,16.655587878787873,0.3981029361697304,16.35531818181818,17.218163636363634,3
learned+queuePress0.2/0,queue,52,16.61151818181818,0.38680360154838145,16.288745454545452,17.155381818181816,3
learned+queuePress0.2/0,queue,53,16.606803030303027,0.39036289130169377,16.255663636363632,17.151290909090907,3
learned+queuePress0.2/0,queue,54,16.62134545454546,0.41101838067925583,16.310563636363636,17.202136363636363,3
learned+queuePress0.2/0,queue,55,16.628381818181822,0.3889993310524175,16.34936363636364,17.17849090909091,3
learned+queuePress0.2/0,queue,56,16.627236363636367,0.38072204679345806,16.316327272727275,17.16338181818182,3
learned+queuePress0.2/0,queue,57,16.650969696969696,0.33393905659114986,16.366745454545455,17.11970909090909,3
learned+queuePress0.2/0,queue,58,16.658075757575755,0.28349575480696754,16.4361,17.0582,3
learned+queuePress0.2/0,queue,59,16.66919090909091,0.2507952199886294,16.466527272727273,17.022599999999997,3
learned+queuePress0.2/0,queue,60,16.695909090909087,0.18500364139071127,16.551,16.957018181818178,3
learned+queuePress0.2/0,queue,61,16.67919090909091,0.11744539109648897,16.575818181818182,16.843463636363637,3
learned+queuePress0.2/0,queue,62,16.68621818181818,0.07488909853837075,16.58312727272727,16.758781818181816,3
learned+queuePress0.2/0,queue,63,16.733166666666666,0.05582050450864296,16.671054545454545,16.806418181818177,3
learned+queuePress0.2/0,queue,64,16.730566666666668,0.026868030029185447,16.704836363636364,16.767645454545455,3
learned+queuePress0.2/0,queue,65,16.707851515151514,0.060905034841581066,16.643636363636368,16.78967272727273,3
learned+queuePress0.2/0,queue,66,16.6647,0.09089735318163664,16.572263636363633,16.78828181818182,3
learned+queuePress0.2/0,queue,67,16.632290909090912,0.08744728880622507,16.53630909090909,16.747818181818182,3
learned+queuePress0.2/0,queue,68,16.591584848484846,0.09157414083164547,16.482763636363636,16.706799999999998,3
learned+queuePress0.2/0,queue,69,16.58895757575758,0.17731453001037478,16.375036363636365,16.80922727272727,3
learned+queuePress0.2/0,queue,70,16.54782424242424,0.1941312810660285,16.338827272727272,16.806499999999996,3
learned+queuePress0.2/0,queue,71,16.514763636363636,0.24667063875142886,16.284872727272727,16.85693636363636,3
learned+queuePress0.2/0,queue,72,16.514621212121213,0.23788557859444592,16.330972727272727,16.850554545454546,3
learned+queuePress0.2/0,queue,73,16.449790909090908,0.251786831764764,16.2214,16.800572727272726,3
learned+queuePress0.2/0,queue,74,16.43219393939394,0.29487917685720927,16.152590909090907,16.839945454545454,3
learned+queuePress0.2/0,queue,75,16.43043939393939,0.32754815685588423,16.12730909090909,16.88534545454545,3
learned+queuePress0.2/0,queue,76,16.392942424242424,0.2819693422888678,16.114236363636362,16.779281818181815,3
learned+queuePress0.2/0,queue,77,16.416433333333334,0.3223285385133123,16.161199999999997,16.87113636363636,3
learned+queuePress0.2/0,queue,78,16.43163636363636,0.36033578562530244,16.167009090909087,16.9411,3
learned+queuePress0.2/0,queue,79,16.419909090909087,0.40778126131529224,16.07791818181818,16.993036363636364,3
learned+queuePress0.2/0,queue,80,16.40748787878788,0.3929620411037097,16.073245454545454,16.95910909090909,3
learned+queuePress0.2/0,queue,81,16.382860606060603,0.45457661313407816,16.028754545454543,17.02458181818182,3
learned+queuePress0.2/0,queue,82,16.37309393939394,0.4493598650724448,16.028245454545456,17.00779090909091,3
learned+queuePress0.2/0,queue,83,16.33331212121212,0.46965983765249203,15.878581818181818,16.979945454545454,3
learned+queuePress0.2/0,queue,84,16.35730303030303,0.47772408535299576,15.916609090909093,17.021127272727277,3
learned+queuePress0.2/0,queue,85,16.315560606060608,0.5202436611969532,15.860018181818184,17.043672727272728,3
learned+queuePress0.2/0,queue,86,16.315609090909092,0.5361705324705985,15.833609090909095,17.063536363636363,3
learned+queuePress0.2/0,queue,87,16.32718787878788,0.5574978307204757,15.796563636363635,17.097509090909092,3
learned+queuePress0.2/0,queue,88,16.304793939393942,0.5374918674422664,15.772554545454545,17.0409,3
learned+queuePress0.2/0,queue,89,16.2876696969697,0.5127459480981711,15.740854545454546,16.973518181818182,3
learned+queuePress0.2/0,queue,90,16.302721212121213,0.5185661860646719,15.708436363636366,16.972,3
learned+queuePress0.2/0,queue,91,16.2852,0.49344538618372585,15.720681818181816,16.922736363636364,3
learned+queuePress0.2/0,queue,92,16.29367878787879,0.4739958341190014,15.718745454545454,16.879636363636365,3
learned+queuePress0.2/0,queue,93,16.27714848484848,0.4436804887602349,15.747036363636362,16.832918181818183,3
learned+queuePress0.2/0,queue,94,16.298148484848483,0.41192792840518067,15.78950909090909,16.79841818181818,3
learned+queuePress0.2/0,queue,95,16.316166666666664,0.37061106537912614,15.83471818181818,16.736290909090908,3
learned+queuePress0.2/0,queue,96,16.315712121212123,0.3285152823875425,15.865845454545456,16.641136363636363,3
learned+queuePress0.2/0,queue,97,16.27502121212121,0.32101405788955495,15.823745454545453,16.54352727272727,3
learned+queuePress0.2/0,queue,98,16.24387878787879,0.2784869354951971,15.850636363636363,16.459281818181818,3
learned+queuePress0.2/0,queue,99,16.180887878787882,0.2643009993459715,15.807590909090912,16.383954545454547,3
learned+queuePress0.2/0,queue,100,16.16012727272727,0.24491273568186092,15.8168,16.37139090909091,3
learned+queuePress0.2/0,queue,101,16.074687878787877,0.19082176680093924,15.811172727272726,16.256836363636364,3
learned+queuePress0.2/0,queue,102,15.998503030303032,0.15821891472590544,15.789654545454546,16.17247272727273,3
learned+queuePress0.2/0,queue,103,15.924478787878789,0.11112179165379185,15.814136363636367,16.076554545454545,3
learned+queuePress0.2/0,queue,104,15.864106060606062,0.11033025413295793,15.785854545454544,16.020136363636365,3
learned+queuePress0.2/0,queue,105,15.778393939393942,0.07394353602406982,15.702727272727271,15.878736363636364,3
learned+queuePress0.2/0,queue,106,15.663648484848485,0.04181322390460403,15.628663636363637,15.722427272727272,3
learned+queuePress0.2/0,queue,107,15.596406060606059,0.05600474514200252,15.533472727272725,15.669518181818182,3
learned+queuePress0.2/0,queue,108,15.517027272727274,0.041029564695026034,15.459009090909092,15.546781818181818,3
learned+queuePress0.2/0,queue,109,15.516960606060605,0.11747598461181163,15.412154545454543,15.681000000000001,3
learned+queuePress0.2/0,queue,110,15.49639090909091,0.15237275647109713,15.341927272727274,15.703745454545453,3
learned+queuePress0.2/0,queue,111,15.43677272727273,0.17347101884800553,15.258154545454547,15.671718181818182,3
learned+queuePress0.2/0,queue,112,15.498184848484849,0.22079553638805396,15.237418181818184,15.777318181818181,3
learned+queuePress0.2/0,queue,113,15.517051515151515,0.2802966848421802,15.178554545454547,15.864945454545454,3
learned+queuePress0.2/0,queue,114,15.579421212121213,0.3208171565740345,15.193327272727275,15.97882727272727,3
learned+queuePress0.2/0,queue,115,15.61880606060606,0.37443986010278146,15.158763636363638,16.07593636363636,3
learned+queuePress0.2/0,queue,116,15.657806060606061,0.36172833941165905,15.197754545454545,16.081572727272725,3
learned+queuePress0.2/0,queue,117,15.682148484848483,0.4088972729831723,15.144200000000001,16.134845454545452,3
learned+queuePress0.2/0,queue,118,15.729690909090907,0.4113196244327832,15.166127272727273,16.136263636363637,3
learned+queuePress0.2/0,queue,119,15.747775757575758,0.4223352311984842,15.15499090909091,16.107454545454544,3
learned+queuePress0.2/0,queue,120,15.718954545454546,0.4564062501533715,15.076400000000001,16.093172727272727,3
learned+queuePress0.2/0,queue,121,15.705972727272728,0.44439296368281805,15.090809090909092,16.124945454545454,3
learned+queuePress0.2/0,queue,122,15.690609090909092,0.45856604206060486,15.066290909090911,16.154736363636363,3
learned+queuePress0.2/0,queue,123,15.637587878787878,0.4894187100964469,14.989654545454545,16.172345454545454,3
learned+queuePress0.2/0,queue,124,15.669560606060607,0.4847891014202265,15.060563636363637,16.246772727272727,3
learned+queuePress0.2/0,queue,125,15.664642424242423,0.48843569914030166,15.066536363636363,16.262954545454548,3
learned+queuePress0.2/0,queue,126,15.64307272727273,0.48981415472687095,15.069045454545455,16.265863636363637,3
learned+queuePress0.2/0,queue,127,15.604412121212121,0.5047376888134302,15.005327272727273,16.240054545454544,3
learned+queuePress0.2/0,queue,128,15.609006060606058,0.4745011853456202,15.090581818181818,16.23720909090909,3
learned+queuePress0.2/0,queue,129,15.56908181818182,0.41647425049132825,15.104918181818181,16.115154545454544,3
learned+queuePress0.2/0,queue,130,15.603033333333334,0.34183755540949085,15.251963636363637,16.066390909090906,3
learned+queuePress0.2/0,queue,131,15.636160606060605,0.313521633326664,15.384100000000002,16.078090909090907,3
learned+queuePress0.2/0,queue,132,15.704639393939395,0.359290562090555,15.420218181818182,16.211490909090912,3
learned+queuePress0.2/0,queue,133,15.766703030303033,0.3901146142478779,15.486172727272729,16.31838181818182,3
learned+queuePress0.2/0,queue,134,15.78059090909091,0.4322159961498712,15.435172727272727,16.390027272727277,3
learned+queuePress0.2/0,queue,135,15.770748484848484,0.4528514269541372,15.38489090909091,16.406336363636363,3
learned+queuePress0.2/0,queue,136,15.766169696969696,0.5015505441507612,15.310954545454543,16.464854545454543,3
learned+queuePress0.2/0,queue,137,15.772599999999999,0.5057568177818099,15.253154545454544,16.458136363636363,3
learned+queuePress0.2/0,queue,138,15.804633333333333,0.5057052574388425,15.241763636363636,16.468154545454546,3
learned+queuePress0.2/0,queue,139,15.781133333333335,0.5210059348516067,15.176827272727275,16.448363636363638,3
learned+queuePress0.2/0,queue,140,15.802727272727273,0.5260421125607038,15.211963636363636,16.48968181818182,3
learned+queuePress0.2/0,queue,141,15.783181818181818,0.5379223303075701,15.193245454545455,16.49410909090909,3
learned+queuePress0.2/0,queue,142,15.739748484848482,0.5586148556814997,15.19531818181818,16.50771818181818,3
learned+queuePress0.2/0,queue,143,15.676809090909089,0.5035004237826526,15.15,16.355090909090908,3
learned+queuePress0.2/0,queue,144,15.661684848484846,0.5080496056306418,15.20460909090909,16.37030909090909,3
learned+queuePress0.2/0,queue,145,15.64021818181818,0.4706925961337142,15.204218181818181,16.29382727272727,3
learned+queuePress0.2/0,queue,146,15.620251515151514,0.42680526138725267,15.24549090909091,16.217399999999998,3
learned+queuePress0.2/0,queue,147,15.588836363636366,0.35751355265301205,15.303272727272729,16.092954545454546,3
learned+queuePress0.2/0,queue,148,15.532366666666666,0.37926746977190157,15.21999090909091,16.066154545454545,3
learned+queuePress0.2/0,queue,149,15.495600000000001,0.4265420427283549,15.105672727272726,16.089154545454548,3
learned+queuePress0.2/0,queue,150,15.476012121212122,0.4439990864615553,15.039972727272728,16.08531818181818,3
learned+queuePress0.2/0,queue,151,15.429899999999998,0.45391716923787384,15.010109090909094,16.060381818181817,3
learned+queuePress0.2/0,queue,152,15.427957575757574,0.5312022602932703,14.918827272727272,16.16090909090909,3
learned+queuePress0.2/0,queue,153,15.385524242424244,0.5216547518508385,14.88932727272727,16.106409090909093,3
learned+queuePress0.2/0,queue,154,15.363336363636364,0.5441139073643745,14.806727272727272,16.101781818181816,3
learned+queuePress0.2/0,queue,155,15.308796969696969,0.4907686035977831,14.810554545454545,15.976363636363635,3
learned+queuePress0.2/0,queue,156,15.239133333333333,0.49750246160407174,14.733372727272728,15.915590909090907,3
learned+queuePress0.2/0,queue,157,15.153042424242427,0.4978367473535995,14.664554545454546,15.83637272727273,3
learned+queuePress0.2/0,queue,158,15.104430303030304,0.5526630851053842,14.560454545454546,15.862445454545457,3
learned+queuePress0.2/0,queue,159,15.084706060606061,0.5524238342391161,14.603245454545453,15.858263636363638,3
learned+queuePress0.2/0,queue,160,15.033696969696969,0.5330625753318903,14.578500000000002,15.781709090909091,3
learned+queuePress0.2/0,queue,161,14.988596969696971,0.5121380385078668,14.594354545454546,15.71189090909091,3
learned+queuePress0.2/0,queue,162,14.954806060606062,0.5313469455518604,14.5446,15.705154545454548,3
learned+queuePress0.2/0,queue,163,14.903227272727273,0.5020324971097686,14.513772727272727,15.612054545454544,3
learned+queuePress0.2/0,queue,164,14.880293939393939,0.5164063083271484,14.503690909090908,15.61048181818182,3
learned+queuePress0.2/0,queue,165,14.870827272727276,0.5838364208715378,14.455327272727276,15.69649090909091,3
learned+queuePress0.2/0,queue,166,14.864554545454546,0.5951120833848315,14.388018181818184,15.703590909090911,3
learned+queuePress0.2/0,queue,167,14.883469696969698,0.5930096294069159,14.409136363636366,15.719590909090908,3
learned+queuePress0.2/0,queue,168,14.922706060606059,0.6290692544150602,14.412645454545453,15.808981818181815,3
learned+queuePress0.2/0,queue,169,14.941475757575757,0.6449824537871527,14.385063636363634,15.845627272727272,3
learned+queuePress0.2/0,queue,170,14.922369696969698,0.6575268585505349,14.3557,15.8442,3
learned+queuePress0.2/0,queue,171,14.95010606060606,0.6788508329978604,14.394336363636365,15.90592727272727,3
learned+queuePress0.2/0,queue,172,14.96938484848485,0.6979979996471883,14.447145454545456,15.955936363636363,3
learned+queuePress0.2/0,queue,173,14.971724242424239,0.7171275431793217,14.3842,15.981390909090909,3
learned+queuePress0.2/0,queue,174,14.93939696969697,0.7065752282959732,14.349027272727271,15.932772727272727,3
learned+queuePress0.2/0,queue,175,14.99818787878788,0.7394152244700853,14.322699999999998,16.027227272727274,3
learned+queuePress0.2/0,queue,176,15.000278787878786,0.6729012592919258,14.40541818181818,15.94098181818182,3
learned+queuePress0.2/0,queue,177,14.981927272727274,0.6313557275504382,14.368872727272729,15.850627272727273,3
learned+queuePress0.2/0,queue,178,14.995109090909091,0.6614882867016812,14.2937,15.881881818181817,3
learned+queuePress0.2/0,queue,179,14.995942424242424,0.6363125928590735,14.282036363636363,15.827336363636363,3
learned+queuePress0.2/0,queue,180,14.931769696969697,0.6072114065543965,14.216218181818185,15.7007,3
learned+queuePress0.2/0,queue,181,14.924763636363636,0.583588279289875,14.19088181818182,15.6187,3
learned+queuePress0.2/0,queue,182,14.868306060606065,0.5824979224514343,14.13256363636364,15.557063636363637,3
learned+queuePress0.2/0,queue,183,14.840663636363638,0.5188007713811496,14.202281818181818,15.473036363636366,3
learned+queuePress0.2/0,queue,184,14.776809090909092,0.4594943000033159,14.225527272727271,15.350390909090908,3
learned+queuePress0.2/0,queue,185,14.744721212121213,0.42699589331857385,14.219445454545456,15.265336363636363,3
learned+queuePress0.2/0,queue,186,14.651942424242423,0.3195976538539395,14.254354545454548,15.036899999999997,3
learned+queuePress0.2/0,queue,187,14.654678787878785,0.25769509011116515,14.329299999999996,14.95951818181818,3
learned+queuePress0.2/0,queue,188,14.687333333333333,0.30731375128092453,14.320527272727274,15.07260909090909,3
learned+queuePress0.2/0,queue,189,14.645975757575755,0.2526230733888893,14.367081818181816,14.978790909090907,3
learned+queuePress0.2/0,queue,190,14.593769696969696,0.2365366286911618,14.376181818181816,14.9226,3
learned+queuePress0.2/0,queue,191,14.618245454545454,0.2737995216789556,14.422118181818183,15.005445454545454,3
learned+queuePress0.2/0,queue,192,14.63119696969697,0.2944233026108737,14.395454545454545,15.0463,3
learned+queuePress0.2/0,queue,193,14.667545454545456,0.2428506867049358,14.44611818181818,15.005618181818186,3
learned+queuePress0.2/0,queue,194,14.684512121212121,0.2281791252205371,14.463127272727274,14.998527272727273,3
learned+queuePress0.2/0,queue,195,14.750069696969698,0.23755714456308308,14.53578181818182,15.081290909090908,3
learned+queuePress0.2/0,queue,196,14.838742424242426,0.2723057641041972,14.557172727272729,15.207045454545455,3
learned+queuePress0.2/0,queue,197,14.870981818181818,0.2983993438829112,14.557372727272728,15.272327272727273,3
learned+queuePress0.2/0,queue,198,14.920739393939394,0.3208041488926538,14.647127272727273,15.370954545454545,3
learned+queuePress0.2/0,queue,199,14.939657575757574,0.2776378167028853,14.699590909090908,15.328763636363636,3
learned+queuePress0.2/0,queue,200,14.972799999999998,0.27261806732791827,14.703945454545453,15.346536363636364,3
learned+queuePress0.2/0,queue,201,15.040460606060606,0.29722614196500574,14.788854545454546,15.45787272727273,3
learned+queuePress0.2/0,queue,202,15.112069696969698,0.275620732479679,14.911027272727273,15.501790909090907,3
learned+queuePress0.2/0,queue,203,15.161354545454545,0.292483041631259,14.917363636363639,15.57260909090909,3
learned+queuePress0.2/0,queue,204,15.243412121212122,0.37040718242187887,14.964536363636364,15.766872727272727,3
learned+queuePress0.2/0,queue,205,15.30469393939394,0.4246737720775106,14.95981818181818,15.902945454545454,3
learned+queuePress0.2/0,queue,206,15.371442424242424,0.4240524374594907,15.003490909090909,15.965527272727273,3
learned+queuePress0.2/0,queue,207,15.387218181818183,0.39381956818637415,14.980918181818181,15.920263636363638,3
learned+queuePress0.2/0,queue,208,15.450369696969696,0.37774909686676283,15.064245454545455,15.963154545454547,3
learned+queuePress0.2/0,queue,209,15.53031212121212,0.4541692383276963,15.10199090909091,16.15897272727273,3
learned+queuePress0.2/0,queue,210,15.591124242424243,0.467828917914551,15.179727272727275,16.24555454545455,3
learned+queuePress0.2/0,queue,211,15.664500000000002,0.46968905539764405,15.211436363636365,16.311700000000002,3
learned+queuePress0.2/0,queue,212,15.757481818181821,0.4408364856808438,15.366936363636368,16.3736,3
learned+queuePress0.2/0,queue,213,15.782557575757577,0.4349410765534352,15.388663636363638,16.388645454545454,3
learned+queuePress0.2/0,queue,214,15.825015151515151,0.43742961365849053,15.423054545454544,16.43322727272727,3
learned+queuePress0.2/0,queue,215,15.819121212121212,0.434892957307755,15.42702727272727,16.42552727272727,3
learned+queuePress0.2/0,queue,216,15.82528484848485,0.4600126278260337,15.463136363636362,16.47439090909091,3
learned+queuePress0.2/0,queue,217,15.802721212121213,0.49989859667788006,15.447527272727275,16.509681818181818,3
learned+queuePress0.2/0,queue,218,15.82650303030303,0.5728044056926417,15.385945454545453,16.6355,3
learned+queuePress0.2/0,queue,219,15.818966666666666,0.6393938034036896,15.348836363636364,16.722963636363634,3
learned+queuePress0.2/0,queue,220,15.721257575757576,0.6087118257848463,15.271399999999998,16.58180909090909,3
learned+queuePress0.2/0,queue,221,15.646706060606059,0.649856494365527,15.178827272727274,16.565690909090907,3
learned+queuePress0.2/0,queue,222,15.61430909090909,0.7166597302630565,15.094163636363636,16.6277,3
learned+queuePress0.2/0,queue,223,15.531393939393938,0.7902620849683211,14.93863636363636,16.64829090909091,3
learned+queuePress0.2/0,queue,224,15.513863636363636,0.8217962441091816,14.912018181818178,16.67580909090909,3
learned+queuePress0.2/0,queue,225,15.510448484848487,0.8653590641986812,14.858036363636364,16.733336363636365,3
learned+queuePress0.2/0,queue,226,15.439733333333335,0.8039171713681499,14.852981818181819,16.576445454545453,3
learned+queuePress0.2/0,queue,227,15.373830303030303,0.7558492864089522,14.834127272727272,16.442745454545456,3
learned+queuePress0.2/0,queue,228,15.349830303030302,0.757225319420171,14.792281818181818,16.420399999999997,3
learned+queuePress0.2/0,queue,229,15.309066666666666,0.7865594793203657,14.745854545454547,16.421400000000002,3
learned+queuePress0.2/0,queue,230,15.285154545454546,0.7760141466930669,14.731745454545456,16.38259090909091,3
learned+queuePress0.2/0,queue,231,15.246718181818181,0.765571956481534,14.648909090909092,16.327363636363636,3
learned+queuePress0.2/0,queue,232,15.237266666666669,0.7516973433479253,14.671027272727274,16.299554545454548,3
learned+queuePress0.2/0,queue,233,15.205906060606063,0.7630999543269854,14.613763636363638,16.283327272727274,3
learned+queuePress0.2/0,queue,234,15.134924242424242,0.7049446189815465,14.550890909090908,16.126654545454546,3
learned+queuePress0.2/0,queue,235,15.084427272727273,0.7030695890146623,14.46230909090909,16.06719090909091,3
learned+queuePress0.2/0,queue,236,15.02122424242424,0.6540051494870327,14.418690909090907,15.930190909090909,3
learned+queuePress0.2/0,queue,237,15.09669696969697,0.6953817854722484,14.491609090909092,16.070609090909088,3
learned+queuePress0.2/0,queue,238,15.132024242424242,0.7183659250530454,14.537454545454546,16.14270909090909,3
learned+queuePress0.2/0,queue,239,15.13867575757576,0.6657391155217793,14.575654545454546,16.07369090909091,3
learned+queuePress0.2/0,queue,240,15.139415151515152,0.5880563710696074,14.585481818181819,15.953581818181819,3
learned+queuePress0.2/0,queue,241,15.17870606060606,0.5518009549671522,14.665290909090912,15.944363636363635,3
learned+queuePress0.2/0,queue,242,15.294627272727274,0.4739613250951507,14.842463636363636,15.949218181818184,3
learned+queuePress0.2/0,queue,243,15.33817575757576,0.45501208759007383,14.8546,15.947618181818184,3
learned+queuePress0.2/0,queue,244,15.40498484848485,0.4136758703966108,14.905072727272728,15.918109090909093,3
learned+queuePress0.2/0,queue,245,15.48272,0.40734370033179695,14.99424,15.991410000000002,3
learned+queuePress0.2/0,queue,246,15.530685185185183,0.3771055999655486,15.072188888888888,15.99583333333333,3
learned+queuePress0.2/0,queue,247,15.592954166666667,0.3617930385497426,15.153400000000001,16.039525,3
learned+queuePress0.2/0,queue,248,15.56817142857143,0.3327109613606426,15.120757142857144,15.918014285714284,3
learned+queuePress0.2/0,queue,249,15.630633333333334,0.326344468939505,15.170399999999999,15.890583333333332,3
learned+queuePress0.2/0,delay,0,0.11622222222222221,0.0008710714276675456,0.11516666666666665,0.1173,3
learned+queuePress0.2/0,delay,1,0.11605238095238095,0.000808654995962021,0.11498571428571427,0.11694285714285714,3
learned+queuePress0.2/0,delay,2,0.11592916666666668,0.0007651479522869351,0.1149375,0.1168,3
learned+queuePress0.2/0,delay,3,0.11584074074074074,0.0006353336399241,0.11497777777777778,0.11648888888888889,3
learned+queuePress0.2/0,delay,4,0.11574666666666666,0.0005007549855523766,0.11503999999999999,0.11614,3
learned+queuePress0.2/0,delay,5,0.11569393939393939,0.0004899166923803694,0.1150090909090909,0.11612727272727273,3
learned+queuePress0.2/0,delay,6,0.11554545454545455,0.0004243289954961022,0.11496363636363637,0.11596363636363635,3
learned+queuePress0.2/0,delay,7,0.11519090909090908,0.00039716627101500223,0.11469999999999998,0.11567272727272727,3
learned+queuePress0.2/0,delay,8,0.11506060606060607,0.0004148970686738173,0.11459090909090909,0.11560000000000001,3
learned+queuePress0.2/0,delay,9,0.11482727272727272,0.00036792920626997513,0.11439090909090907,0.1152909090909091,3
learned+queuePress0.2/0,delay,10,0.11465454545454545,0.00033286468432626925,0.11420909090909091,0.11500909090909092,3
learned+queuePress0.2/0,delay,11,0.11438181818181818,0.00023082078960656624,0.11407272727272727,0.11462727272727272,3
learned+queuePress0.2/0,delay,12,0.11410606060606061,0.00015218035793320559,0.1138909090909091,0.11421818181818182,3
learned+queuePress0.2/0,delay,13,0.1138,0.00018242323567627664,0.11354545454545453,0.11396363636363636,3
learned+queuePress0.2/0,delay,14,0.11348484848484848,0.00029414238539079106,0.11310909090909091,0.11382727272727275,3
learned+queuePress0.2/0,delay,15,0.11321515151515153,0.00036847787074734123,0.11274545454545454,0.11364545454545456,3
learned+queuePress0.2/0,delay,16,0.11293333333333333,0.00043448670411351954,0.1125,0.11352727272727274,3
learned+queuePress0.2/0,delay,17,0.11262121212121212,0.0004930555393887756,0.11211818181818183,0.11329090909090911,3
learned+queuePress0.2/0,delay,18,0.1124,0.000563685237372744,0.11191818181818182,0.1131909090909091,3
learned+queuePress0.2/0,delay,19,0.11203939393939394,0.0004614227210014442,0.1116818181818182,0.11269090909090909,3
learned+queuePress0.2/0,delay,20,0.11176666666666667,0.000415295263766058,0.11139090909090908,0.11234545454545454,3
learned+queuePress0.2/0,delay,21,0.11149393939393941,0.0003899801035635004,0.11113636363636364,0.11203636363636366,3
learned+queuePress0.2/0,delay,22,0.11118181818181816,0.00036066971681594806,0.1109,0.11169090909090908,3
learned+queuePress0.2/0,delay,23,0.11093636363636365,0.00042839954575010937,0.11056363636363636,0.11153636363636364,3
learned+queuePress0.2/0,delay,24,0.11076060606060607,0.000383210544473622,0.11044545454545455,0.1113,3
learned+queuePress0.2/0,delay,25,0.11049090909090908,0.00036732972854995225,0.11008181818181818,0.11097272727272726,3
learned+queuePress0.2/0,delay,26,0.11017272727272727,0.00045199283253295823,0.10968181818181817,0.11077272727272729,3
learned+queuePress0.2/0,delay,27,0.10978181818181819,0.00039716627101499637,0.10929090909090909,0.11026363636363637,3
learned+queuePress0.2/0,delay,28,0.10943030303030303,0.0004056307086612102,0.10886363636363637,0.10979090909090909,3
learned+queuePress0.2/0,delay,29,0.10911212121212122,0.00028904071732510156,0.10870909090909091,0.10937272727272727,3
learned+queuePress0.2/0,delay,30,0.10888181818181818,0.00028642375511314465,0.10854545454545454,0.10924545454545455,3
learned+queuePress0.2/0,delay,31,0.1084909090909091,0.00019198829165403074,0.10823636363636363,0.1087,3
learned+queuePress0.2/0,delay,32,0.10822121212121211,8.276666838635657e-05,0.10814545454545453,0.10833636363636363,3
learned+queuePress0.2/0,delay,33,0.1080181818181818,0.0001239834699725966,0.10788181818181818,0.10818181818181817,3
learned+queuePress0.2/0,delay,34,0.10783030303030301,0.00015994719055025815,0.10762727272727272,0.1080181818181818,3
learned+queuePress0.2/0,delay,35,0.10757878787878787,0.00018442574611760986,0.10731818181818181,0.10771818181818181,3
learned+queuePress0.2/0,delay,36,0.10738787878787877,0.0002678691894619393,0.10700909090909089,0.10758181818181818,3
learned+queuePress0.2/0,delay,37,0.10711818181818182,0.0003431341528206739,0.10663636363636363,0.10740909090909091,3
learned+queuePress0.2/0,delay,38,0.10696666666666667,0.0005545868505827531,0.1061909090909091,0.10745454545454546,3
learned+queuePress0.2/0,delay,39,0.10674545454545455,0.0007382504819535749,0.10572727272727273,0.10745454545454546,3
learned+queuePress0.2/0,delay,40,0.10659090909090911,0.00074260356523277,0.10554545454545455,0.1072,3
learned+queuePress0.2/0,delay,41,0.10638484848484848,0.0008165753026984483,0.10523636363636363,0.10706363636363637,3
learned+queuePress0.2/0,delay,42,0.10623636363636363,0.0008886179568736268,0.10498181818181816,0.10692727272727275,3
learned+queuePress0.2/0,delay,43,0.10610303030303031,0.0009890400313712004,0.1047090909090909,0.10690000000000001,3
learned+queuePress0.2/0,delay,44,0.10584242424242424,0.001075966689022551,0.10434545454545453,0.10682727272727273,3
learned+queuePress0.2/0,delay,45,0.10563030303030303,0.0010396368653303558,0.10421818181818181,0.10669090909090911,3
learned+queuePress0.2/0,delay,46,0.1054,0.0010375060157812972,0.1040181818181818,0.10651818181818182,3
learned+queuePress0.2/0,delay,47,0.10526969696969697,0.0011676147269527137,0.10376363636363636,0.10660909090909089,3
learned+queuePress0.2/0,delay,48,0.10514242424242425,0.0012545527740966372,0.10361818181818182,0.10669090909090909,3
learned+queuePress0.2/0,delay,49,0.10493333333333334,0.0013144950183822282,0.10343636363636365,0.10663636363636364,3
learned+queuePress0.2/0,delay,50,0.10483030303030304,0.0015302700266468057,0.10322727272727274,0.10689090909090909,3
learned+queuePress0.2/0,delay,51,0.10464848484848484,0.0015738274892833268,0.10299090909090909,0.10676363636363635,3
learned+queuePress0.2/0,delay,52,0.10424545454545453,0.0014872645772911568,0.1026272727272727,0.10621818181818182,3
learned+queuePress0.2/0,delay,53,0.1039969696969697,0.00152426350970415,0.10235454545454546,0.10602727272727273,3
learned+queuePress0.2/0,delay,54,0.1037878787878788,0.0015357867544046014,0.1022181818181818,0.10587272727272729,3
learned+queuePress0.2/0,delay,55,0.10365151515151515,0.00145140443684802,0.10218181818181817,0.10562727272727272,3
learned+queuePress0.2/0,delay,56,0.10344545454545455,0.001369261126687612,0.10210909090909091,0.10532727272727271,3
learned+queuePress0.2/0,delay,57,0.10313030303030303,0.0013440068651711637,0.10186363636363636,0.10499090909090912,3
learned+queuePress0.2/0,delay,58,0.10273030303030305,0.001297642136640228,0.10154545454545455,0.10453636363636365,3
learned+queuePress0.2/0,delay,59,0.10244545454545455,0.001280431229012861,0.10131818181818182,0.10423636363636363,3
learned+queuePress0.2/0,delay,60,0.10225151515151515,0.0012126589716201668,0.10117272727272728,0.10394545454545455,3
learned+queuePress0.2/0,delay,61,0.10198787878787878,0.001132571450280649,0.10105454545454547,0.10358181818181818,3
learned+queuePress0.2/0,delay,62,0.1017090909090909,0.0010805824365608784,0.1009,0.10323636363636363,3
learned+queuePress0.2/0,delay,63,0.10159999999999998,0.0011019891856498582,0.10072727272727273,0.10315454545454544,3
learned+queuePress0.2/0,delay,64,0.10140303030303031,0.001070370635155117,0.10051818181818183,0.1029090909090909,3
learned+queuePress0.2/0,delay,65,0.10111818181818182,0.001027554265523262,0.10020909090909091,0.10255454545454547,3
learned+queuePress0.2/0,delay,66,0.10085151515151514,0.0009751268430123628,0.09992727272727273,0.10219999999999999,3
learned+queuePress0.2/0,delay,67,0.10053333333333332,0.0009823324504254314,0.09974545454545457,0.1019181818181818,3
learned+queuePress0.2/0,delay,68,0.10033030303030303,0.0008602111770107236,0.09967272727272727,0.10154545454545455,3
learned+queuePress0.2/0,delay,69,0.10007878787878788,0.0007423191020170997,0.09950909090909091,0.10112727272727273,3
learned+queuePress0.2/0,delay,70,0.0997909090909091,0.0005787323470107654,0.09936363636363636,0.10060909090909091,3
learned+queuePress0.2/0,delay,71,0.09940303030303031,0.000556174127624393,0.09891818181818182,0.10018181818181819,3
learned+queuePress0.2/0,delay,72,0.09900000000000002,0.0005498810289558157,0.09834545454545456,0.0996909090909091,3
learned+queuePress0.2/0,delay,73,0.09856363636363637,0.0006385676119576617,0.09773636363636365,0.09929090909090908,3
learned+queuePress0.2/0,delay,74,0.09821212121212121,0.0006555687847881499,0.09730909090909091,0.09884545454545454,3
learned+queuePress0.2/0,delay,75,0.09779999999999998,0.0007100614958041901,0.0968090909090909,0.09843636363636361,3
learned+queuePress0.2/0,delay,76,0.09729393939393938,0.0007646578065155596,0.09621818181818181,0.0979272727272727,3
learned+queuePress0.2/0,delay,77,0.09680909090909091,0.0007419355225080094,0.09576363636363636,0.09740909090909092,3
learned+queuePress0.2/0,delay,78,0.09638181818181818,0.0006500264881231447,0.09547272727272728,0.09695454545454546,3
learned+queuePress0.2/0,delay,79,0.09601212121212122,0.000652620626610373,0.09512727272727273,0.09668181818181817,3
learned+queuePress0.2/0,delay,80,0.09572424242424243,0.0006073168797836567,0.09494545454545454,0.09642727272727272,3
learned+queuePress0.2/0,delay,81,0.09536666666666666,0.0006278360813836931,0.09461818181818181,0.09615454545454544,3
learned+queuePress0.2/0,delay,82,0.09512727272727273,0.0005564052272036137,0.09453636363636364,0.09587272727272728,3
learned+queuePress0.2/0,delay,83,0.09486666666666667,0.0005765066897001843,0.09444545454545455,0.0956818181818182,3
learned+queuePress0.2/0,delay,84,0.09463030303030302,0.0006724132491214893,0.09392727272727272,0.09553636363636363,3
learned+queuePress0.2/0,delay,85,0.09445454545454546,0.0008023038452201988,0.09353636363636363,0.09549090909090911,3
learned+queuePress0.2/0,delay,86,0.09432424242424242,0.0009347097289098111,0.09308181818181818,0.09533636363636365,3
learned+queuePress0.2/0,delay,87,0.09425454545454544,0.0010555115741646814,0.0928090909090909,0.0953,3
learned+queuePress0.2/0,delay,88,0.09414545454545455,0.0009889471820707183,0.09277272727272727,0.09506363636363635,3
learned+queuePress0.2/0,delay,89,0.09402121212121212,0.0010592458810622259,0.09254545454545454,0.09498181818181818,3
learned+queuePress0.2/0,delay,90,0.09398181818181821,0.0009989526195411595,0.09260000000000002,0.09492727272727274,3
learned+queuePress0.2/0,delay,91,0.09384848484848485,0.000983117359669422,0.09251818181818182,0.09486363636363636,3
learned+queuePress0.2/0,delay,92,0.09370909090909092,0.0009520747244789714,0.09240000000000002,0.09463636363636363,3
learned+queuePress0.2/0,delay,93,0.09349393939393941,0.0010002846243246147,0.09210909090909092,0.09443636363636364,3
learned+queuePress0.2/0,delay,94,0.09332424242424242,0.0009274608642574107,0.09201818181818182,0.09408181818181817,3
learned+queuePress0.2/0,delay,95,0.09326666666666668,0.0007498882683838248,0.09220909090909091,0.09386363636363636,3
learned+queuePress0.2/0,delay,96,0.09303030303030302,0.0006835466306894545,0.09206363636363636,0.09351818181818182,3
learned+queuePress0.2/0,delay,97,0.09293636363636364,0.000559958676161259,0.09215454545454543,0.09343636363636362,3
learned+queuePress0.2/0,delay,98,0.09276363636363637,0.00043655298921974365,0.0922,0.09326363636363637,3
learned+queuePress0.2/0,delay,99,0.09268484848484847,0.00039843587670044926,0.0923090909090909,0.09323636363636362,3
learned+queuePress0.2/0,delay,100,0.09270606060606061,0.0003186000137769889,0.0924,0.09314545454545455,3
learned+queuePress0.2/0,delay,101,0.0926030303030303,0.000286455813287188,0.09220909090909091,0.09288181818181819,3
learned+queuePress0.2/0,delay,102,0.09247575757575759,0.00032408662357091757,0.09209999999999999,0.0928909090909091,3
learned+queuePress0.2/0,delay,103,0.09242727272727273,0.00048127470778404146,0.09190000000000001,0.09306363636363636,3
learned+queuePress0.2/0,delay,104,0.09236666666666667,0.0006600915427512751,0.09165454545454545,0.09324545454545455,3
learned+queuePress0.2/0,delay,105,0.09225151515151515,0.0007468698070772464,0.09136363636363637,0.0931909090909091,3
learned+queuePress0.2/0,delay,106,0.09213636363636364,0.0006150992663286293,0.09142727272727273,0.09292727272727273,3
learned+queuePress0.2/0,delay,107,0.0921060606060606,0.0006627571316935364,0.09136363636363637,0.09297272727272726,3
learned+queuePress0.2/0,delay,108,0.09191515151515152,0.0007029780544848033,0.09116363636363638,0.09285454545454547,3
learned+queuePress0.2/0,delay,109,0.09186666666666667,0.0006871642263774003,0.09104545454545455,0.09272727272727273,3
learned+queuePress0.2/0,delay,110,0.0917121212121212,0.0005660911029355427,0.09105454545454546,0.09243636363636365,3
learned+queuePress0.2/0,delay,111,0.09146060606060606,0.0004493235401242925,0.0909,0.092,3
learned+queuePress0.2/0,delay,112,0.09137878787878788,0.0004362584048198203,0.09076363636363637,0.09172727272727271,3
learned+queuePress0.2/0,delay,113,0.09127272727272728,0.00043869327625758233,0.09075454545454545,0.09182727272727273,3
learned+queuePress0.2/0,delay,114,0.09116666666666666,0.0005065049763751064,0.0907090909090909,0.09187272727272727,3
learned+queuePress0.2/0,delay,115,0.09114848484848485,0.0005723824519130896,0.09062727272727272,0.09194545454545455,3
learned+queuePress0.2/0,delay,116,0.0911060606060606,0.00048198015192569145,0.0905818181818182,0.09174545454545453,3
learned+queuePress0.2/0,delay,117,0.09105151515151515,0.0006058181333139247,0.09040909090909091,0.09186363636363636,3
learned+queuePress0.2/0,delay,118,0.09106666666666667,0.0006587547035219586,0.09022727272727273,0.09183636363636363,3
learned+queuePress0.2/0,delay,119,0.09101818181818183,0.0007829801090957945,0.08993636363636365,0.09176363636363637,3
learned+queuePress0.2/0,delay,120,0.09089090909090909,0.0008873770430481721,0.08963636363636364,0.09154545454545454,3
learned+queuePress0.2/0,delay,121,0.09072727272727273,0.0009152518508111379,0.08943636363636365,0.09145454545454546,3
learned+queuePress0.2/0,delay,122,0.09067575757575758,0.000981771416768789,0.08932727272727274,0.09163636363636364,3
learned+queuePress0.2/0,delay,123,0.09048181818181818,0.001215872981621852,0.08888181818181819,0.09182727272727273,3
learned+queuePress0.2/0,delay,124,0.09047575757575758,0.0011889373761814351,0.08898181818181818,0.0918909090909091,3
learned+queuePress0.2/0,delay,125,0.09056363636363636,0.0012493965485534143,0.0890909090909091,0.09214545454545454,3
learned+queuePress0.2/0,delay,126,0.09044848484848485,0.0013153539852525477,0.08898181818181818,0.09217272727272728,3
learned+queuePress0.2/0,delay,127,0.09041515151515152,0.0014104359823255879,0.08882727272727274,0.09225454545454546,3
learned+queuePress0.2/0,delay,128,0.09042121212121212,0.0015035189821416496,0.08884545454545453,0.09244545454545455,3
learned+queuePress0.2/0,delay,129,0.09028787878787879,0.0013968546590378216,0.08885454545454545,0.09218181818181818,3
learned+queuePress0.2/0,delay,130,0.09026666666666668,0.00122180224857336,0.08913636363636364,0.09196363636363637,3
learned+queuePress0.2/0,delay,131,0.09030909090909091,0.0012959780972879712,0.0892,0.09212727272727274,3
learned+queuePress0.2/0,delay,132,0.09042121212121212,0.0013229554803312555,0.08942727272727272,0.0922909090909091,3
learned+queuePress0.2/0,delay,133,0.09046969696969698,0.0012942409697529157,0.08954545454545454,0.09230000000000001,3
learned+queuePress0.2/0,delay,134,0.09049090909090908,0.0013249668637677922,0.0895,0.09236363636363637,3
learned+queuePress0.2/0,delay,135,0.09042424242424242,0.0013522012119278122,0.08944545454545455,0.09233636363636365,3
learned+queuePress0.2/0,delay,136,0.09030909090909091,0.0015108605906958834,0.08920909090909092,0.09244545454545455,3
learned+queuePress0.2/0,delay,137,0.09031515151515151,0.0014742852465050428,0.08925454545454546,0.0924,3
learned+queuePress0.2/0,delay,138,0.09025757575757576,0.0014250481280033336,0.08922727272727272,0.09227272727272727,3
learned+queuePress0.2/0,delay,139,0.0901,0.0013953286884316237,0.08907272727272728,0.09207272727272726,3
learned+queuePress0.2/0,delay,140,0.09003030303030303,0.0014329136421880973,0.08893636363636365,0.09205454545454544,3
learned+queuePress0.2/0,delay,141,0.08997575757575756,0.0014603356973463305,0.0886090909090909,0.092,3
learned+queuePress0.2/0,delay,142,0.08981515151515151,0.0014657961353396003,0.08832727272727271,0.09180909090909091,3
learned+queuePress0.2/0,delay,143,0.08964545454545454,0.0014481678364901827,0.08808181818181816,0.09157272727272728,3
learned+queuePress0.2/0,delay,144,0.08947575757575758,0.001476077993962655,0.08777272727272727,0.09137272727272729,3
learned+queuePress0.2/0,delay,145,0.08930909090909091,0.0014574024971048733,0.08762727272727272,0.0911818181818182,3
learned+queuePress0.2/0,delay,146,0.08927575757575758,0.0014327213761863961,0.08760000000000001,0.0911,3
learned+queuePress0.2/0,delay,147,0.08910909090909092,0.0012731384617156547,0.08753636363636365,0.09065454545454545,3
learned+queuePress0.2/0,delay,148,0.08889696969696971,0.001232532686289973,0.08740909090909092,0.09042727272727273,3
learned+queuePress0.2/0,delay,149,0.08878484848484848,0.0012488746081815018,0.08734545454545456,0.09039090909090909,3
learned+queuePress0.2/0,delay,150,0.08868484848484848,0.0012457383736164094,0.08728181818181818,0.09030909090909091,3
learned+queuePress0.2/0,delay,151,0.08857272727272726,0.0012553576641793213,0.08717272727272728,0.09021818181818181,3
learned+queuePress0.2/0,delay,152,0.08843939393939393,0.0014060148895389145,0.08710000000000001,0.09038181818181817,3
learned+queuePress0.2/0,delay,153,0.08830303030303031,0.001349570553740153,0.08707272727272727,0.09018181818181818,3
learned+queuePress0.2/0,delay,154,0.08817878787878787,0.0013059797486044407,0.08696363636363635,0.08999090909090908,3
learned+queuePress0.2/0,delay,155,0.08799696969696968,0.0013508559338074116,0.08674545454545453,0.08987272727272728,3
learned+queuePress0.2/0,delay,156,0.08777575757575758,0.0013472619582715487,0.08660909090909091,0.08966363636363636,3
learned+queuePress0.2/0,delay,157,0.08743939393939393,0.0013207880887524213,0.08629999999999999,0.08929090909090909,3
learned+queuePress0.2/0,delay,158,0.08726060606060605,0.0013831200672009098,0.08598181818181817,0.08918181818181818,3
learned+queuePress0.2/0,delay,159,0.08715757575757577,0.0014380951077820393,0.0857090909090909,0.08911818181818182,3
learned+queuePress0.2/0,delay,160,0.08697575757575758,0.0014639343444710728,0.0853090909090909,0.08887272727272727,3
learned+queuePress0.2/0,delay,161,0.08680303030303031,0.0014140252477539313,0.08507272727272729,0.08853636363636364,3
learned+queuePress0.2/0,delay,162,0.0866969696969697,0.0013956313841821685,0.08497272727272727,0.08839090909090909,3
learned+queuePress0.2/0,delay,163,0.08659393939393939,0.0014152326237219866,0.08471818181818182,0.08813636363636364,3
learned+queuePress0.2/0,delay,164,0.08654242424242425,0.0014254926814111174,0.08464545454545455,0.08808181818181819,3
learned+queuePress0.2/0,delay,165,0.08652424242424243,0.0015692698611626272,0.0844090909090909,0.08816363636363637,3
learned+queuePress0.2/0,delay,166,0.08662121212121214,0.0014957484897322397,0.08458181818181819,0.08812727272727273,3
learned+queuePress0.2/0,delay,167,0.0867878787878788,0.0016246946453231732,0.08450909090909091,0.08818181818181818,3
learned+queuePress0.2/0,delay,168,0.08690000000000002,0.0017616827667883007,0.08442727272727274,0.0884,3
learned+queuePress0.2/0,delay,169,0.08696666666666668,0.0018592681005183572,0.08437272727272728,0.08863636363636364,3
learned+queuePress0.2/0,delay,170,0.08698787878787878,0.0018968051046805866,0.08434545454545454,0.0887090909090909,3
learned+queuePress0.2/0,delay,171,0.0871787878787879,0.0019424975167004765,0.0845,0.08904545454545455,3
learned+queuePress0.2/0,delay,172,0.08731515151515151,0.002096006084430292,0.08445454545454545,0.08941818181818183,3
learned+queuePress0.2/0,delay,173,0.0874060606060606,0.002183286542934374,0.08444545454545453,0.08964545454545454,3
learned+queuePress0.2/0,delay,174,0.08748787878787878,0.0021980373581292696,0.08455454545454544,0.08984545454545455,3
learned+queuePress0.2/0,delay,175,0.0877181818181818,0.0023477789750533393,0.0846090909090909,0.09028181818181819,3
learned+queuePress0.2/0,delay,176,0.08786666666666666,0.002330730543595787,0.08482727272727272,0.09049090909090908,3
learned+queuePress0.2/0,delay,177,0.08791818181818183,0.002296757805849973,0.0849090909090909,0.09048181818181818,3
learned+queuePress0.2/0,delay,178,0.0880030303030303,0.0023824002681432904,0.08496363636363637,0.09078181818181819,3
learned+queuePress0.2/0,delay,179,0.08818181818181818,0.0023154648368023953,0.08522727272727272,0.09088181818181819,3
learned+queuePress0.2/0,delay,180,0.08809393939393939,0.0021912716075454686,0.0853090909090909,0.09066363636363636,3
learned+queuePress0.2/0,delay,181,0.08816969696969697,0.002156473160555139,0.08550909090909091,0.09079090909090909,3
learned+queuePress0.2/0,delay,182,0.08810606060606062,0.0021784106387289465,0.08557272727272727,0.09089090909090909,3
learned+queuePress0.2/0,delay,183,0.08811515151515152,0.002073847827530728,0.08585454545454545,0.09086363636363637,3
learned+queuePress0.2/0,delay,184,0.08793636363636363,0.002059380205779376,0.08589090909090907,0.09075454545454543,3
learned+queuePress0.2/0,delay,185,0.08780606060606061,0.0020448192054809532,0.08584545454545454,0.09062727272727272,3
learned+queuePress0.2/0,delay,186,0.08761818181818182,0.0018851748718675034,0.08600909090909091,0.09026363636363637,3
learned+queuePress0.2/0,delay,187,0.08754545454545454,0.0018433261349173734,0.08608181818181818,0.09014545454545454,3
learned+queuePress0.2/0,delay,188,0.0875030303030303,0.0020295928201515406,0.08601818181818181,0.09037272727272729,3
learned+queuePress0.2/0,delay,189,0.08743333333333332,0.0020094313894043828,0.08572727272727272,0.09025454545454546,3
learned+queuePress0.2/0,delay,190,0.08733333333333333,0.0020301085388526687,0.08533636363636363,0.09011818181818182,3
learned+queuePress0.2/0,delay,191,0.08744242424242425,0.002205444469403316,0.08514545454545454,0.09041818181818181,3
learned+queuePress0.2/0,delay,192,0.08746363636363635,0.0021332601571471834,0.08517272727272727,0.09030909090909091,3
learned+queuePress0.2/0,delay,193,0.08743636363636363,0.0019267151852203465,0.08537272727272727,0.0900090909090909,3
learned+queuePress0.2/0,delay,194,0.08742424242424242,0.0018219103184427248,0.08537272727272728,0.08979999999999998,3
learned+queuePress0.2/0,delay,195,0.08764242424242424,0.0017158045656838845,0.08567272727272728,0.08985454545454545,3
learned+queuePress0.2/0,delay,196,0.08772121212121213,0.001599661350754671,0.08577272727272728,0.0896909090909091,3
learned+queuePress0.2/0,delay,197,0.08778484848484847,0.0015143816225794103,0.08594545454545453,0.08965454545454545,3
learned+queuePress0.2/0,delay,198,0.08783030303030304,0.0014742291880186892,0.08599090909090909,0.0896,3
learned+queuePress0.2/0,delay,199,0.08787878787878788,0.0013135725754321508,0.08618181818181817,0.08938181818181816,3
learned+queuePress0.2/0,delay,200,0.0877969696969697,0.0012191613730869189,0.0862090909090909,0.08917272727272726,3
learned+queuePress0.2/0,delay,201,0.08779999999999999,0.0012801299865127535,0.08614545454545454,0.08926363636363635,3
learned+queuePress0.2/0,delay,202,0.08794242424242425,0.0010798003420521998,0.08647272727272727,0.08903636363636362,3
learned+queuePress0.2/0,delay,203,0.0878969696969697,0.001170160059060303,0.08629090909090908,0.08904545454545452,3
learned+queuePress0.2/0,delay,204,0.08799393939393939,0.0012477270427406811,0.08629090909090908,0.08924545454545453,3
learned+queuePress0.2/0,delay,205,0.08808787878787878,0.0012482568194229946,0.0864090909090909,0.0894,3
learned+queuePress0.2/0,delay,206,0.08806666666666667,0.0012715434609899914,0.08636363636363636,0.08941818181818181,3
learned+queuePress0.2/0,delay,207,0.08803333333333334,0.0012438351190931366,0.08639090909090909,0.0894,3
learned+queuePress0.2/0,delay,208,0.08794242424242425,0.0013457479887480645,0.08612727272727273,0.08934545454545455,3
learned+queuePress0.2/0,delay,209,0.08797272727272727,0.00147403608135826,0.08597272727272727,0.08948181818181819,3
learned+queuePress0.2/0,delay,210,0.08802121212121213,0.0016164841849810544,0.0858,0.08960000000000001,3
learned+queuePress0.2/0,delay,211,0.08811212121212121,0.0015814059604522515,0.08592727272727273,0.08961818181818182,3
learned+queuePress0.2/0,delay,212,0.08811515151515152,0.0015374361207959252,0.08598181818181817,0.08954545454545454,3
learned+queuePress0.2/0,delay,213,0.08806666666666667,0.0015668805902830294,0.08589090909090909,0.08951818181818182,3
learned+queuePress0.2/0,delay,214,0.0880909090909091,0.0015714568349216758,0.08589999999999999,0.08950909090909091,3
learned+queuePress0.2/0,delay,215,0.08804848484848483,0.0016485461218559076,0.08573636363636362,0.08946363636363637,3
learned+queuePress0.2/0,delay,216,0.08785151515151517,0.0017061601779436658,0.08546363636363635,0.08934545454545455,3
learned+queuePress0.2/0,delay,217,0.0878090909090909,0.0016787112989863303,0.08546363636363635,0.0893,3
learned+queuePress0.2/0,delay,218,0.08777575757575756,0.0016964772012610476,0.0854090909090909,0.08929999999999999,3
learned+queuePress0.2/0,delay,219,0.08777878787878786,0.0016415462262317946,0.08549090909090908,0.08926363636363636,3
learned+queuePress0.2/0,delay,220,0.08763939393939395,0.0015328601497694245,0.08552727272727273,0.08911818181818182,3
learned+queuePress0.2/0,delay,221,0.08742727272727273,0.001435231621433454,0.08545454545454546,0.08882727272727271,3
learned+queuePress0.2/0,delay,222,0.08739090909090907,0.001411230047842615,0.08547272727272727,0.08882727272727271,3
learned+queuePress0.2/0,delay,223,0.08734848484848484,0.0013589076258969288,0.08557272727272727,0.08887272727272726,3
learned+queuePress0.2/0,delay,224,0.0873090909090909,0.0013222403560732192,0.08565454545454546,0.08889090909090908,3
learned+queuePress0.2/0,delay,225,0.08721818181818182,0.0011853327693541092,0.0858090909090909,0.0887090909090909,3
learned+queuePress0.2/0,delay,226,0.08711212121212121,0.001048160748647165,0.08590909090909091,0.08846363636363636,3
learned+queuePress0.2/0,delay,227,0.08713333333333333,0.0009508683383507283,0.08612727272727272,0.08840909090909091,3
learned+queuePress0.2/0,delay,228,0.08712424242424242,0.0008914139983403412,0.0862181818181818,0.08833636363636364,3
learned+queuePress0.2/0,delay,229,0.08722424242424243,0.001040907988178147,0.08638181818181817,0.08869090909090908,3
learned+queuePress0.2/0,delay,230,0.08724242424242423,0.0011017725096377914,0.08642727272727274,0.08879999999999999,3
learned+queuePress0.2/0,delay,231,0.0871909090909091,0.0010037944539521618,0.08642727272727271,0.0886090909090909,3
learned+queuePress0.2/0,delay,232,0.08726060606060605,0.0010099323091446147,0.08642727272727274,0.08868181818181818,3
learned+queuePress0.2/0,delay,233,0.08711212121212121,0.0011283067919287666,0.08618181818181818,0.0887,3
learned+queuePress0.2/0,delay,234,0.08696666666666665,0.001108751396950077,0.08605454545454545,0.08852727272727272,3
learned+queuePress0.2/0,delay,235,0.08680303030303031,0.0012350334496163495,0.08582727272727274,0.08854545454545455,3
learned+queuePress0.2/0,delay,236,0.08673030303030303,0.0012495802784775185,0.08571818181818182,0.08849090909090908,3
learned+queuePress0.2/0,delay,237,0.08682424242424241,0.001405740559186823,0.08564545454545454,0.08879999999999999,3
learned+queuePress0.2/0,delay,238,0.08686363636363637,0.0014910384275016167,0.08558181818181819,0.08895454545454545,3
learned+queuePress0.2/0,delay,239,0.08676666666666666,0.0014416537285044948,0.08549090909090909,0.08878181818181817,3
learned+queuePress0.2/0,delay,240,0.08663939393939395,0.0013021773106581993,0.08550909090909091,0.08846363636363637,3
learned+queuePress0.2/0,delay,241,0.08663939393939395,0.0011835729009038363,0.08562727272727272,0.08830000000000002,3
learned+queuePress0.2/0,delay,242,0.0866818181818182,0.0011220062707602608,0.08554545454545455,0.08820909090909092,3
learned+queuePress0.2/0,delay,243,0.08668484848484849,0.0010561464684020394,0.08576363636363636,0.08816363636363637,3
learned+queuePress0.2/0,delay,244,0.08681818181818184,0.0008971027747308324,0.08602727272727274,0.08807272727272729,3
learned+queuePress0.2/0,delay,245,0.08689666666666666,0.0008718690013732252,0.08610000000000001,0.08811,3
learned+queuePress0.2/0,delay,246,0.08696666666666668,0.0007802078439976034,0.0861888888888889,0.08803333333333334,3
learned+queuePress0.2/0,delay,247,0.08707083333333333,0.0007837100158150892,0.08631250000000001,0.08815,3
learned+queuePress0.2/0,delay,248,0.08698095238095238,0.0005229863661980408,0.08647142857142857,0.08770000000000001,3
learned+queuePress0.2/0,delay,249,0.08697777777777776,0.000293236516008812,0.0867,0.08738333333333333,3
learned+queuePress0.2/0,throughput,0,7663.88888888889,58.32259160358047,7582.5,7716.166666666667,3
learned+queuePress0.2/0,throughput,1,7684.190476190476,61.3304125302757,7602.142857142857,7749.571428571428,3
learned+queuePress0.2/0,throughput,2,7697.75,64.87351475499587,7612.0,7768.875,3
learned+queuePress0.2/0,throughput,3,7713.518518518518,71.3812769155997,7623.888888888889,7798.555555555556,3
learned+queuePress0.2/0,throughput,4,7734.266666666666,81.20740250877523,7632.9,7831.7,3
learned+queuePress0.2/0,throughput,5,7749.606060606061,92.00432177336573,7636.909090909091,7862.272727272727,3
learned+queuePress0.2/0,throughput,6,7786.242424242424,102.55873364841499,7669.545454545455,7919.181818181818,3
learned+queuePress0.2/0,throughput,7,7825.939393939395,116.24435963883187,7697.0,7978.727272727273,3
learned+queuePress0.2/0,throughput,8,7858.818181818181,127.80242585763554,7723.0,8030.0,3
learned+queuePress0.2/0,throughput,9,7901.363636363636,138.0580985219377,7752.636363636364,8085.272727272727,3
learned+queuePress0.2/0,throughput,10,7942.121212121212,144.4799228873653,7794.272727272727,8138.181818181818,3
learned+queuePress0.2/0,throughput,11,7977.909090909091,151.5837238767826,7828.181818181818,8185.636363636364,3
learned+queuePress0.2/0,throughput,12,8024.060606060605,158.52467776939827,7861.181818181818,8238.90909090909,3
learned+queuePress0.2/0,throughput,13,8072.121212121212,160.03739806275286,7905.727272727273,8288.181818181818,3
learned+queuePress0.2/0,throughput,14,8122.939393939395,162.2683614272786,7949.181818181818,8339.636363636364,3
learned+queuePress0.2/0,throughput,15,8164.393939393939,153.33530361651816,7999.0,8368.545454545454,3
learned+queuePress0.2/0,throughput,16,8203.757575757576,144.65565331121508,8049.909090909091,8397.454545454546,3
learned+queuePress0.2/0,throughput,17,8240.48484848485,143.34708755840978,8084.545454545455,8430.636363636364,3
learned+queuePress0.2/0,throughput,18,8275.575757575758,137.8636355310442,8132.090909090909,8461.636363636364,3
learned+queuePress0.2/0,throughput,19,8330.363636363638,134.82336163653233,8181.545454545455,8508.0,3
learned+queuePress0.2/0,throughput,20,8376.272727272726,128.20530625120054,8228.181818181818,8540.90909090909,3
learned+queuePress0.2/0,throughput,21,8410.787878787878,124.65538906872416,8256.272727272728,8561.545454545454,3
learned+queuePress0.2/0,throughput,22,8453.848484848486,120.38813110946363,8297.727272727272,8590.727272727272,3
learned+queuePress0.2/0,throughput,23,8483.878787878788,109.95451935643905,8339.727272727272,8606.454545454546,3
learned+queuePress0.2/0,throughput,24,8518.575757575758,120.1695847928019,8363.09090909091,8655.727272727272,3
learned+queuePress0.2/0,throughput,25,8554.30303030303,109.12096387338887,8411.0,8675.545454545454,3
learned+queuePress0.2/0,throughput,26,8590.636363636362,114.78311084142656,8445.0,8725.545454545454,3
learned+queuePress0.2/0,throughput,27,8629.454545454546,105.56788580054388,8493.09090909091,8750.272727272728,3
learned+queuePress0.2/0,throughput,28,8664.484848484848,95.98164233721148,8536.545454545454,8767.727272727272,3
learned+queuePress0.2/0,throughput,29,8707.727272727274,97.5075330847028,8574.09090909091,8804.0,3
learned+queuePress0.2/0,throughput,30,8737.757575757576,91.77539757272996,8614.181818181818,8833.90909090909,3
learned+queuePress0.2/0,throughput,31,8770.818181818182,102.16523644170758,8637.0,8884.90909090909,3
learned+queuePress0.2/0,throughput,32,8811.454545454544,100.35888767861155,8689.181818181818,8935.0,3
learned+queuePress0.2/0,throughput,33,8842.424242424242,94.74222918433583,8734.818181818182,8965.363636363636,3
learned+queuePress0.2/0,throughput,34,8875.666666666666,102.30522940333555,8765.90909090909,9012.181818181818,3
learned+queuePress0.2/0,throughput,35,8910.030303030302,105.24915561018773,8806.636363636364,9054.454545454546,3
learned+queuePress0.2/0,throughput,36,8939.242424242424,113.3363879024433,8839.272727272728,9097.727272727272,3
learned+queuePress0.2/0,throughput,37,8970.69696969697,119.46529939447761,8853.09090909091,9134.545454545454,3
learned+queuePress0.2/0,throughput,38,9000.90909090909,128.45826626106586,8867.0,9174.181818181818,3
learned+queuePress0.2/0,throughput,39,9035.363636363638,142.24948014158443,8886.545454545454,9227.0,3
learned+queuePress0.2/0,throughput,40,9060.575757575758,136.14900954738755,8926.181818181818,9247.181818181818,3
learned+queuePress0.2/0,throughput,41,9086.09090909091,131.6345429306533,8958.181818181818,9267.181818181818,3
learned+queuePress0.2/0,throughput,42,9104.969696969696,118.8421953738892,8992.181818181818,9269.272727272728,3
learned+queuePress0.2/0,throughput,43,9123.848484848486,120.10060826873334,9005.818181818182,9288.636363636364,3
learned+queuePress0.2/0,throughput,44,9137.212121212122,117.14021955609101,9017.363636363636,9296.181818181818,3
learned+queuePress0.2/0,throughput,45,9157.545454545454,109.75527497881328,9041.454545454546,9304.818181818182,3
learned+queuePress0.2/0,throughput,46,9168.878787878788,93.71018958838184,9062.272727272728,9290.363636363636,3
learned+queuePress0.2/0,throughput,47,9183.90909090909,90.27316976302144,9072.272727272728,9293.363636363636,3
learned+queuePress0.2/0,throughput,48,9196.09090909091,78.88105213341774,9104.818181818182,9297.272727272728,3
learned+queuePress0.2/0,throughput,49,9213.545454545454,73.39943176906775,9128.90909090909,9307.90909090909,3
learned+queuePress0.2/0,throughput,50,9222.787878787878,60.13196384799681,9154.90909090909,9301.09090909091,3
learned+queuePress0.2/0,throughput,51,9228.787878787878,69.04469480433939,9143.272727272728,9312.363636363636,3
learned+queuePress0.2/0,throughput,52,9238.636363636362,55.358933969576505,9167.454545454546,9302.454545454546,3
learned+queuePress0.2/0,throughput,53,9251.48484848485,49.6114563622915,9183.363636363636,9300.09090909091,3
learned+queuePress0.2/0,throughput,54,9255.121212121212,46.59232567444899,9189.363636363636,9291.636363636364,3
learned+queuePress0.2/0,throughput,55,9277.121212121212,56.46580833990034,9197.272727272728,9317.90909090909,3
learned+queuePress0.2/0,throughput,56,9289.212121212122,53.386698508094526,9213.727272727272,9328.272727272728,3
learned+queuePress0.2/0,throughput,57,9287.636363636362,57.339403227924194,9206.90909090909,9334.636363636364,3
learned+queuePress0.2/0,throughput,58,9287.151515151514,61.00003763415408,9201.363636363636,9337.90909090909,3
learned+queuePress0.2/0,throughput,59,9291.151515151514,63.75998094322676,9201.0,9337.818181818182,3
learned+queuePress0.2/0,throughput,60,9287.121212121212,66.82514221975543,9194.0,9347.636363636364,3
learned+queuePress0.2/0,throughput,61,9294.727272727274,63.438784184778825,9210.09090909091,9362.818181818182,3
learned+queuePress0.2/0,throughput,62,9301.121212121212,59.08281218807624,9223.727272727272,9367.09090909091,3
learned+queuePress0.2/0,throughput,63,9305.818181818182,69.6723540193712,9214.90909090909,9384.181818181818,3
learned+queuePress0.2/0,throughput,64,9302.242424242424,76.6956107778037,9209.545454545454,9397.363636363636,3
learned+queuePress0.2/0,throughput,65,9309.12121212121,69.13723858683062,9240.181818181818,9403.636363636364,3
learned+queuePress0.2/0,throughput,66,9307.242424242424,69.04385691823087,9243.181818181818,9403.09090909091,3
learned+queuePress0.2/0,throughput,67,9313.333333333334,62.00294729213191,9252.272727272728,9398.363636363636,3
learned+queuePress0.2/0,throughput,68,9328.30303030303,52.12832932379471,9278.181818181818,9400.181818181818,3
learned+queuePress0.2/0,throughput,69,9325.636363636366,56.18363241162169,9285.545454545454,9405.09090909091,3
learned+queuePress0.2/0,throughput,70,9327.818181818182,31.62913536372353,9305.0,9372.545454545454,3
learned+queuePress0.2/0,throughput,71,9338.515151515152,26.24469862073693,9306.0,9370.272727272728,3
learned+queuePress0.2/0,throughput,72,9330.272727272726,13.774452337210228,9312.454545454546,9346.0,3
learned+queuePress0.2/0,throughput,73,9327.636363636362,14.387973245203614,9307.90909090909,9341.818181818182,3
learned+queuePress0.2/0,throughput,74,9316.363636363638,17.80101213577052,9291.636363636364,9332.818181818182,3
learned+queuePress0.2/0,throughput,75,9311.757575757576,24.437961407600866,9278.272727272728,9335.90909090909,3
learned+queuePress0.2/0,throughput,76,9310.69696969697,10.387885859761681,9296.09090909091,9319.363636363636,3
learned+queuePress0.2/0,throughput,77,9303.151515151514,23.912643281820877,9275.727272727272,9334.0,3
learned+queuePress0.2/0,throughput,78,9291.636363636362,36.387795005253686,9254.363636363636,9341.0,3
learned+queuePress0.2/0,throughput,79,9286.545454545454,45.412040732895,9239.454545454546,9347.90909090909,3
learned+queuePress0.2/0,throughput,80,9296.969696969698,46.93271271189947,9249.818181818182,9361.0,3
learned+queuePress0.2/0,throughput,81,9299.90909090909,59.38560547591525,9221.454545454546,9365.09090909091,3
learned+queuePress0.2/0,throughput,82,9297.939393939394,56.98433080908627,9221.636363636364,9358.545454545454,3
learned+queuePress0.2/0,throughput,83,9311.333333333334,62.688276562411836,9224.636363636364,9370.727272727272,3
learned+queuePress0.2/0,throughput,84,9317.636363636362,68.39135479333902,9224.90909090909,9387.818181818182,3
learned+queuePress0.2/0,throughput,85,9339.424242424242,75.09264556409285,9239.181818181818,9419.90909090909,3
learned+queuePress0.2/0,throughput,86,9359.363636363636,70.47993677354775,9270.363636363636,9442.727272727272,3
learned+queuePress0.2/0,throughput,87,9367.272727272728,66.5376713448032,9288.545454545454,9451.272727272728,3
learned+queuePress0.2/0,throughput,88,9374.666666666666,70.29451359071417,9288.90909090909,9461.09090909091,3
learned+queuePress0.2/0,throughput,89,9380.666666666666,56.376847588219036,9307.0,9443.90909090909,3
learned+queuePress0.2/0,throughput,90,9393.727272727272,53.74980299790939,9318.363636363636,9440.0,3
learned+queuePress0.2/0,throughput,91,9398.181818181818,52.691576213439966,9324.363636363636,9443.90909090909,3
learned+queuePress0.2/0,throughput,92,9406.727272727272,42.07870102426907,9347.363636363636,9440.0,3
learned+queuePress0.2/0,throughput,93,9412.363636363636,41.82931340645136,9353.90909090909,9449.454545454546,3
learned+queuePress0.2/0,throughput,94,9409.515151515152,37.984071863547896,9363.818181818182,9456.818181818182,3
learned+queuePress0.2/0,throughput,95,9397.909090909092,41.972245847555406,9364.363636363636,9457.09090909091,3
learned+queuePress0.2/0,throughput,96,9396.878787878786,56.70130200638654,9331.181818181818,9469.545454545454,3
learned+queuePress0.2/0,throughput,97,9404.90909090909,77.25297430240109,9313.636363636364,9502.545454545454,3
learned+queuePress0.2/0,throughput,98,9418.363636363636,89.11227325783531,9309.727272727272,9528.0,3
learned+queuePress0.2/0,throughput,99,9432.454545454546,113.97085316825851,9284.09090909091,9561.181818181818,3
learned+queuePress0.2/0,throughput,100,9449.636363636366,112.68227352090585,9304.818181818182,9579.636363636364,3
learned+queuePress0.2/0,throughput,101,9467.818181818182,103.00415889327594,9326.0,9567.545454545454,3
learned+queuePress0.2/0,throughput,102,9481.242424242424,106.63540347634961,9331.0,9567.636363636364,3
learned+queuePress0.2/0,throughput,103,9489.90909090909,106.45194469301927,9339.363636363636,9565.454545454546,3
learned+queuePress0.2/0,throughput,104,9504.393939393938,117.7756735262588,9338.545454545454,9600.636363636364,3
learned+queuePress0.2/0,throughput,105,9522.181818181818,114.82004125272819,9363.0,9629.545454545454,3
learned+queuePress0.2/0,throughput,106,9560.424242424242,97.71117086048767,9426.0,9655.363636363636,3
learned+queuePress0.2/0,throughput,107,9575.727272727272,94.92461849063278,9447.272727272728,9673.727272727272,3
learned+queuePress0.2/0,throughput,108,9587.212121212122,94.91925910158074,9464.09090909091,9695.09090909091,3
learned+queuePress0.2/0,throughput,109,9587.272727272726,76.53793240229788,9496.727272727272,9683.90909090909,3
learned+queuePress0.2/0,throughput,110,9591.636363636362,72.58383582548184,9515.181818181818,9689.181818181818,3
learned+queuePress0.2/0,throughput,111,9592.606060606062,87.07541879491808,9510.0,9713.0,3
learned+queuePress0.2/0,throughput,112,9579.030303030304,86.36690052310988,9487.09090909091,9694.636363636364,3
learned+queuePress0.2/0,throughput,113,9576.484848484848,80.1304148201359,9500.454545454546,9687.272727272728,3
learned+queuePress0.2/0,throughput,114,9572.272727272728,74.51854651095003,9502.454545454546,9675.545454545454,3
learned+queuePress0.2/0,throughput,115,9568.21212121212,65.86112500527577,9510.90909090909,9660.454545454546,3
learned+queuePress0.2/0,throughput,116,9560.212121212122,55.46380118154496,9513.818181818182,9638.181818181818,3
learned+queuePress0.2/0,throughput,117,9562.69696969697,52.50786814099945,9510.272727272728,9634.454545454546,3
learned+queuePress0.2/0,throughput,118,9555.424242424242,46.90687881402359,9515.545454545454,9621.272727272728,3
learned+queuePress0.2/0,throughput,119,9552.484848484848,45.49067251187967,9512.818181818182,9616.181818181818,3
learned+queuePress0.2/0,throughput,120,9549.545454545454,46.81085556093969,9508.727272727272,9615.09090909091,3
learned+queuePress0.2/0,throughput,121,9549.727272727274,53.176145773634794,9508.636363636364,9624.818181818182,3
learned+queuePress0.2/0,throughput,122,9562.575757575758,53.63365855188584,9511.363636363636,9636.636363636364,3
learned+queuePress0.2/0,throughput,123,9573.0,57.834617446703824,9525.09090909091,9654.363636363636,3
learned+queuePress0.2/0,throughput,124,9582.242424242424,60.38874675482961,9526.272727272728,9666.09090909091,3
learned+queuePress0.2/0,throughput,125,9598.545454545456,72.3957215301276,9536.454545454546,9700.09090909091,3
learned+queuePress0.2/0,throughput,126,9609.12121212121,67.23202426846841,9555.272727272728,9703.90909090909,3
learned+queuePress0.2/0,throughput,127,9619.363636363638,86.91035880906031,9557.545454545454,9742.272727272728,3
learned+queuePress0.2/0,throughput,128,9614.363636363638,103.17555714551098,9529.90909090909,9759.636363636364,3
learned+queuePress0.2/0,throughput,129,9625.181818181818,110.57762191474173,9529.727272727272,9780.181818181818,3
learned+queuePress0.2/0,throughput,130,9622.272727272728,110.35412569474396,9527.818181818182,9777.09090909091,3
learned+queuePress0.2/0,throughput,131,9620.333333333334,113.57507033846635,9521.818181818182,9779.454545454546,3
learned+queuePress0.2/0,throughput,132,9620.818181818182,117.82332573881222,9527.181818181818,9787.0,3
learned+queuePress0.2/0,throughput,133,9609.030303030302,115.54375778582387,9515.363636363636,9771.818181818182,3
learned+queuePress0.2/0,throughput,134,9603.878787878786,126.51308653731202,9510.181818181818,9782.727272727272,3
learned+queuePress0.2/0,throughput,135,9589.151515151514,132.3613539041745,9489.0,9776.181818181818,3
learned+queuePress0.2/0,throughput,136,9573.848484848486,121.18165526219084,9473.727272727272,9744.363636363636,3
learned+queuePress0.2/0,throughput,137,9558.87878787879,132.7429698757086,9433.09090909091,9742.454545454546,3
learned+queuePress0.2/0,throughput,138,9551.696969696968,126.85840207942559,9442.90909090909,9729.636363636364,3
learned+queuePress0.2/0,throughput,139,9536.757575757576,126.30873743867356,9428.90909090909,9714.0,3
learned+queuePress0.2/0,throughput,140,9526.272727272728,131.919668351886,9403.0,9709.181818181818,3
learned+queuePress0.2/0,throughput,141,9523.12121212121,139.30932214319492,9397.90909090909,9717.454545454546,3
learned+queuePress0.2/0,throughput,142,9534.151515151514,139.2689558262466,9395.545454545454,9724.636363636364,3
learned+queuePress0.2/0,throughput,143,9534.30303030303,131.3504624480153,9405.272727272728,9714.545454545454,3
learned+queuePress0.2/0,throughput,144,9529.848484848486,124.51050899551113,9405.272727272728,9699.90909090909,3
learned+queuePress0.2/0,throughput,145,9528.69696969697,107.11478700031596,9422.545454545454,9675.363636363636,3
learned+queuePress0.2/0,throughput,146,9535.060606060606,100.97118846437414,9441.181818181818,9675.181818181818,3
learned+queuePress0.2/0,throughput,147,9538.727272727272,100.52761636929743,9458.181818181818,9680.454545454546,3
learned+queuePress0.2/0,throughput,148,9558.09090909091,96.91542989103529,9478.727272727272,9694.545454545454,3
learned+queuePress0.2/0,throughput,149,9560.242424242424,96.86573973039727,9466.545454545454,9693.636363636364,3
learned+queuePress0.2/0,throughput,150,9568.78787878788,96.57382261232992,9473.545454545454,9701.181818181818,3
learned+queuePress0.2/0,throughput,151,9579.90909090909,80.00010330571794,9505.454545454546,9690.90909090909,3
learned+queuePress0.2/0,throughput,152,9568.363636363636,78.65428067033967,9487.636363636364,9675.0,3
learned+queuePress0.2/0,throughput,153,9560.454545454546,82.85444770277684,9498.09090909091,9677.545454545454,3
learned+queuePress0.2/0,throughput,154,9552.424242424242,67.16782703097155,9491.90909090909,9646.09090909091,3
learned+queuePress0.2/0,throughput,155,9551.242424242424,71.29299083206915,9473.363636363636,9645.636363636364,3
learned+queuePress0.2/0,throughput,156,9550.030303030302,69.57507126680815,9463.545454545454,9633.90909090909,3
learned+queuePress0.2/0,throughput,157,9552.939393939394,76.4205175359284,9450.818181818182,9634.636363636364,3
learned+queuePress0.2/0,throughput,158,9545.030303030304,78.29436343817568,9440.09090909091,9628.09090909091,3
learned+queuePress0.2/0,throughput,159,9532.939393939394,93.08736775145364,9403.09090909091,9616.636363636364,3
learned+queuePress0.2/0,throughput,160,9524.060606060606,97.3972675790448,9386.363636363636,9595.90909090909,3
learned+queuePress0.2/0,throughput,161,9521.272727272728,109.32674004174,9367.454545454546,9611.727272727272,3
learned+queuePress0.2/0,throughput,162,9516.424242424242,111.57416916552438,9358.818181818182,9601.818181818182,3
learned+queuePress0.2/0,throughput,163,9523.636363636362,116.84278717405071,9359.0,9618.181818181818,3
learned+queuePress0.2/0,throughput,164,9533.757575757576,106.84084436148478,9384.09090909091,9626.545454545454,3
learned+queuePress0.2/0,throughput,165,9532.060606060606,106.35825765559358,9381.90909090909,9614.818181818182,3
learned+queuePress0.2/0,throughput,166,9548.606060606062,115.01252377209232,9387.454545454546,9648.272727272728,3
learned+queuePress0.2/0,throughput,167,9554.272727272726,129.13765692183566,9373.727272727272,9668.363636363636,3
learned+queuePress0.2/0,throughput,168,9547.606060606058,130.23425246160565,9366.545454545454,9667.363636363636,3
learned+queuePress0.2/0,throughput,169,9548.333333333334,137.1092410645886,9359.09090909091,9679.545454545454,3
learned+queuePress0.2/0,throughput,170,9556.575757575758,156.37016077532166,9341.818181818182,9709.636363636364,3
learned+queuePress0.2/0,throughput,171,9570.848484848486,159.6481208711969,9350.181818181818,9722.545454545454,3
learned+queuePress0.2/0,throughput,172,9571.878787878786,148.7768372129641,9365.181818181818,9709.272727272728,3
learned+queuePress0.2/0,throughput,173,9584.272727272728,156.22114719830932,9366.454545454546,9725.181818181818,3
learned+queuePress0.2/0,throughput,174,9603.545454545454,173.08395389642143,9361.09090909091,9753.90909090909,3
learned+queuePress0.2/0,throughput,175,9596.242424242424,182.00054995426427,9341.818181818182,9757.181818181818,3
learned+queuePress0.2/0,throughput,176,9599.90909090909,191.5674506649555,9330.90909090909,9762.272727272728,3
learned+queuePress0.2/0,throughput,177,9588.151515151516,184.09720652653158,9328.0,9727.09090909091,3
learned+queuePress0.2/0,throughput,178,9592.69696969697,161.35279235152043,9364.545454545454,9710.272727272728,3
learned+queuePress0.2/0,throughput,179,9594.939393939394,160.56203513223033,9368.363636363636,9721.181818181818,3
learned+queuePress0.2/0,throughput,180,9600.272727272728,161.34129593537068,9373.727272727272,9737.09090909091,3
learned+queuePress0.2/0,throughput,181,9598.121212121214,142.0602893263614,9399.545454545454,9723.818181818182,3
learned+queuePress0.2/0,throughput,182,9605.454545454546,138.16429314705843,9411.272727272728,9721.363636363636,3
learned+queuePress0.2/0,throughput,183,9614.757575757576,146.38837233727122,9409.09090909091,9738.09090909091,3
learned+queuePress0.2/0,throughput,184,9601.272727272726,134.38819638578278,9412.181818181818,9712.363636363636,3
learned+queuePress0.2/0,throughput,185,9592.181818181818,117.7551037654413,9426.818181818182,9691.90909090909,3
learned+queuePress0.2/0,throughput,186,9601.363636363638,110.05806131085582,9450.454545454546,9709.818181818182,3
learned+queuePress0.2/0,throughput,187,9594.636363636366,123.78041964099764,9426.181818181818,9720.09090909091,3
learned+queuePress0.2/0,throughput,188,9597.484848484848,118.32635295440082,9436.363636363636,9717.181818181818,3
learned+queuePress0.2/0,throughput,189,9599.90909090909,118.18995309997416,9437.363636363636,9714.90909090909,3
learned+queuePress0.2/0,throughput,190,9601.181818181818,103.37161825208662,9457.818181818182,9697.636363636364,3
learned+queuePress0.2/0,throughput,191,9612.151515151514,87.89680066176896,9490.09090909091,9693.545454545454,3
learned+queuePress0.2/0,throughput,192,9613.545454545454,83.38271814920837,9501.272727272728,9700.90909090909,3
learned+queuePress0.2/0,throughput,193,9598.30303030303,82.72974799271753,9489.90909090909,9690.636363636364,3
learned+queuePress0.2/0,throughput,194,9605.393939393938,54.168512365249,9535.727272727272,9667.818181818182,3
learned+queuePress0.2/0,throughput,195,9619.484848484848,49.08935650369349,9569.454545454546,9686.181818181818,3
learned+queuePress0.2/0,throughput,196,9625.515151515152,41.248713701179156,9588.181818181818,9683.0,3
learned+queuePress0.2/0,throughput,197,9625.121212121214,29.10722396047103,9598.181818181818,9665.545454545454,3
learned+queuePress0.2/0,throughput,198,9631.969696969696,28.131659501339886,9592.454545454546,9655.727272727272,3
learned+queuePress0.2/0,throughput,199,9632.666666666666,38.09906857955938,9579.727272727272,9667.818181818182,3
learned+queuePress0.2/0,throughput,200,9614.424242424242,42.12544125269882,9555.09090909091,9648.727272727272,3
learned+queuePress0.2/0,throughput,201,9628.424242424242,55.583076746157964,9549.818181818182,9667.90909090909,3
learned+queuePress0.2/0,throughput,202,9627.151515151514,68.18369020999097,9531.90909090909,9687.818181818182,3
learned+queuePress0.2/0,throughput,203,9627.030303030304,68.85003199285937,9533.09090909091,9696.181818181818,3
learned+queuePress0.2/0,throughput,204,9620.333333333334,75.05092241275037,9531.545454545454,9715.09090909091,3
learned+queuePress0.2/0,throughput,205,9608.21212121212,86.32395686023298,9497.545454545454,9708.181818181818,3
learned+queuePress0.2/0,throughput,206,9599.363636363636,85.33444171112143,9491.363636363636,9700.0,3
learned+queuePress0.2/0,throughput,207,9583.090909090908,110.32965879044227,9439.363636363636,9707.545454545454,3
learned+queuePress0.2/0,throughput,208,9568.90909090909,116.67496231821043,9411.454545454546,9690.363636363636,3
learned+queuePress0.2/0,throughput,209,9548.545454545456,115.95356247281798,9402.0,9685.545454545454,3
learned+queuePress0.2/0,throughput,210,9544.0,117.03544234906039,9392.181818181818,9677.0,3
learned+queuePress0.2/0,throughput,211,9545.636363636364,113.93896679481496,9400.636363636364,9679.0,3
learned+queuePress0.2/0,throughput,212,9520.454545454546,108.1469003999447,9386.09090909091,9650.90909090909,3
learned+queuePress0.2/0,throughput,213,9509.545454545456,104.90712145622638,9377.454545454546,9634.09090909091,3
learned+queuePress0.2/0,throughput,214,9496.39393939394,102.87418653520463,9364.454545454546,9615.454545454546,3
learned+queuePress0.2/0,throughput,215,9495.848484848484,100.59945213783021,9363.90909090909,9607.90909090909,3
learned+queuePress0.2/0,throughput,216,9499.212121212122,78.81160481920226,9399.636363636364,9592.363636363636,3
learned+queuePress0.2/0,throughput,217,9492.727272727274,73.66681001693784,9399.818181818182,9580.0,3
learned+queuePress0.2/0,throughput,218,9498.60606060606,53.77958963017241,9439.545454545454,9569.636363636364,3
learned+queuePress0.2/0,throughput,219,9507.212121212122,54.47962357392628,9458.545454545454,9583.272727272728,3
learned+queuePress0.2/0,throughput,220,9531.060606060606,47.69377371757595,9485.181818181818,9596.818181818182,3
learned+queuePress0.2/0,throughput,221,9539.060606060606,56.53601857025284,9492.545454545454,9618.636363636364,3
learned+queuePress0.2/0,throughput,222,9547.424242424242,66.26739943389873,9483.181818181818,9638.636363636364,3
learned+queuePress0.2/0,throughput,223,9571.09090909091,71.7307100608949,9488.454545454546,9663.363636363636,3
learned+queuePress0.2/0,throughput,224,9577.030303030302,68.3928585728434,9490.727272727272,9658.0,3
learned+queuePress0.2/0,throughput,225,9581.818181818182,71.82408874826015,9486.181818181818,9659.272727272728,3
learned+queuePress0.2/0,throughput,226,9598.121212121212,63.978876220104596,9509.636363636364,9658.727272727272,3
learned+queuePress0.2/0,throughput,227,9594.242424242424,65.15851970803047,9503.818181818182,9654.818181818182,3
learned+queuePress0.2/0,throughput,228,9602.12121212121,73.92414149688472,9498.181818181818,9663.818181818182,3
learned+queuePress0.2/0,throughput,229,9606.757575757574,76.84531825996726,9498.363636363636,9667.727272727272,3
learned+queuePress0.2/0,throughput,230,9606.121212121212,70.28875246865381,9506.727272727272,9657.0,3
learned+queuePress0.2/0,throughput,231,9616.303030303032,55.48167907138727,9538.545454545454,9664.272727272728,3
learned+queuePress0.2/0,throughput,232,9614.939393939394,50.32414671788645,9549.818181818182,9672.363636363636,3
learned+queuePress0.2/0,throughput,233,9617.181818181818,52.96378512186677,9553.818181818182,9683.454545454546,3
learned+queuePress0.2/0,throughput,234,9614.181818181818,38.296221105537136,9573.818181818182,9665.636363636364,3
learned+queuePress0.2/0,throughput,235,9616.666666666666,44.7391788374423,9573.09090909091,9678.181818181818,3
learned+queuePress0.2/0,throughput,236,9626.90909090909,51.47269194950746,9578.454545454546,9698.181818181818,3
learned+queuePress0.2/0,throughput,237,9628.0,48.77039024026025,9591.0,9696.90909090909,3
learned+queuePress0.2/0,throughput,238,9636.393939393942,51.685866866992534,9595.09090909091,9709.272727272728,3
learned+queuePress0.2/0,throughput,239,9643.51515151515,68.41335769773592,9574.454545454546,9736.727272727272,3
learned+queuePress0.2/0,throughput,240,9650.969696969696,75.90723399410236,9560.636363636364,9746.363636363636,3
learned+queuePress0.2/0,throughput,241,9659.39393939394,70.37093115946283,9573.727272727272,9746.09090909091,3
learned+queuePress0.2/0,throughput,242,9641.757575757576,88.10757053345435,9533.727272727272,9749.545454545454,3
learned+queuePress0.2/0,throughput,243,9652.818181818182,98.3913868881529,9534.363636363636,9775.272727272728,3
learned+queuePress0.2/0,throughput,244,9660.454545454546,102.32700243336176,9528.454545454546,9777.818181818182,3
learned+queuePress0.2/0,throughput,245,9662.666666666666,111.35236364302627,9523.7,9796.3,3
learned+queuePress0.2/0,throughput,246,9668.48148148148,114.43755223163487,9520.888888888889,9799.777777777777,3
learned+queuePress0.2/0,throughput,247,9670.916666666666,117.8144875311276,9514.125,9798.125,3
learned+queuePress0.2/0,throughput,248,9674.333333333334,119.42414740799647,9517.57142857143,9807.142857142857,3
learned+queuePress0.2/0,throughput,249,9674.166666666666,128.95398260476358,9502.0,9812.333333333334,3
