group,metric,episode,mean,std,min,max,seed_count
learned+queue,travel_time,0,1584.6469833333333,3.1241810168011352,1581.9162333333334,1589.02035,3
learned+queue,travel_time,1,1582.2228095238097,3.850825350834623,1578.582457142857,1587.5507142857143,3
learned+queue,travel_time,2,1580.1273541666667,3.970841189669545,1576.7223,1585.697125,3
learned+queue,travel_time,3,1578.4325333333334,4.085910241969613,1575.2894111111111,1584.2032111111112,3
learned+queue,travel_time,4,1576.5634233333333,3.8170373388823844,1572.5907,1581.71487,3
learned+queue,travel_time,5,1574.1002787878788,3.858475920025633,1569.7873454545456,1579.151690909091,3
learned+queue,travel_time,6,1570.1373060606063,5.534869196073906,1563.3801454545455,1576.9375454545452,3
learned+queue,travel_time,7,1565.7271212121211,4.757658746670568,1559.6829090909089,1571.3092272727272,3
learned+queue,travel_time,8,1562.4794878787877,4.76460749427004,1556.3623454545452,1567.9850272727272,3
learned+queue,travel_time,9,1557.941209090909,5.498283476578531,1550.8837636363635,1564.2967727272728,3
learned+queue,travel_time,10,1553.0708575757578,7.519073419742473,1542.9730000000002,1561.0059,3
learned+queue,travel_time,11,1547.6650696969698,8.82192319515912,1535.576009090909,1556.379890909091,3
learned+queue,travel_time,12,1542.5123272727271,9.937377659481621,1528.6879999999999,1551.6138272727273,3
learned+queue,travel_time,13,1536.5238272727274,10.559604796530017,1521.8771636363635,1546.3699181818183,3
learned+queue,travel_time,14,1529.800596969697,10.82019375080068,1514.9555818181818,1540.4377636363636,3
learned+queue,travel_time,15,1522.2912787878788,11.273242624657719,1507.3089545454545,1534.5022363636365,3
learned+queue,travel_time,16,1515.5706636363636,12.234587564960398,1499.5108818181818,1529.1764181818182,3
learned+queue,travel_time,17,1508.8239606060606,11.964707830393582,1493.9379272727274,1523.2337454545452,3
learned+queue,travel_time,18,1501.2654757575758,12.40638584503062,1485.6865727272727,1516.0442727272728,3
learned+queue,travel_time,19,1493.070581818182,14.181082367906372,1475.4011272727273,1510.120990909091,3
learned+queue,travel_time,20,1485.0050272727274,15.411407807221797,1465.8691818181817,1503.6079818181818,3
learned+queue,travel_time,21,1478.0321636363635,15.81917068082732,1458.7668727272728,1497.5139545454547,3
learned+queue,travel_time,22,1471.3721242424242,17.61340504757795,1450.3240545454546,1493.4322818181818,3
learned+queue,travel_time,23,1464.5705939393938,19.22125690646329,1441.8058454545453,1488.8180272727272,3
learned+queue,travel_time,24,1459.4644454545457,20.644445551431197,1435.2972,1485.7342545454546,3
learned+queue,travel_time,25,1453.4906696969695,22.251715199987213,1427.2539,1481.6567181818182,3
learned+queue,travel_time,26,1447.9634272727271,24.109231233505444,1419.3676818181818,1478.342190909091,3
learned+queue,travel_time,27,1443.686296969697,25.945353906804318,1413.7814454545455,1477.0511363636363,3
learned+queue,travel_time,28,1438.0627666666667,27.666832439607948,1405.5864545454544,1473.1992636363636,3
learned+queue,travel_time,29,1432.1649636363636,29.814483700423295,1397.1556727272728,1470.0194818181817,3
learned+queue,travel_time,30,1427.2473575757576,30.533857594518498,1391.4104818181818,1466.0287636363637,3
learned+queue,travel_time,31,1423.0262393939392,30.63596754674842,1386.9543636363635,1461.845790909091,3
learned+queue,travel_time,32,1417.473690909091,32.01472738565828,1379.5612454545453,1457.863509090909,3
learned+queue,travel_time,33,1411.8898545454547,32.38509673863071,1373.4355636363637,1452.6609636363637,3
learned+queue,travel_time,34,1406.3174424242425,32.44403431485584,1367.3880181818183,1446.8130363636365,3
learned+queue,travel_time,35,1400.206612121212,32.96876636851083,1360.1876181818182,1440.9349272727272,3
learned+queue,travel_time,36,1395.3137424242425,33.24937564733251,1354.3977181818182,1435.838909090909,3
learned+queue,travel_time,37,1390.7222000000002,32.276085916664165,1350.6203,1429.6542727272727,3
learned+queue,travel_time,38,1385.3434454545456,31.948744258648333,1344.189881818182,1422.0717454545454,3
learned+queue,travel_time,39,1380.8064666666667,32.40923628349581,1339.0711454545456,1418.0802272727271,3
learned+queue,travel_time,40,1376.5294606060606,32.87959353567841,1334.1765545454546,1414.3274363636365,3
learned+queue,travel_time,41,1372.4927484848486,33.03752119957658,1329.6160272727273,1410.0061454545455,3
learned+queue,travel_time,42,1367.5675303030303,32.857982464337155,1324.753690909091,1404.6174,3
learned+queue,travel_time,43,1363.690612121212,31.579439691763767,1322.9565181818182,1399.9145727272726,3
learned+queue,travel_time,44,1361.5819151515152,30.214096481167594,1322.7108727272725,1396.3836000000001,3
learned+queue,travel_time,45,1357.8931242424242,29.28717543439134,1320.6142818181818,1392.1634090909092,3
learned+queue,travel_time,46,1354.5450121212123,29.28303977473512,1316.9006181818183,1388.3144272727272,3
learned+queue,travel_time,47,1351.160212121212,29.25062323968863,1313.383109090909,1384.6455545454546,3
learned+queue,travel_time,48,1348.1647545454546,29.4877871277746,1309.2295818181817,1380.5680909090909,3
learned+queue,travel_time,49,1344.6692393939395,28.6768014383829,1306.5889454545454,1375.7906454545455,3
learned+queue,travel_time,50,1341.836209090909,27.593948887602608,1305.0517454545454,1371.5119,3
learned+queue,travel_time,51,1339.5518606060607,26.08232376428592,1304.5301,1367.0896363636364,3
learned+queue,travel_time,52,1335.908290909091,25.10168861527846,1302.5487272727273,1363.0998181818181,3
learned+queue,travel_time,53,1334.2530848484848,23.973577174387874,1302.2169999999999,1359.8818272727274,3
learned+queue,travel_time,54,1330.816509090909,23.23642143316659,1299.3029272727274,1354.6397454545456,3
learned+queue,travel_time,55,1327.0255818181818,24.362510439687014,1293.5448,1350.8069818181818,3
learned+queue,travel_time,56,1324.5408363636363,24.416809694022376,1291.0074272727272,1348.4422272727272,3
learned+queue,travel_time,57,1321.225693939394,22.092137824683416,1290.7052727272728,1342.2713818181817,3
learned+queue,travel_time,58,1318.359118181818,20.812875131299748,1289.442318181818,1337.5743727272727,3
learned+queue,travel_time,59,1315.0506303030304,20.345099927971287,1286.9459727272726,1334.4397,3
learned+queue,travel_time,60,1312.207715151515,21.111141469762533,1283.3535636363636,1333.2754909090909,3
learned+queue,travel_time,61,1308.4881454545455,21.085064378880634,1279.8554000000001,1330.0152272727273,3
learned+queue,travel_time,62,1305.7216515151515,21.406550232124207,1276.6527272727274,1327.5779181818182,3
learned+queue,travel_time,63,1303.1971909090908,21.690504022619265,1273.3518818181817,1324.2566272727272,3
learned+queue,travel_time,64,1301.2906545454546,23.131049460927112,1269.2764909090909,1323.1190909090908,3
learned+queue,travel_time,65,1299.679503030303,23.51163758532469,1267.0678181818182,1321.6026545454545,3
learned+queue,travel_time,66,1298.4809787878787,23.072565870995458,1266.3334363636363,1319.3938181818182,3
learned+queue,travel_time,67,1297.1485757575758,23.65678249497287,1263.8707,1316.7711818181817,3
learned+queue,travel_time,68,1295.958906060606,25.06893914089354,1260.6151545454545,1316.0374363636363,3
learned+queue,travel_time,69,1295.8495333333333,25.47926866121392,1260.0604272727273,1317.3696363636363,3
learned+queue,travel_time,70,1295.4516696969697,25.449607093169636,1259.9934454545455,1318.5248909090908,3
learned+queue,travel_time,71,1294.5509696969696,25.37662450813331,1259.1267545454546,1317.2433727272726,3
learned+queue,travel_time,72,1295.9257363636364,24.555685954271162,1261.535890909091,1317.3011454545453,3
learned+queue,travel_time,73,1297.643806060606,22.22682942782624,1266.7873363636363,1318.264018181818,3
learned+queue,travel_time,74,1298.9673181818182,19.018886217108996,1273.3912545454546,1318.9647727272727,3
learned+queue,travel_time,75,1299.0317484848485,17.40365437441656,1276.858290909091,1319.3696454545454,3
learned+queue,travel_time,76,1300.416578787879,18.59109690794407,1277.4433636363638,1322.9764363636364,3
learned+queue,travel_time,77,1300.5226515151514,17.86227462850542,1279.121390909091,1322.845709090909,3
learned+queue,travel_time,78,1302.9154727272728,18.87084115226741,1281.433627272727,1327.3699181818183,3
learned+queue,travel_time,79,1304.8972333333334,20.31691278539048,1285.1880363636365,1332.8578,3
learned+queue,travel_time,80,1303.2772272727273,20.404412010892347,1284.8416727272727,1331.720190909091,3
learned+queue,travel_time,81,1303.533887878788,20.95879410669136,1285.4541363636365,1332.9145727272726,3
learned+queue,travel_time,82,1303.9104636363636,20.184569433453,1289.2734090909091,1332.4526272727273,3
learned+queue,travel_time,83,1301.0736454545456,20.909614395016078,1284.6998727272728,1330.5852272727273,3
learned+queue,travel_time,84,1297.2736333333332,23.167238287633634,1279.5278454545455,1329.9980818181818,3
learned+queue,travel_time,85,1294.7237454545455,24.07381515460352,1277.5586727272728,1328.7688636363637,3
learned+queue,travel_time,86,1292.336496969697,25.076941630665168,1273.9798727272728,1327.7932272727273,3
learned+queue,travel_time,87,1288.5122757575757,24.171271878473917,1270.2391545454545,1322.6677363636363,3
learned+queue,travel_time,88,1285.7263666666668,25.686158135049205,1264.930290909091,1321.9180181818183,3
learned+queue,travel_time,89,1281.559793939394,24.375710730766144,1258.5993545454546,1315.3083,3
learned+queue,travel_time,90,1278.195709090909,22.70565325676816,1257.3758363636364,1309.7768454545455,3
learned+queue,travel_time,91,1277.243787878788,21.50097372479034,1257.2591454545454,1307.082981818182,3
learned+queue,travel_time,92,1276.3825757575758,21.473892272363866,1254.9756545454545,1305.740790909091,3
learned+queue,travel_time,93,1274.2358666666667,21.900788141298584,1253.8541545454545,1304.623409090909,3
learned+queue,travel_time,94,1274.4444454545455,20.832062956724883,1255.4286636363636,1303.4398272727274,3
learned+queue,travel_time,95,1273.8494242424242,18.898919081439463,1256.632509090909,1300.1620363636364,3
learned+queue,travel_time,96,1275.0283181818183,18.846935458396068,1260.1518363636364,1301.6193181818182,3
learned+queue,travel_time,97,1276.6251181818182,19.358602028591143,1262.5190272727273,1303.998027272727,3
learned+queue,travel_time,98,1279.8158,19.320536255417807,1265.1614363636363,1307.114509090909,3
learned+queue,travel_time,99,1283.1285333333333,19.095691500729647,1269.5746818181817,1310.1338545454546,3
learned+queue,travel_time,100,1285.5170363636364,19.54150092299645,1269.0052636363637,1312.9647545454545,3
learned+queue,travel_time,101,1286.7138242424244,18.83699309965323,1269.3787909090909,1312.8990727272728,3
learned+queue,travel_time,102,1289.6727727272728,19.506681171706248,1270.0505545454546,1316.276509090909,3
learned+queue,travel_time,103,1291.5301727272727,20.448926909226724,1269.1480000000001,1318.5805363636364,3
learned+queue,travel_time,104,1295.8443333333332,19.718086014487557,1273.482009090909,1321.4528727272727,3
learned+queue,travel_time,105,1297.766393939394,18.967248452357587,1275.3752454545454,1321.7530636363635,3
learned+queue,travel_time,106,1301.6245666666666,21.541560711663685,1275.1789545454544,1327.9443363636365,3
learned+queue,travel_time,107,1302.5423424242424,21.464379099813613,1275.5748,1328.094381818182,3
learned+queue,travel_time,108,1302.4583333333333,21.112871536697398,1274.7934272727273,1326.0180545454546,3
learned+queue,travel_time,109,1301.837293939394,21.805434060455443,1272.3291454545454,1324.3481272727274,3
learned+queue,travel_time,110,1299.8669606060605,22.182210042147698,1269.0535454545454,1320.3703090909091,3
learned+queue,travel_time,111,1300.160590909091,22.16002294059421,1269.1860727272726,1319.7751181818182,3
learned+queue,travel_time,112,1299.9288484848485,22.963435532587432,1267.6326181818183,1319.0255545454545,3
learned+queue,travel_time,113,1298.579206060606,22.7069580153064,1266.5062727272727,1315.9955727272727,3
learned+queue,travel_time,114,1298.0884666666668,22.638632896042527,1266.1742090909092,1316.2527818181818,3
learned+queue,travel_time,115,1297.2558000000001,24.197041943275327,1263.1833272727274,1317.038890909091,3
learned+queue,travel_time,116,1297.288209090909,24.880999346545767,1262.1995363636363,1317.1096,3
learned+queue,travel_time,117,1297.1969212121212,23.879744553894422,1263.8074727272726,1318.2759181818183,3
learned+queue,travel_time,118,1297.4034303030303,23.076906502417973,1265.2402181818181,1318.2768272727271,3
learned+queue,travel_time,119,1297.7363636363636,22.482909529637222,1266.2464272727273,1317.2905,3
learned+queue,travel_time,120,1298.3958393939392,23.445525149848862,1265.6561727272726,1319.307109090909,3
learned+queue,travel_time,121,1299.4484757575758,22.48919255853314,1267.787681818182,1317.8944545454544,3
learned+queue,travel_time,122,1298.7509424242423,23.070180968918393,1266.1662272727272,1316.4670727272728,3
learned+queue,travel_time,123,1299.7613606060606,20.923307444284813,1270.2054454545455,1315.7694000000001,3
learned+queue,travel_time,124,1299.5085515151516,20.17342778936699,1271.2638454545454,1317.1134636363638,3
learned+queue,travel_time,125,1300.6267969696971,20.265587155089154,1272.3949363636364,1319.0162,3
learned+queue,travel_time,126,1298.8194030303032,17.909396241701632,1273.8482181818183,1314.9723727272728,3
learned+queue,travel_time,127,1299.5509363636363,19.668453590366926,1272.2642181818183,1317.8685181818182,3
learned+queue,travel_time,128,1298.335993939394,19.66418236490641,1271.2508727272727,1317.3390727272729,3
learned+queue,travel_time,129,1295.8493151515152,20.382597361264363,1268.0231727272728,1316.2781181818182,3
learned+queue,travel_time,130,1294.2384272727272,20.965954165696143,1265.6586727272727,1315.3660727272727,3
learned+queue,travel_time,131,1292.602093939394,20.339950165538774,1265.475881818182,1314.4535545454546,3
learned+queue,travel_time,132,1290.126590909091,20.413577081031033,1262.9897727272728,1312.2253,3
learned+queue,travel_time,133,1288.3299666666665,19.488510665472994,1262.4377363636363,1309.4551636363635,3
learned+queue,travel_time,134,1285.9685272727272,21.35130303262852,1257.1794636363636,1308.2503636363638,3
learned+queue,travel_time,135,1283.124696969697,21.956165631220443,1253.5004999999999,1305.9937818181818,3
learned+queue,travel_time,136,1277.9595636363638,21.130152870404622,1250.2582636363636,1301.5160636363637,3
learned+queue,travel_time,137,1275.7481393939395,21.627052153624835,1248.6990545454546,1301.636109090909,3
learned+queue,travel_time,138,1270.3411878787879,20.03474471504003,1244.8553545454545,1293.8051454545455,3
learned+queue,travel_time,139,1267.0982363636365,20.333481348890388,1241.1562545454547,1290.8133363636364,3
learned+queue,travel_time,140,1264.4907848484847,19.46621037950051,1239.4414363636363,1286.9047272727273,3
learned+queue,travel_time,141,1263.3202454545456,19.47654898391422,1238.7472727272727,1286.3831272727273,3
learned+queue,travel_time,142,1261.5933757575758,20.345788156078644,1236.3926818181817,1286.2195454545454,3
learned+queue,travel_time,143,1262.058884848485,20.388633483390176,1236.7823545454546,1286.7124454545456,3
learned+queue,travel_time,144,1261.5200909090909,19.750194433943417,1236.942409090909,1285.3006,3
learned+queue,travel_time,145,1262.2599454545455,19.073651824078485,1238.6941363636363,1285.4092818181819,3
learned+queue,travel_time,146,1263.4514363636363,17.568385364075514,1241.8355363636363,1284.8677272727273,3
learned+queue,travel_time,147,1264.0537272727272,18.71229477598958,1241.2055545454546,1287.0405,3
learned+queue,travel_time,148,1264.5042818181819,19.656324245234007,1239.1677,1287.077109090909,3
learned+queue,travel_time,149,1266.5197515151515,19.78242025481998,1241.7456727272727,1290.1629,3
learned+queue,travel_time,150,1267.7242424242424,19.920130377094836,1243.3251727272727,1292.119327272727,3
learned+queue,travel_time,151,1268.7337363636364,18.80600881094686,1245.5164909090909,1291.5770636363636,3
learned+queue,travel_time,152,1269.168390909091,17.278738833626186,1247.0293727272726,1289.1950272727272,3
learned+queue,travel_time,153,1269.9278818181817,15.54987582449417,1250.2016,1288.2084636363636,3
learned+queue,travel_time,154,1270.2356484848485,13.20627616643919,1253.5333,1285.8243818181818,3
learned+queue,travel_time,155,1270.941309090909,13.582249689822927,1253.6315272727272,1286.8069454545455,3
learned+queue,travel_time,156,1273.412603030303,12.122258351466057,1258.120409090909,1287.7695363636365,3
learned+queue,travel_time,157,1274.4989575757575,12.686036456118595,1258.1951545454544,1289.1349,3
learned+queue,travel_time,158,1276.8707636363636,10.63775195043875,1262.936190909091,1288.748590909091,3
learned+queue,travel_time,159,1278.9051151515152,7.838934420587203,1269.8643909090908,1288.9817636363637,3
learned+queue,travel_time,160,1281.7125939393939,8.448996126843877,1273.217790909091,1293.2371545454546,3
learned+queue,travel_time,161,1282.8053393939392,7.7020178760715,1274.9893,1293.2832727272728,3
learned+queue,travel_time,162,1283.9274575757574,9.22916603362796,1275.1769272727272,1296.6894636363636,3
learned+queue,travel_time,163,1283.194309090909,8.81461033891074,1275.2577909090908,1295.4875181818181,3
learned+queue,travel_time,164,1282.5837393939394,9.869300427484802,1274.2730000000001,1296.4501,3
learned+queue,travel_time,165,1281.0821666666668,11.172036395064056,1271.199190909091,1296.6991727272728,3
learned+queue,travel_time,166,1279.5943212121213,12.437489122747996,1270.3322818181819,1297.1751545454545,3
learned+queue,travel_time,167,1274.9234272727272,13.981658576109611,1263.0273909090909,1294.5496545454546,3
learned+queue,travel_time,168,1272.9435424242424,15.221673235556059,1261.9593454545454,1294.468718181818,3
learned+queue,travel_time,169,1270.507624242424,16.28291118417228,1258.6629272727273,1293.5319363636363,3
learned+queue,travel_time,170,1267.5091272727275,18.411261067606393,1251.8612818181819,1293.3558272727273,3
learned+queue,travel_time,171,1264.5703696969697,18.003679263801782,1248.9265,1289.7891636363636,3
learned+queue,travel_time,172,1262.6111121212123,16.87417242232208,1247.5450454545455,1286.171209090909,3
learned+queue,travel_time,173,1260.872209090909,16.734582138290698,1246.1249636363636,1284.2757545454547,3
learned+queue,travel_time,174,1261.1653181818183,19.36482677701934,1244.893481818182,1288.3778,3
learned+queue,travel_time,175,1259.4350303030303,18.288857654283408,1242.879081818182,1284.9219818181818,3
learned+queue,travel_time,176,1258.2448606060605,18.29444050492165,1241.678809090909,1283.7384727272727,3
learned+queue,travel_time,177,1257.0542969696971,17.65280318719859,1239.8163000000002,1281.3120545454547,3
learned+queue,travel_time,178,1257.253593939394,17.95211296051287,1241.1440636363636,1282.3018818181818,3
learned+queue,travel_time,179,1257.6535000000001,17.768802595478434,1240.6603636363636,1282.1819272727273,3
learned+queue,travel_time,180,1256.8252393939395,17.906197950963186,1239.061181818182,1281.336618181818,3
learned+queue,travel_time,181,1256.255809090909,17.396155302845386,1239.5378181818182,1280.2455727272727,3
learned+queue,travel_time,182,1255.6468303030304,17.74828531532181,1239.1330272727273,1280.2736181818182,3
learned+queue,travel_time,183,1254.5791121212121,19.75230319381249,1236.9333454545454,1282.1556727272728,3
learned+queue,travel_time,184,1255.1139757575759,20.479721964560305,1236.6726272727274,1283.6754363636364,3
learned+queue,travel_time,185,1253.4879666666666,18.417177731442287,1236.4656,1279.0715818181818,3
learned+queue,travel_time,186,1255.1537181818182,18.981336954089457,1238.6712454545454,1281.7438727272727,3
learned+queue,travel_time,187,1254.3903636363636,18.366336668845758,1238.0181272727273,1280.0391818181818,3
learned+queue,travel_time,188,1254.9815242424245,20.371129206580672,1237.5367,1283.5592363636365,3
learned+queue,travel_time,189,1254.238893939394,18.972698230603722,1238.6957181818182,1280.9512363636366,3
learned+queue,travel_time,190,1251.6043333333334,19.26892466845622,1236.4351090909092,1278.794,3
learned+queue,travel_time,191,1249.9163303030302,19.93159393218986,1234.542018181818,1278.0638272727274,3
learned+queue,travel_time,192,1248.4962575757575,20.31575818673914,1230.9821636363636,1276.9773363636364,3
learned+queue,travel_time,193,1246.691912121212,17.762003873335363,1231.0143818181818,1271.5275727272726,3
learned+queue,travel_time,194,1246.2410606060605,16.81858828233202,1230.8122,1269.6322272727273,3
learned+queue,travel_time,195,1244.6785151515153,16.280637845691224,1228.0605272727273,1266.7886181818183,3
learned+queue,travel_time,196,1245.001409090909,15.995456585414118,1228.7074818181818,1266.7374454545454,3
learned+queue,travel_time,197,1242.6167424242424,16.079781951429865,1225.1704818181818,1263.971581818182,3
learned+queue,travel_time,198,1241.7923212121211,16.619671777013593,1223.9825636363637,1263.9798818181816,3
learned+queue,travel_time,199,1240.312490909091,13.834471213608593,1225.8841818181818,1258.9702818181818,3
learned+queue,travel_time,200,1239.215512121212,14.464018927832639,1223.7327636363636,1258.533809090909,3
learned+queue,travel_time,201,1239.878687878788,13.676585789348458,1224.9583,1257.997681818182,3
learned+queue,travel_time,202,1240.523081818182,12.185967394733531,1226.156090909091,1255.9490818181819,3
learned+queue,travel_time,203,1241.7746454545456,11.699715934789408,1228.075372727273,1256.659981818182,3
learned+queue,travel_time,204,1243.227906060606,14.628116716439287,1227.1962363636364,1262.5668090909091,3
learned+queue,travel_time,205,1243.107293939394,13.991918067109708,1228.0386181818183,1261.7484727272727,3
learned+queue,travel_time,206,1245.112603030303,12.463746440822637,1230.8160454545455,1261.1897,3
learned+queue,travel_time,207,1245.2296303030305,10.874864173267428,1231.8874090909092,1258.5251545454546,3
learned+queue,travel_time,208,1248.3345424242425,6.9985164131508855,1240.0376363636365,1257.1563090909092,3
learned+queue,travel_time,209,1252.0699424242423,4.283834353030742,1247.0520999999999,1257.5187272727273,3
learned+queue,travel_time,210,1256.3907363636363,2.5565798549557335,1252.7970545454546,1258.5314363636362,3
learned+queue,travel_time,211,1260.4888939393938,1.4390451868218315,1259.0441090909092,1262.4525454545453,3
learned+queue,travel_time,212,1263.2206363636365,2.4397087398759494,1260.1934363636365,1266.1678727272729,3
learned+queue,travel_time,213,1266.1418272727271,2.3610300014895103,1263.2207272727273,1269.003118181818,3
learned+queue,travel_time,214,1266.534003030303,5.550826356892454,1261.9567727272727,1274.345681818182,3
learned+queue,travel_time,215,1266.6873606060606,7.756839022122031,1259.5871181818181,1277.4792181818182,3
learned+queue,travel_time,216,1268.395406060606,10.356485668738893,1260.6576181818182,1283.033709090909,3
learned+queue,travel_time,217,1268.3742393939394,14.342917332270511,1254.0266272727274,1287.965309090909,3
learned+queue,travel_time,218,1268.7559151515152,17.64079023972881,1248.771290909091,1291.6810272727273,3
learned+queue,travel_time,219,1267.5922939393938,18.423770786698068,1246.087,1291.0844363636363,3
learned+queue,travel_time,220,1265.1121151515151,19.9783743890363,1241.3934,1290.2669636363635,3
learned+queue,travel_time,221,1262.359893939394,22.310329942303746,1234.5157909090908,1289.1332363636363,3
learned+queue,travel_time,222,1261.5347818181817,23.906361617413335,1231.841390909091,1290.381409090909,3
learned+queue,travel_time,223,1259.830593939394,25.41761626307608,1227.5453272727273,1289.6600454545455,3
learned+queue,travel_time,224,1257.2833090909091,26.50864796047919,1223.7328545454545,1288.5443181818182,3
learned+queue,travel_time,225,1256.996127272727,25.87646827530392,1223.8024363636364,1286.9354454545455,3
learned+queue,travel_time,226,1255.6943636363637,26.38524839278216,1222.7261272727274,1287.3143181818182,3
learned+queue,travel_time,227,1253.057103030303,26.59381103070777,1219.5129545454545,1284.5580181818184,3
learned+queue,travel_time,228,1251.9138848484847,26.11048640230763,1219.3049363636362,1283.2226454545455,3
learned+queue,travel_time,229,1250.6268030303029,24.63843586314097,1219.9762090909092,1280.3042636363637,3
learned+queue,travel_time,230,1250.1744696969697,23.780925235864807,1219.8549545454546,1277.9375545454545,3
learned+queue,travel_time,231,1251.1678393939394,23.094572109951006,1221.267309090909,1277.4982454545454,3
learned+queue,travel_time,232,1252.393996969697,21.673984971434074,1224.2595454545453,1276.9960181818183,3
learned+queue,travel_time,233,1251.3090484848483,22.08312596169095,1221.7048909090909,1274.724609090909,3
learned+queue,travel_time,234,1251.3801878787879,21.8173612741238,1221.3963363636365,1272.6746818181819,3
learned+queue,travel_time,235,1252.448796969697,22.028745762825746,1221.6945363636364,1272.1305818181818,3
learned+queue,travel_time,236,1254.3041636363637,22.386234774351784,1222.8323181818182,1273.0162363636364,3
learned+queue,travel_time,237,1256.6873181818182,22.77375729870282,1224.5903363636364,1275.0388181818182,3
learned+queue,travel_time,238,1259.4754242424242,21.97363165799226,1229.4520272727273,1281.4302818181818,3
learned+queue,travel_time,239,1260.5290969696969,23.536701536767513,1230.1930181818182,1287.5612090909092,3
learned+queue,travel_time,240,1263.1284545454546,25.397447299898566,1233.0463545454547,1295.1649727272727,3
learned+queue,travel_time,241,1264.2470484848484,27.810416135723507,1234.1110090909092,1301.2009818181818,3
learned+queue,travel_time,242,1264.1568606060607,29.562237909651813,1234.6942363636363,1304.5758,3
learned+queue,travel_time,243,1262.7513303030303,31.777452837724287,1232.8849454545455,1306.7656,3
learned+queue,travel_time,244,1263.1137303030303,33.19951483950037,1235.8137,1309.8446000000001,3
learned+queue,travel_time,245,1263.9408866666665,34.14129926111226,1236.87477,1312.10069,3
learned+queue,travel_time,246,1264.6924407407407,35.77212030957657,1239.1429333333335,1315.281,3
learned+queue,travel_time,247,1263.7649958333334,37.56426005741462,1234.5927125,1316.800375,3
learned+queue,travel_time,248,1262.7853047619049,37.41134602713762,1232.6514714285715,1315.5135714285716,3
learned+queue,travel_time,249,1262.530688888889,37.55268273323761,1232.9018666666668,1315.5145333333332,3
learned+queue,loss,0,0.003308277777777778,5.4436734147920555e-05,0.0032411666666666665,0.0033745000000000003,3
learned+queue,loss,1,0.003249809523809524,4.7040340674719477e-05,0.0031884285714285712,0.003302714285714286,3
learned+queue,loss,2,0.0031895,4.332628147748978e-05,0.0031349999999999998,0.003241,3
learned+queue,loss,3,0.0031339259259259254,4.233603892718231e-05,0.003086222222222222,0.003189111111111111,3
learned+queue,loss,4,0.0030820999999999995,3.2696890779807474e-05,0.0030518,0.0031274999999999996,3
learned+queue,loss,5,0.003026030303030303,3.2682826159980315e-05,0.002993,0.0030705454545454547,3
learned+queue,loss,6,0.0029082424242424243,4.361188286356615e-05,0.0028764545454545458,0.002969909090909091,3
learned+queue,loss,7,0.0027994545454545455,2.3868210239879707e-05,0.0027699090909090907,0.0028283636363636362,3
learned+queue,loss,8,0.0026991212121212117,2.4355757809513298e-05,0.0026677272727272726,0.002727090909090909,3
learned+queue,loss,9,0.0025932424242424246,1.9763105751474977e-05,0.002566,0.0026122727272727274,3
learned+queue,loss,10,0.002496151515151515,1.9647770723380607e-05,0.002481181818181818,0.002523909090909091,3
learned+queue,loss,11,0.002394121212121212,2.2965099084071624e-05,0.002373181818181818,0.002426090909090909,3
learned+queue,loss,12,0.002293909090909091,2.9929485539901966e-05,0.0022678181818181816,0.002335818181818182,3
learned+queue,loss,13,0.0021931818181818185,3.628271298715114e-05,0.002165818181818182,0.0022444545454545456,3
learned+queue,loss,14,0.0020926969696969696,4.027846141087305e-05,0.002054090909090909,0.0021482727272727274,3
learned+queue,loss,15,0.001989848484848485,5.202443446545942e-05,0.0019297272727272726,0.002056636363636364,3
learned+queue,loss,16,0.0018994545454545455,5.155985582584929e-05,0.0018428181818181818,0.0019675454545454545,3
learned+queue,loss,17,0.0018151818181818182,5.7765890208888335e-05,0.0017427272727272727,0.001884090909090909,3
learned+queue,loss,18,0.0017274545454545453,5.981270123184648e-05,0.0016567272727272728,0.001803,3
learned+queue,loss,19,0.0016376060606060605,6.353135636444391e-05,0.0015685454545454544,0.0017219090909090908,3
learned+queue,loss,20,0.0015499090909090907,6.639376651015477e-05,0.0014826363636363637,0.0016402727272727272,3
learned+queue,loss,21,0.0014707272727272729,6.868769904429759e-05,0.0013977272727272727,0.0015627272727272727,3
learned+queue,loss,22,0.0014002424242424243,7.182049606295626e-05,0.0013277272727272727,0.0014980909090909092,3
learned+queue,loss,23,0.0013260909090909094,7.008381444265108e-05,0.0012606363636363637,0.0014232727272727272,3
learned+queue,loss,24,0.001268,6.654711042814772e-05,0.0012061818181818183,0.0013603636363636363,3
learned+queue,loss,25,0.0012043030303030302,6.0281814449730206e-05,0.0011523636363636363,0.0012888181818181818,3
learned+queue,loss,26,0.001141272727272727,6.011687423255727e-05,0.001095090909090909,0.001226181818181818,3
learned+queue,loss,27,0.001080909090909091,6.292472217782952e-05,0.0010317272727272727,0.0011697272727272728,3
learned+queue,loss,28,0.0010111212121212121,5.5649252484755144e-05,0.0009711818181818182,0.0010898181818181818,3
learned+queue,loss,29,0.0009439090909090908,5.5484790559855887e-05,0.0009034545454545455,0.0010223636363636364,3
learned+queue,loss,30,0.0008870606060606061,5.0389137692848376e-05,0.0008476363636363637,0.0009581818181818182,3
learned+queue,loss,31,0.0008396666666666666,4.1581035975559e-05,0.0008053636363636364,0.0008981818181818182,3
learned+queue,loss,32,0.0007875454545454545,3.0467794494800747e-05,0.0007613636363636364,0.0008302727272727273,3
learned+queue,loss,33,0.0007321515151515152,2.112592878077363e-05,0.0007124545454545455,0.0007614545454545454,3
learned+queue,loss,34,0.0006824545454545454,1.3325135220707427e-05,0.0006677272727272727,0.0007,3
learned+queue,loss,35,0.0006269090909090908,4.974314189201578e-06,0.000622,0.0006337272727272727,3
learned+queue,loss,36,0.0005825454545454545,9.270944570168597e-07,0.0005816363636363636,0.0005838181818181818,3
learned+queue,loss,37,0.0005421212121212121,7.940666102102968e-06,0.0005309090909090909,0.0005482727272727272,3
learned+queue,loss,38,0.0005003636363636364,1.8739772233431296e-05,0.00047509090909090906,0.000519909090909091,3
learned+queue,loss,39,0.00046718181818181814,2.194508548307582e-05,0.00043881818181818177,0.0004922727272727273,3
learned+queue,loss,40,0.00043421212121212124,2.440434560649345e-05,0.0004036363636363636,0.0004633636363636364,3
learned+queue,loss,41,0.00039969696969696975,3.0062683212693144e-05,0.0003627272727272727,0.0004363636363636364,3
learned+queue,loss,42,0.0003675151515151515,3.196591963897601e-05,0.0003268181818181818,0.00040490909090909087,3
learned+queue,loss,43,0.000338939393939394,3.225802766667525e-05,0.0002971818181818182,0.00037572727272727275,3
learned+queue,loss,44,0.0003194242424242424,3.583635389921407e-05,0.0002722727272727273,0.0003590909090909091,3
learned+queue,loss,45,0.0002995151515151515,3.3472519326246036e-05,0.0002548181818181818,0.00033536363636363635,3
learned+queue,loss,46,0.0002810909090909091,3.5921018348992414e-05,0.00023527272727272728,0.000323,3
learned+queue,loss,47,0.00026399999999999997,3.677996520145699e-05,0.00021909090909090907,0.0003091818181818182,3
learned+queue,loss,48,0.00024872727272727275,4.079627542011978e-05,0.00019936363636363638,0.0002992727272727273,3
learned+queue,loss,49,0.00023309090909090906,4.002898398946256e-05,0.00018318181818181817,0.00028118181818181817,3
learned+queue,loss,50,0.0002181212121212121,3.926924320497713e-05,0.00016881818181818182,0.0002649090909090909,3
learned+queue,loss,51,0.00020875757575757576,3.88004951072706e-05,0.0001589090909090909,0.00025354545454545454,3
learned+queue,loss,52,0.0001966060606060606,3.4641122184322565e-05,0.0001529090909090909,0.00023763636363636364,3
learned+queue,loss,53,0.00018824242424242424,3.3013423543582284e-05,0.00014863636363636362,0.00022945454545454547,3
learned+queue,loss,54,0.00017772727272727273,3.230544649557156e-05,0.00013954545454545453,0.00021854545454545453,3
learned+queue,loss,55,0.00016627272727272725,3.054121543456295e-05,0.00013345454545454544,0.000207,3
learned+queue,loss,56,0.00015772727272727273,2.7738149878419904e-05,0.00013145454545454547,0.0001960909090909091,3
learned+queue,loss,57,0.00014860606060606064,2.3305414229639008e-05,0.00012463636363636363,0.0001801818181818182,3
learned+queue,loss,58,0.00014006060606060604,2.133871316463337e-05,0.00011818181818181818,0.000169,3
learned+queue,loss,59,0.00013245454545454544,1.7285322361645595e-05,0.00011681818181818183,0.00015654545454545454,3
learned+queue,loss,60,0.00012596969696969696,1.5113588896409097e-05,0.0001130909090909091,0.0001471818181818182,3
learned+queue,loss,61,0.00012421212121212121,1.6472589024326775e-05,0.00010518181818181819,0.00014536363636363637,3
learned+queue,loss,62,0.00011827272727272728,1.8077122811609308e-05,9.636363636363636e-05,0.00014063636363636364,3
learned+queue,loss,63,0.00011618181818181817,1.931442031115412e-05,9.309090909090908e-05,0.00014036363636363636,3
learned+queue,loss,64,0.00011596969696969698,2.3641763175023035e-05,8.690909090909091e-05,0.00014481818181818183,3
learned+queue,loss,65,0.00011533333333333334,2.150332581533131e-05,8.845454545454545e-05,0.0001410909090909091,3
learned+queue,loss,66,0.00011500000000000002,1.933110084954027e-05,8.954545454545455e-05,0.00013636363636363637,3
learned+queue,loss,67,0.00011451515151515152,1.846839804515956e-05,9.127272727272729e-05,0.00013645454545454545,3
learned+queue,loss,68,0.00011493939393939394,1.787318864556526e-05,9.245454545454547e-05,0.00013618181818181817,3
learned+queue,loss,69,0.00011848484848484849,1.4590901224076677e-05,9.881818181818182e-05,0.00013372727272727275,3
learned+queue,loss,70,0.00012036363636363637,1.3243013647516924e-05,0.00010163636363636364,0.0001299090909090909,3
learned+queue,loss,71,0.0001203030303030303,1.1599452189338322e-05,0.00010390909090909091,0.000129,3
learned+queue,loss,72,0.00011975757575757576,5.840078744578996e-06,0.00011190909090909091,0.00012590909090909091,3
learned+queue,loss,73,0.00012251515151515151,3.946148056165078e-06,0.00011818181818181818,0.00012772727272727274,3
learned+queue,loss,74,0.0001262121212121212,9.412884122917824e-06,0.00011372727272727272,0.00013645454545454545,3
learned+queue,loss,75,0.0001213939393939394,1.7576645745583774e-05,9.927272727272728e-05,0.00014227272727272727,3
learned+queue,loss,76,0.0001194848484848485,1.8473468926494156e-05,9.481818181818182e-05,0.00013927272727272727,3
learned+queue,loss,77,0.000118,1.789100763707769e-05,9.436363636363636e-05,0.00013763636363636362,3
learned+queue,loss,78,0.00011975757575757576,1.653185143985345e-05,9.754545454545454e-05,0.00013718181818181817,3
learned+queue,loss,79,0.0001189090909090909,1.7747540860963538e-05,9.381818181818181e-05,0.00013199999999999998,3
learned+queue,loss,80,0.00011187878787878787,1.525979490948428e-05,9.036363636363638e-05,0.0001240909090909091,3
learned+queue,loss,81,0.00011148484848484848,1.3366281604478148e-05,9.31818181818182e-05,0.00012472727272727272,3
learned+queue,loss,82,0.00011303030303030302,1.6196168872115034e-05,9.118181818181817e-05,0.0001299090909090909,3
learned+queue,loss,83,0.00010833333333333333,1.0099323091446173e-05,9.454545454545454e-05,0.00011845454545454545,3
learned+queue,loss,84,0.00010615151515151515,6.592981213804805e-06,9.7e-05,0.00011227272727272727,3
learned+queue,loss,85,0.00010012121212121213,4.878881986670012e-06,9.445454545454545e-05,0.00010636363636363637,3
learned+queue,loss,86,9.996969696969697e-05,9.72609263114459e-06,8.627272727272727e-05,0.0001079090909090909,3
learned+queue,loss,87,9.687878787878788e-05,1.056146468402035e-05,8.209090909090909e-05,0.0001060909090909091,3
learned+queue,loss,88,9.433333333333333e-05,9.567027090281975e-06,8.081818181818182e-05,0.00010163636363636364,3
learned+queue,loss,89,9.021212121212121e-05,7.493737820323237e-06,7.963636363636364e-05,9.609090909090909e-05,3
learned+queue,loss,90,8.778787878787878e-05,7.442833864948926e-06,7.763636363636363e-05,9.527272727272728e-05,3
learned+queue,loss,91,8.987878787878787e-05,6.471524119253432e-06,8.072727272727273e-05,9.454545454545454e-05,3
learned+queue,loss,92,8.948484848484849e-05,7.904503487902721e-06,7.890909090909091e-05,9.790909090909091e-05,3
learned+queue,loss,93,8.654545454545454e-05,8.711159367194537e-06,7.445454545454545e-05,9.463636363636364e-05,3
learned+queue,loss,94,8.857575757575758e-05,9.223676962718305e-06,7.772727272727273e-05,0.00010027272727272728,3
learned+queue,loss,95,8.63030303030303e-05,8.42446042883389e-06,7.745454545454546e-05,9.763636363636364e-05,3
learned+queue,loss,96,8.772727272727273e-05,9.984285172871575e-06,7.8e-05,0.00010145454545454546,3
learned+queue,loss,97,8.76060606060606e-05,1.1468566054489514e-05,7.90909090909091e-05,0.00010381818181818182,3
learned+queue,loss,98,9.157575757575758e-05,1.3769918372099679e-05,7.936363636363637e-05,0.00011081818181818182,3
learned+queue,loss,99,9.875757575757576e-05,1.1558054049311039e-05,8.654545454545454e-05,0.00011427272727272728,3
learned+queue,loss,100,0.00010018181818181818,1.1110266267237958e-05,9e-05,0.00011563636363636364,3
learned+queue,loss,101,0.00010345454545454547,7.580241097512577e-06,9.481818181818182e-05,0.00011327272727272727,3
learned+queue,loss,102,0.00010372727272727274,5.404314162800671e-06,9.827272727272727e-05,0.00011109090909090909,3
learned+queue,loss,103,0.00010142424242424243,4.38022939468311e-06,9.718181818181818e-05,0.00010745454545454547,3
learned+queue,loss,104,0.00010187878787878789,4.434608031497389e-06,9.763636363636364e-05,0.00010800000000000001,3
learned+queue,loss,105,9.987878787878788e-05,3.1089786736195464e-06,9.563636363636363e-05,0.00010300000000000001,3
learned+queue,loss,106,0.00010075757575757576,3.1669203900094336e-06,9.709090909090909e-05,0.00010481818181818182,3
learned+queue,loss,107,9.87878787878788e-05,3.1747396008991068e-06,9.454545454545454e-05,0.00010218181818181818,3
learned+queue,loss,108,9.742424242424243e-05,2.6099336969859985e-06,9.381818181818181e-05,9.99090909090909e-05,3
learned+queue,loss,109,9.345454545454544e-05,1.078208901494375e-06,9.209090909090909e-05,9.472727272727272e-05,3
learned+queue,loss,110,8.618181818181819e-05,4.346557486502513e-06,8.1e-05,9.163636363636363e-05,3
learned+queue,loss,111,8.596969696969695e-05,2.9878849345317554e-06,8.181818181818182e-05,8.872727272727272e-05,3
learned+queue,loss,112,8.248484848484848e-05,2.5120462758863866e-06,7.90909090909091e-05,8.509090909090909e-05,3
learned+queue,loss,113,8.118181818181818e-05,3.440962130810934e-06,7.781818181818181e-05,8.59090909090909e-05,3
learned+queue,loss,114,8.236363636363634e-05,6.759138289251306e-06,7.345454545454545e-05,8.981818181818181e-05,3
learned+queue,loss,115,8.042424242424242e-05,8.746926523049842e-06,6.927272727272727e-05,9.063636363636365e-05,3
learned+queue,loss,116,8.160606060606061e-05,8.746926523049842e-06,7.045454545454545e-05,9.181818181818183e-05,3
learned+queue,loss,117,8.106060606060605e-05,1.3703739276420379e-05,6.463636363636364e-05,9.818181818181818e-05,3
learned+queue,loss,118,7.963636363636364e-05,1.385461703632188e-05,6.354545454545454e-05,9.736363636363636e-05,3
learned+queue,loss,119,7.927272727272727e-05,1.454318164059725e-05,6.054545454545455e-05,9.6e-05,3
learned+queue,loss,120,8e-05,1.5345246300468383e-05,5.9818181818181817e-05,9.7e-05,3
learned+queue,loss,121,7.806060606060606e-05,1.526629253574556e-05,5.9818181818181817e-05,9.718181818181818e-05,3
learned+queue,loss,122,7.572727272727273e-05,1.0840186431666122e-05,6.227272727272727e-05,8.881818181818182e-05,3
learned+queue,loss,123,7.803030303030302e-05,1.1399418411855856e-05,6.536363636363636e-05,9.3e-05,3
learned+queue,loss,124,7.581818181818182e-05,1.1745463927193933e-05,6.19090909090909e-05,9.063636363636365e-05,3
learned+queue,loss,125,7.784848484848485e-05,1.0770926414707214e-05,6.381818181818183e-05,9e-05,3
learned+queue,loss,126,7.672727272727273e-05,9.259348637462714e-06,6.445454545454545e-05,8.681818181818182e-05,3
learned+queue,loss,127,7.76060606060606e-05,7.552327404149489e-06,6.7e-05,8.4e-05,3
learned+queue,loss,128,7.887878787878789e-05,5.901082374142014e-06,7.400000000000001e-05,8.718181818181819e-05,3
learned+queue,loss,129,8.018181818181818e-05,5.079532743526911e-06,7.645454545454545e-05,8.736363636363637e-05,3
learned+queue,loss,130,8.124242424242425e-05,3.4595922730939556e-06,7.718181818181819e-05,8.563636363636363e-05,3
learned+queue,loss,131,8.142424242424244e-05,3.1851353559929435e-06,7.881818181818182e-05,8.59090909090909e-05,3
learned+queue,loss,132,8.127272727272727e-05,2.442732516826254e-06,7.890909090909091e-05,8.463636363636364e-05,3
learned+queue,loss,133,8.115151515151515e-05,3.583197191340346e-06,7.60909090909091e-05,8.390909090909091e-05,3
learned+queue,loss,134,7.978787878787878e-05,2.861671604321945e-06,7.745454545454546e-05,8.381818181818181e-05,3
learned+queue,loss,135,8.230303030303031e-05,4.157593426943638e-06,7.927272727272727e-05,8.818181818181818e-05,3
learned+queue,loss,136,8.015151515151515e-05,3.5164574376675524e-06,7.718181818181819e-05,8.509090909090909e-05,3
learned+queue,loss,137,8.136363636363636e-05,6.88312505104474e-06,7.618181818181818e-05,9.10909090909091e-05,3
learned+queue,loss,138,7.903030303030303e-05,9.412591453452394e-06,7.027272727272728e-05,9.209090909090909e-05,3
learned+queue,loss,139,7.624242424242425e-05,1.1665053017095287e-05,6.745454545454546e-05,9.272727272727274e-05,3
learned+queue,loss,140,7.515151515151515e-05,1.2975572161216138e-05,6.318181818181818e-05,9.318181818181817e-05,3
learned+queue,loss,141,7.648484848484848e-05,1.5658957132442305e-05,6.309090909090909e-05,9.845454545454545e-05,3
learned+queue,loss,142,7.554545454545455e-05,1.540115555036379e-05,6.336363636363637e-05,9.727272727272727e-05,3
learned+queue,loss,143,7.824242424242425e-05,1.5063928662209223e-05,6.745454545454546e-05,9.954545454545455e-05,3
learned+queue,loss,144,7.815151515151515e-05,1.4507969375149175e-05,6.69090909090909e-05,9.863636363636364e-05,3
learned+queue,loss,145,7.669696969696969e-05,1.4329905413657512e-05,6.454545454545455e-05,9.681818181818181e-05,3
learned+queue,loss,146,7.466666666666666e-05,1.6768120962839754e-05,6.090909090909091e-05,9.827272727272727e-05,3
learned+queue,loss,147,7.139393939393939e-05,1.031790370292208e-05,6.227272727272727e-05,8.581818181818182e-05,3
learned+queue,loss,148,7.063636363636363e-05,4.76210940134865e-06,6.7e-05,7.736363636363636e-05,3
learned+queue,loss,149,7.3e-05,4.268534370826962e-06,6.772727272727273e-05,7.818181818181818e-05,3
learned+queue,loss,150,7.242424242424243e-05,3.7595302834595946e-06,6.890909090909091e-05,7.763636363636364e-05,3
learned+queue,loss,151,7.224242424242425e-05,4.434608031497389e-06,6.8e-05,7.836363636363637e-05,3
learned+queue,loss,152,6.754545454545456e-05,2.9383003276430046e-06,6.381818181818183e-05,7.1e-05,3
learned+queue,loss,153,6.566666666666666e-05,2.850096256006666e-06,6.163636363636363e-05,6.772727272727273e-05,3
learned+queue,loss,154,6.463636363636364e-05,4.3128356059775005e-06,5.918181818181818e-05,6.972727272727272e-05,3
learned+queue,loss,155,6.245454545454546e-05,3.583709698986733e-06,5.7818181818181815e-05,6.654545454545455e-05,3
learned+queue,loss,156,6.160606060606061e-05,5.2812539902778276e-06,5.4909090909090916e-05,6.781818181818181e-05,3
learned+queue,loss,157,6.0393939393939396e-05,5.013663607900558e-06,5.372727272727272e-05,6.581818181818182e-05,3
learned+queue,loss,158,6.0969696969696975e-05,8.834671659102597e-06,5.027272727272727e-05,7.190909090909092e-05,3
learned+queue,loss,159,6.181818181818182e-05,1.2439827623193413e-05,4.854545454545454e-05,7.845454545454545e-05,3
learned+queue,loss,160,5.936363636363637e-05,1.4703872168558565e-05,4.0363636363636367e-05,7.618181818181818e-05,3
learned+queue,loss,161,5.887878787878788e-05,1.4180523121391782e-05,4.172727272727273e-05,7.645454545454546e-05,3
learned+queue,loss,162,5.775757575757576e-05,1.2115225794487833e-05,4.218181818181818e-05,7.172727272727273e-05,3
learned+queue,loss,163,5.739393939393939e-05,1.244632184448008e-05,4.354545454545454e-05,7.372727272727273e-05,3
learned+queue,loss,164,5.93939393939394e-05,1.202507328507725e-05,4.6909090909090905e-05,7.563636363636365e-05,3
learned+queue,loss,165,6.006060606060606e-05,9.635887161843275e-06,5.009090909090909e-05,7.30909090909091e-05,3
learned+queue,loss,166,6.148484848484849e-05,1.0478716020574897e-05,5.081818181818182e-05,7.572727272727272e-05,3
learned+queue,loss,167,6.045454545454546e-05,8.246545315577503e-06,5.127272727272728e-05,7.127272727272728e-05,3
learned+queue,loss,168,6.133333333333334e-05,8.353859019293612e-06,5.127272727272728e-05,7.172727272727273e-05,3
learned+queue,loss,169,5.9636363636363645e-05,5.961769848335132e-06,5.40909090909091e-05,6.790909090909091e-05,3
learned+queue,loss,170,6.003030303030303e-05,2.793472648846427e-06,5.6454545454545455e-05,6.327272727272727e-05,3
learned+queue,loss,171,6.475757575757576e-05,5.085675520563528e-06,5.8454545454545456e-05,7.09090909090909e-05,3
learned+queue,loss,172,6.387878787878787e-05,6.809624259296597e-06,5.427272727272727e-05,6.927272727272727e-05,3
learned+queue,loss,173,6.418181818181817e-05,5.611872499233957e-06,5.636363636363636e-05,6.927272727272727e-05,3
learned+queue,loss,174,6.515151515151516e-05,3.654751489242123e-06,6e-05,6.809090909090909e-05,3
learned+queue,loss,175,6.378787878787879e-05,4.879446595847356e-06,5.7363636363636366e-05,6.918181818181818e-05,3
learned+queue,loss,176,6.272727272727273e-05,5.545206154397314e-06,5.509090909090909e-05,6.809090909090909e-05,3
learned+queue,loss,177,6.054545454545454e-05,4.752264937749943e-06,5.463636363636363e-05,6.627272727272726e-05,3
learned+queue,loss,178,6.315151515151515e-05,5.30415572473601e-06,5.627272727272727e-05,6.918181818181818e-05,3
learned+queue,loss,179,6.348484848484848e-05,3.6107685081527144e-06,5.9272727272727275e-05,6.809090909090909e-05,3
learned+queue,loss,180,6.266666666666667e-05,3.758797455354105e-06,5.872727272727273e-05,6.772727272727273e-05,3
learned+queue,loss,181,6.0121212121212125e-05,9.884549351697037e-07,5.872727272727273e-05,6.090909090909091e-05,3
learned+queue,loss,182,5.284848484848485e-05,3.3952919382858902e-06,4.963636363636364e-05,5.7545454545454545e-05,3
learned+queue,loss,183,5.1515151515151503e-05,2.5929904806401707e-06,4.809090909090909e-05,5.436363636363636e-05,3
learned+queue,loss,184,5.0363636363636366e-05,6.428243465332267e-07,4.9454545454545454e-05,5.081818181818182e-05,3
learned+queue,loss,185,5.121212121212121e-05,2.6067652324371765e-07,5.090909090909091e-05,5.154545454545455e-05,3
learned+queue,loss,186,5.181818181818181e-05,3.1175323999058608e-06,4.745454545454545e-05,5.454545454545454e-05,3
learned+queue,loss,187,5.145454545454545e-05,4.381277471982505e-06,4.527272727272727e-05,5.4909090909090916e-05,3
learned+queue,loss,188,5.209090909090908e-05,4.364267631106379e-06,4.599999999999999e-05,5.6e-05,3
learned+queue,loss,189,5.193939393939394e-05,5.696324915155966e-06,4.4e-05,5.709090909090909e-05,3
learned+queue,loss,190,5.090909090909091e-05,4.335769605459376e-06,4.527272727272727e-05,5.5818181818181814e-05,3
learned+queue,loss,191,5.248484848484848e-05,5.497975251317113e-06,4.472727272727273e-05,5.681818181818182e-05,3
learned+queue,loss,192,5.193939393939394e-05,3.745582031761884e-06,4.6727272727272727e-05,5.536363636363636e-05,3
learned+queue,loss,193,5.351515151515152e-05,3.0071845406194615e-06,5.0545454545454544e-05,5.763636363636364e-05,3
learned+queue,loss,194,5.348484848484848e-05,2.3593589890692996e-06,5.1181818181818185e-05,5.6727272727272726e-05,3
learned+queue,loss,195,5.942424242424242e-05,7.233353010598974e-06,5.136363636363636e-05,6.890909090909091e-05,3
learned+queue,loss,196,5.993939393939394e-05,7.620594589114662e-06,5.263636363636364e-05,7.045454545454545e-05,3
learned+queue,loss,197,5.8878787878787874e-05,7.482701201006527e-06,5.163636363636364e-05,6.918181818181818e-05,3
learned+queue,loss,198,5.9818181818181817e-05,8.506034156990543e-06,5.309090909090909e-05,7.181818181818182e-05,3
learned+queue,loss,199,6.154545454545455e-05,1.1433120896917262e-05,5.109090909090909e-05,7.745454545454546e-05,3
learned+queue,loss,200,6.0818181818181814e-05,1.4352316214334654e-05,4.827272727272727e-05,8.09090909090909e-05,3
learned+queue,loss,201,5.884848484848486e-05,1.2849914157206134e-05,4.709090909090909e-05,7.672727272727273e-05,3
learned+queue,loss,202,5.7575757575757575e-05,1.4090681001738191e-05,4.372727272727273e-05,7.69090909090909e-05,3
learned+queue,loss,203,5.6242424242424246e-05,1.1853637568258647e-05,4.536363636363636e-05,7.272727272727273e-05,3
learned+queue,loss,204,5.654545454545455e-05,7.4415999938400054e-06,5.027272727272727e-05,6.7e-05,3
learned+queue,loss,205,5.83030303030303e-05,9.8356559800712e-06,4.981818181818182e-05,7.209090909090909e-05,3
learned+queue,loss,206,5.93030303030303e-05,7.963530279262053e-06,5.236363636363637e-05,7.045454545454545e-05,3
learned+queue,loss,207,5.896969696969697e-05,9.581413749538901e-06,4.8636363636363635e-05,7.172727272727273e-05,3
learned+queue,loss,208,6.33030303030303e-05,1.1154890793432575e-05,4.8e-05,7.427272727272728e-05,3
learned+queue,loss,209,6.769696969696969e-05,8.883802493309302e-06,5.518181818181818e-05,7.490909090909091e-05,3
learned+queue,loss,210,7.266666666666667e-05,1.1554716717452202e-05,5.6454545454545455e-05,8.254545454545456e-05,3
learned+queue,loss,211,7.578787878787878e-05,1.0088952399245087e-05,6.290909090909091e-05,8.754545454545454e-05,3
learned+queue,loss,212,7.875757575757576e-05,9.50868338350726e-06,6.599999999999999e-05,8.881818181818182e-05,3
learned+queue,loss,213,8.41818181818182e-05,1.2418993717635813e-05,7.063636363636363e-05,0.00010063636363636365,3
learned+queue,loss,214,8.636363636363636e-05,1.3792040663909429e-05,7.045454545454545e-05,0.00010409090909090909,3
learned+queue,loss,215,8.724242424242425e-05,1.5228350632736694e-05,6.818181818181818e-05,0.00010545454545454546,3
learned+queue,loss,216,8.790909090909091e-05,1.7183020640943996e-05,6.863636363636364e-05,0.00011036363636363636,3
learned+queue,loss,217,8.193939393939395e-05,2.087049578048036e-05,6.70909090909091e-05,0.00011145454545454546,3
learned+queue,loss,218,8.06060606060606e-05,2.2002420770062622e-05,6.309090909090909e-05,0.00011163636363636363,3
learned+queue,loss,219,7.945454545454547e-05,2.0903556579825136e-05,6.254545454545454e-05,0.00010890909090909092,3
learned+queue,loss,220,7.43939393939394e-05,2.0452772089232016e-05,5.854545454545455e-05,0.00010327272727272728,3
learned+queue,loss,221,6.86060606060606e-05,2.088540599688522e-05,4.736363636363636e-05,9.7e-05,3
learned+queue,loss,222,6.624242424242424e-05,2.0783858609412526e-05,4.881818181818182e-05,9.545454545454545e-05,3
learned+queue,loss,223,6.536363636363636e-05,1.9012972228130407e-05,5.027272727272727e-05,9.218181818181817e-05,3
learned+queue,loss,224,6.224242424242424e-05,1.618970412771288e-05,4.954545454545455e-05,8.509090909090909e-05,3
learned+queue,loss,225,6.248484848484848e-05,1.4014226013667942e-05,4.936363636363636e-05,8.190909090909092e-05,3
learned+queue,loss,226,6.0393939393939396e-05,1.1995024986471642e-05,4.909090909090909e-05,7.7e-05,3
learned+queue,loss,227,5.827272727272728e-05,1.0839169862391918e-05,4.645454545454545e-05,7.263636363636364e-05,3
learned+queue,loss,228,5.6242424242424246e-05,8.953609652173216e-06,4.5e-05,6.69090909090909e-05,3
learned+queue,loss,229,5.5e-05,8.213407033406948e-06,4.409090909090909e-05,6.390909090909091e-05,3
learned+queue,loss,230,5.084848484848484e-05,6.899647986123283e-06,4.1090909090909086e-05,5.572727272727273e-05,3
learned+queue,loss,231,5.0606060606060606e-05,8.2406415184405e-06,3.981818181818182e-05,5.9818181818181817e-05,3
learned+queue,loss,232,5.4121212121212115e-05,7.1587020898101345e-06,4.4909090909090904e-05,6.236363636363636e-05,3
learned+queue,loss,233,5.578787878787879e-05,9.936806758627765e-06,4.1909090909090905e-05,6.463636363636364e-05,3
learned+queue,loss,234,5.706060606060607e-05,1.2652885064645803e-05,3.9181818181818184e-05,6.663636363636365e-05,3
learned+queue,loss,235,5.496969696969697e-05,1.2767109372381614e-05,3.718181818181818e-05,6.654545454545455e-05,3
learned+queue,loss,236,5.5696969696969704e-05,1.4249321347395488e-05,3.5545454545454545e-05,6.581818181818182e-05,3
learned+queue,loss,237,5.842424242424242e-05,1.70806438116694e-05,3.4454545454545455e-05,7.3e-05,3
learned+queue,loss,238,6.048484848484849e-05,1.6887299959086794e-05,3.681818181818181e-05,7.509090909090909e-05,3
learned+queue,loss,239,6.35151515151515e-05,2.1090691395602377e-05,3.563636363636364e-05,8.663636363636363e-05,3
learned+queue,loss,240,6.581818181818182e-05,2.2710660595482373e-05,3.590909090909091e-05,9.090909090909092e-05,3
learned+queue,loss,241,6.812121212121212e-05,2.452236100305945e-05,3.690909090909091e-05,9.681818181818181e-05,3
learned+queue,loss,242,6.73030303030303e-05,2.367762521286383e-05,4.1090909090909086e-05,9.845454545454545e-05,3
learned+queue,loss,243,6.36969696969697e-05,2.5028505328355774e-05,3.4636363636363634e-05,9.572727272727272e-05,3
learned+queue,loss,244,5.9393939393939385e-05,2.426487596698768e-05,3.327272727272727e-05,9.172727272727272e-05,3
learned+queue,loss,245,5.816666666666667e-05,2.3544331707558733e-05,3.2200000000000003e-05,8.92e-05,3
learned+queue,loss,246,6.0037037037037026e-05,2.343107102040445e-05,3.433333333333333e-05,9.099999999999999e-05,3
learned+queue,loss,247,5.95e-05,2.3809355654168105e-05,3.5625e-05,9.2e-05,3
learned+queue,loss,248,5.695238095238095e-05,2.2144341988105393e-05,3.4285714285714284e-05,8.699999999999999e-05,3
learned+queue,loss,249,5.655555555555555e-05,2.436616253215122e-05,3.1333333333333334e-05,8.950000000000001e-05,3
learned+queue,reward,0,-344.7933777777778,2.173948762145077,-346.97138333333334,-341.8252,3
learned+queue,reward,1,-344.2283714285714,2.19038083207554,-345.94025714285715,-341.1366428571428,3
learned+queue,reward,2,-343.60671666666667,1.7329208888202976,-344.8934125,-341.1570375,3
learned+queue,reward,3,-342.8875037037037,1.2991125824972864,-343.96257777777777,-341.0597333333333,3
learned+queue,reward,4,-342.26790666666665,0.7091510114840802,-342.84941,-341.26953,3
learned+queue,reward,5,-341.70192121212125,0.6499787988207131,-342.3978727272727,-340.8339,3
learned+queue,reward,6,-340.2708090909091,0.4573980208490029,-340.91761818181817,-339.9404818181818,3
learned+queue,reward,7,-338.8636818181818,0.7153470567671008,-339.8618181818182,-338.22187272727274,3
learned+queue,reward,8,-337.9179515151515,0.6419853756963014,-338.7934090909091,-337.27189999999996,3
learned+queue,reward,9,-336.5443424242424,0.45270295640755026,-337.10194545454544,-335.99310909090906,3
learned+queue,reward,10,-335.1953090909091,0.9081067868116915,-336.14946363636363,-333.9738,3
learned+queue,reward,11,-333.4560696969697,1.50223539098762,-335.0571090909091,-331.4461818181818,3
learned+queue,reward,12,-331.50897272727275,2.095563841059475,-333.40145454545456,-328.58764545454545,3
learned+queue,reward,13,-329.2756242424242,2.2072484694180536,-331.1227363636363,-326.17283636363635,3
learned+queue,reward,14,-327.14719696969695,2.344931579403633,-329.67040909090906,-324.02196363636364,3
learned+queue,reward,15,-324.7966121212121,2.7647244574728203,-328.36485454545453,-321.6281909090909,3
learned+queue,reward,16,-322.2987848484849,3.234134283695877,-326.52216363636364,-318.66665454545455,3
learned+queue,reward,17,-320.31392424242426,3.537636003287194,-325.24524545454545,-317.1176090909091,3
learned+queue,reward,18,-318.205796969697,4.028787273773425,-323.73745454545457,-314.2579090909091,3
learned+queue,reward,19,-315.8971454545454,4.574623346683524,-322.1957545454545,-311.46861818181816,3
learned+queue,reward,20,-313.4966636363636,5.027059631502044,-320.3622363636363,-308.46546363636367,3
learned+queue,reward,21,-311.5574787878788,5.180401029193495,-318.69702727272727,-306.5646909090909,3
learned+queue,reward,22,-310.02420606060605,5.903164614941093,-318.13225454545454,-304.24806363636367,3
learned+queue,reward,23,-308.51875454545456,6.392166700268544,-317.22416363636364,-302.0561727272727,3
learned+queue,reward,24,-307.9973424242424,6.881245571811654,-317.35942727272726,-301.0161181818182,3
learned+queue,reward,25,-306.93458787878785,7.41635005592944,-316.92546363636365,-299.17506363636363,3
learned+queue,reward,26,-305.81480303030304,8.316338862792309,-316.92962727272726,-296.92756363636363,3
learned+queue,reward,27,-305.46316666666667,9.349100524352792,-318.0924090909091,-295.7595636363636,3
learned+queue,reward,28,-303.98549393939396,9.8260264023981,-317.25952727272727,-293.7881090909091,3
learned+queue,reward,29,-302.51926969696973,10.65511951766736,-316.95856363636364,-291.56767272727274,3
learned+queue,reward,30,-301.49812424242424,11.117250724466544,-316.64653636363636,-290.2791818181818,3
learned+queue,reward,31,-300.80031818181817,11.066083540411249,-315.91243636363635,-289.72215454545454,3
learned+queue,reward,32,-299.55947575757574,11.639382418483791,-315.4928090909091,-288.01377272727274,3
learned+queue,reward,33,-297.93684545454545,11.938247420626212,-314.38188181818185,-286.40476363636367,3
learned+queue,reward,34,-296.3839181818182,12.325836007835992,-313.3402272727273,-284.40547272727275,3
learned+queue,reward,35,-294.2433787878788,12.618680021186789,-311.4951909090909,-281.6642636363636,3
learned+queue,reward,36,-292.89121515151515,12.754426906925122,-310.17158181818183,-279.77277272727275,3
learned+queue,reward,37,-291.64923636363636,12.222898129549465,-308.1089909090909,-278.8470272727273,3
learned+queue,reward,38,-290.22598787878786,11.619564780430903,-305.50994545454546,-277.3569727272727,3
learned+queue,reward,39,-289.41295757575756,11.767022033537598,-304.72540909090907,-276.1139636363636,3
learned+queue,reward,40,-288.1110242424242,11.788747103497089,-303.30382727272723,-274.5693818181818,3
learned+queue,reward,41,-287.05734242424245,11.776276940736485,-301.8157090909091,-272.99504545454545,3
learned+queue,reward,42,-285.97650000000004,11.606699086163536,-300.2852181818182,-271.8566090909091,3
learned+queue,reward,43,-285.1044878787879,10.993720228315599,-298.5502818181818,-271.62135454545455,3
learned+queue,reward,44,-285.0174666666667,10.494181792693047,-297.4301090909091,-271.7658272727273,3
learned+queue,reward,45,-284.09697575757576,9.836665522475858,-295.7199090909091,-271.6658,3
learned+queue,reward,46,-283.4432060606061,9.781544229740254,-294.15078181818177,-270.5046454545455,3
learned+queue,reward,47,-282.3056818181818,9.924645442736091,-292.66687272727273,-268.9255636363636,3
learned+queue,reward,48,-281.2471575757576,10.271742804855917,-290.8769090909091,-267.01347272727276,3
learned+queue,reward,49,-279.7091848484849,10.505122699512313,-289.03526363636365,-265.0309272727273,3
learned+queue,reward,50,-278.1295575757576,10.783186429934238,-287.2015909090909,-262.9780181818182,3
learned+queue,reward,51,-277.17644242424245,10.840109715338192,-285.34005454545456,-261.85726363636365,3
learned+queue,reward,52,-275.69970606060605,10.611377175877017,-284.1034,-260.7305272727273,3
learned+queue,reward,53,-274.6566696969697,10.566821047817664,-282.7826818181818,-259.7326090909091,3
learned+queue,reward,54,-273.0676272727273,10.717167398809483,-281.0287727272727,-257.91782727272727,3
learned+queue,reward,55,-271.53153333333336,11.476371074097276,-279.96816363636367,-255.3058,3
learned+queue,reward,56,-270.6111909090909,12.184314764417492,-280.0197727272727,-253.40509090909092,3
learned+queue,reward,57,-269.22420606060604,11.583914358432084,-278.2652818181818,-252.87257272727274,3
learned+queue,reward,58,-268.11223333333334,11.286287374294984,-276.84406363636367,-252.1753727272727,3
learned+queue,reward,59,-266.88240303030307,11.467772126772877,-276.4012090909091,-250.7515909090909,3
learned+queue,reward,60,-265.9393636363636,12.04883088085882,-276.4054818181818,-249.06127272727272,3
learned+queue,reward,61,-265.04181515151515,12.080027773184126,-276.2669909090909,-248.2763272727273,3
learned+queue,reward,62,-264.2329333333333,12.395544922567984,-276.4168454545454,-247.22591818181817,3
learned+queue,reward,63,-263.38767878787877,12.872771095342149,-275.31219090909093,-245.51253636363637,3
learned+queue,reward,64,-263.0438696969697,13.875272208114499,-275.77521818181816,-243.74686363636363,3
learned+queue,reward,65,-262.81316363636364,14.319997100335234,-275.6789272727273,-242.83599999999998,3
learned+queue,reward,66,-262.78244242424245,14.410951626248284,-275.2289272727273,-242.58325454545454,3
learned+queue,reward,67,-262.61145454545454,14.79185537404881,-274.34564545454543,-241.74669090909092,3
learned+queue,reward,68,-262.5417333333333,15.55745434037687,-274.7320181818182,-240.5847090909091,3
learned+queue,reward,69,-263.4288818181818,15.814682692480956,-276.40145454545456,-241.16474545454545,3
learned+queue,reward,70,-263.8660636363636,15.77479754042781,-277.78661818181814,-241.80843636363636,3
learned+queue,reward,71,-264.0982,15.653458297760427,-278.00495454545455,-242.22846363636364,3
learned+queue,reward,72,-265.1883303030303,15.045712168909118,-278.2603545454545,-244.11265454545455,3
learned+queue,reward,73,-266.5433545454545,13.787367443804078,-279.03686363636365,-247.33236363636362,3
learned+queue,reward,74,-267.79899393939394,12.0913660296827,-280.1977636363636,-251.40134545454546,3
learned+queue,reward,75,-268.2007303030303,10.999060797075327,-280.65167272727274,-253.90063636363638,3
learned+queue,reward,76,-268.9567090909091,11.307541232295145,-282.56641818181816,-254.8805,3
learned+queue,reward,77,-269.06135757575754,10.949616647805644,-282.84343636363633,-256.05624545454543,3
learned+queue,reward,78,-270.3420515151515,11.188026064875704,-285.0174090909091,-257.88252727272726,3
learned+queue,reward,79,-271.0818212121212,11.883458537012686,-287.48534545454544,-259.7149090909091,3
learned+queue,reward,80,-269.94243939393937,11.892545301560139,-286.58135454545453,-259.4995818181818,3
learned+queue,reward,81,-269.99932121212123,11.910379601291064,-286.74366363636364,-260.0441272727273,3
learned+queue,reward,82,-269.9493212121212,11.684280065368544,-286.4617909090909,-261.15702727272725,3
learned+queue,reward,83,-268.65843030303034,12.225338510124189,-285.88434545454544,-258.76514545454546,3
learned+queue,reward,84,-266.8594757575758,13.434987791744216,-285.7875090909091,-255.96524545454542,3
learned+queue,reward,85,-265.5119363636364,13.983259392516535,-285.22923636363635,-254.34241818181818,3
learned+queue,reward,86,-264.0277272727273,14.364780522306978,-284.26735454545457,-252.39513636363637,3
learned+queue,reward,87,-262.52193636363637,14.088949819718083,-282.3528636363636,-250.9336,3
learned+queue,reward,88,-261.3894787878788,14.756485640536408,-282.00252727272726,-248.26205454545453,3
learned+queue,reward,89,-259.5250181818182,14.346625059783424,-279.10830909090913,-245.13886363636365,3
learned+queue,reward,90,-258.6143151515152,13.612543508638044,-277.1824818181818,-244.92916363636365,3
learned+queue,reward,91,-258.6502393939394,13.098377072502606,-276.4359090909091,-245.2736909090909,3
learned+queue,reward,92,-258.5604818181818,13.129394495571018,-276.09664545454547,-244.50716363636366,3
learned+queue,reward,93,-257.88999090909095,13.499342531381279,-276.2084909090909,-244.07533636363635,3
learned+queue,reward,94,-258.0755909090909,12.851399541609135,-275.60484545454545,-245.15384545454546,3
learned+queue,reward,95,-258.05555151515154,12.231433724400357,-274.76933636363634,-245.83873636363634,3
learned+queue,reward,96,-258.80888484848487,12.097021504088374,-275.7082909090909,-248.05387272727273,3
learned+queue,reward,97,-260.14969696969695,12.312849694442162,-277.48040909090906,-250.02002727272728,3
learned+queue,reward,98,-261.94720606060605,12.434069468804628,-279.3855,-251.26883636363635,3
learned+queue,reward,99,-263.8395878787879,12.286554089740884,-281.16331818181817,-254.01350909090908,3
learned+queue,reward,100,-264.9728303030303,12.457098079931022,-282.58653636363636,-255.8710909090909,3
learned+queue,reward,101,-265.47665757575754,12.150098674846372,-282.5717272727273,-255.42702727272726,3
learned+queue,reward,102,-266.888903030303,12.339384780787828,-284.1315272727273,-255.94174545454544,3
learned+queue,reward,103,-267.78037575757577,12.72502051862657,-285.3420090909091,-255.59647272727273,3
learned+queue,reward,104,-269.8978090909091,12.200473394344804,-286.5273909090909,-257.59929090909094,3
learned+queue,reward,105,-270.8234242424242,11.649589097295708,-286.5409272727273,-258.6880545454546,3
learned+queue,reward,106,-272.70828787878787,12.392172029153251,-288.8967,-258.8002727272728,3
learned+queue,reward,107,-273.16620909090915,12.118862768080609,-288.5467454545455,-258.9276909090909,3
learned+queue,reward,108,-273.0329727272727,11.816027096001577,-287.3134090909091,-258.37746363636364,3
learned+queue,reward,109,-272.52212424242424,12.013372320122748,-286.29982727272727,-257.0243909090909,3
learned+queue,reward,110,-271.2499424242424,12.177037446893584,-284.25092727272727,-254.9693090909091,3
learned+queue,reward,111,-271.2207878787879,12.197038162384919,-283.7089181818182,-254.67203636363638,3
learned+queue,reward,112,-271.1300090909091,12.261513351074047,-283.2809,-254.34083636363638,3
learned+queue,reward,113,-270.1229272727273,12.469174728000647,-281.5888090909091,-252.78737272727275,3
learned+queue,reward,114,-269.87453636363637,12.555950114587125,-279.8429363636364,-252.16433636363635,3
learned+queue,reward,115,-269.39439090909093,13.404684628563247,-279.83603636363637,-250.4711090909091,3
learned+queue,reward,116,-269.50392727272725,14.072506483265265,-280.72714545454545,-249.65916363636362,3
learned+queue,reward,117,-269.1410121212121,13.957230873149928,-279.6105909090909,-249.41493636363637,3
learned+queue,reward,118,-269.19244545454546,14.00352016356816,-279.8461909090909,-249.4080090909091,3
learned+queue,reward,119,-269.4913818181818,14.223527917650642,-280.8337909090909,-249.43353636363636,3
learned+queue,reward,120,-270.0279606060606,14.857637767487825,-281.01085454545455,-249.0234181818182,3
learned+queue,reward,121,-270.71699393939394,14.917653583321153,-282.3493909090909,-249.65874545454545,3
learned+queue,reward,122,-270.9662818181818,15.230470731648557,-283.38713636363633,-249.51634545454544,3
learned+queue,reward,123,-271.7991242424242,14.61854889484339,-284.4685909090909,-251.31637272727275,3
learned+queue,reward,124,-272.2986212121212,14.288055743288648,-285.7493636363636,-252.51450000000003,3
learned+queue,reward,125,-273.15112424242426,14.237728624411524,-286.698,-253.47687272727273,3
learned+queue,reward,126,-272.88745151515155,13.17661732479948,-285.0765181818182,-254.58616363636364,3
learned+queue,reward,127,-273.2937484848485,13.92980337403393,-286.3705636363636,-253.99576363636362,3
learned+queue,reward,128,-273.30078484848485,13.855081572905444,-286.3614636363636,-254.12098181818183,3
learned+queue,reward,129,-272.4358939393939,14.279585549310367,-285.9977818181818,-252.6967,3
learned+queue,reward,130,-271.94243939393937,14.339579534238474,-285.6393818181818,-252.14288181818182,3
learned+queue,reward,131,-271.2742909090909,13.874904858361907,-285.4492272727273,-252.43638181818184,3
learned+queue,reward,132,-270.2977121212121,13.835968409172972,-284.5078,-251.54337272727273,3
learned+queue,reward,133,-269.2859939393939,13.338089129280263,-282.7391,-251.1087909090909,3
learned+queue,reward,134,-267.96977272727275,14.055208578595472,-281.8101363636364,-248.69416363636364,3
learned+queue,reward,135,-266.35330303030304,14.221588774331405,-280.49067272727274,-246.89585454545457,3
learned+queue,reward,136,-263.7098242424242,14.005693562412581,-278.34979090909087,-244.83593636363636,3
learned+queue,reward,137,-262.23174242424244,14.195523372787147,-278.03687272727274,-243.6092090909091,3
learned+queue,reward,138,-259.6335424242424,13.48687222311619,-274.4315909090909,-241.81305454545455,3
learned+queue,reward,139,-257.62155757575755,13.519617611257308,-272.7487636363636,-239.93146363636362,3
learned+queue,reward,140,-256.13239090909093,12.767544416857094,-270.60207272727274,-239.54412727272728,3
learned+queue,reward,141,-254.92762727272725,12.796724149594935,-269.74582727272724,-238.52130909090909,3
learned+queue,reward,142,-253.70901818181815,13.147012689809268,-269.29427272727276,-237.13625454545453,3
learned+queue,reward,143,-253.63920303030304,12.915268760354724,-269.2572818181818,-237.62876363636363,3
learned+queue,reward,144,-253.0977121212121,12.878791734345947,-269.0878727272727,-237.55074545454545,3
learned+queue,reward,145,-253.25963030303032,12.688851001862092,-269.39415454545457,-238.3902909090909,3
learned+queue,reward,146,-253.64776060606061,12.301477335925936,-269.3623090909091,-239.3268,3
learned+queue,reward,147,-253.89339393939395,12.851335698191903,-270.4915818181818,-239.18256363636365,3
learned+queue,reward,148,-254.13423636363635,13.185518125680362,-270.8565090909091,-238.62739999999997,3
learned+queue,reward,149,-255.11909090909091,13.350959847457782,-272.40242727272727,-239.89434545454543,3
learned+queue,reward,150,-256.1194606060606,13.471115188410062,-273.8376090909091,-241.19764545454547,3
learned+queue,reward,151,-256.769403030303,13.315227091875977,-274.2106,-241.90092727272724,3
learned+queue,reward,152,-257.5141939393939,12.626310398486037,-273.80357272727275,-243.03486363636364,3
learned+queue,reward,153,-258.10546666666664,12.033847394374462,-273.67277272727273,-244.36660909090907,3
learned+queue,reward,154,-258.3850939393939,11.334977009824119,-273.0264363636363,-245.41235454545452,3
learned+queue,reward,155,-258.87420000000003,11.438893718408536,-273.3488545454545,-245.3810181818182,3
learned+queue,reward,156,-259.94593636363635,11.084915362683265,-273.91998181818184,-246.80606363636363,3
learned+queue,reward,157,-260.7549515151515,11.037806556756243,-274.33353636363637,-247.29735454545454,3
learned+queue,reward,158,-261.9860151515152,10.142369553213783,-274.55780909090913,-249.7198181818182,3
learned+queue,reward,159,-262.90038787878785,9.23516759048046,-274.8770727272727,-252.40075454545456,3
learned+queue,reward,160,-264.26309393939397,9.793398729301945,-277.2606181818182,-253.62135454545452,3
learned+queue,reward,161,-264.6205303030303,9.466402627862418,-277.1685909090909,-254.3056090909091,3
learned+queue,reward,162,-265.2534878787879,9.936654218949197,-278.7306272727273,-255.0680818181818,3
learned+queue,reward,163,-265.0489,9.924809607519423,-278.7318090909091,-255.4988909090909,3
learned+queue,reward,164,-264.8746393939394,10.548304342588674,-279.6039909090909,-255.4643,3
learned+queue,reward,165,-264.3249757575757,11.230475299269889,-280.05333636363633,-254.55046363636365,3
learned+queue,reward,166,-263.9576181818182,11.910334853633435,-280.7677545454546,-254.63135454545454,3
learned+queue,reward,167,-262.07978787878784,12.67399550212983,-279.9776181818182,-252.2966090909091,3
learned+queue,reward,168,-261.0270393939394,13.717757766043313,-280.41631818181816,-250.7781272727273,3
learned+queue,reward,169,-259.87335454545456,14.141861852268622,-279.8527090909091,-249.1043,3
learned+queue,reward,170,-258.41131818181816,15.030044986345528,-279.6655181818182,-247.5660090909091,3
learned+queue,reward,171,-257.01394848484847,14.749968454962461,-277.8586363636364,-245.9085272727273,3
learned+queue,reward,172,-256.0243272727273,14.402566812762528,-276.37396363636367,-245.09444545454545,3
learned+queue,reward,173,-254.9674121212121,14.114917074783245,-274.8921090909091,-243.9557,3
learned+queue,reward,174,-254.61291515151515,15.060813578890405,-275.8591727272727,-242.68995454545455,3
learned+queue,reward,175,-253.6860939393939,14.422076537601555,-274.0417,-242.3986,3
learned+queue,reward,176,-253.1244909090909,14.19529111272613,-273.161,-242.02773636363636,3
learned+queue,reward,177,-252.41167575757575,13.760652640166578,-271.85679999999996,-242.01926363636366,3
learned+queue,reward,178,-252.31395151515153,13.860796610136335,-271.8773181818182,-241.46524545454548,3
learned+queue,reward,179,-252.53347272727274,13.612240424440884,-271.7694727272727,-242.26596363636364,3
learned+queue,reward,180,-252.41057272727275,13.619038661458944,-271.66161818181814,-242.2700181818182,3
learned+queue,reward,181,-252.55731515151516,13.44455494632723,-271.52937272727274,-241.98507272727272,3
learned+queue,reward,182,-252.36012727272728,13.657155790597479,-271.6251272727273,-241.53528181818183,3
learned+queue,reward,183,-252.0331666666667,14.555402093012585,-272.5750181818182,-240.6160090909091,3
learned+queue,reward,184,-252.41819393939394,15.10874509587908,-273.75217272727275,-240.72296363636363,3
learned+queue,reward,185,-251.81731212121213,14.530816370715979,-272.3373,-240.6010181818182,3
learned+queue,reward,186,-252.50341515151516,14.87098078551693,-273.48145454545454,-240.72579090909093,3
learned+queue,reward,187,-252.04091515151515,14.80043039111438,-272.9286818181818,-240.43298181818182,3
learned+queue,reward,188,-252.26551818181815,15.741626311128982,-274.4887909090909,-240.01686363636364,3
learned+queue,reward,189,-251.91509393939396,15.311481808962482,-273.49366363636364,-239.56497272727273,3
learned+queue,reward,190,-250.91631515151516,15.462135708029377,-272.7033090909091,-238.40676363636365,3
learned+queue,reward,191,-249.9337575757576,15.587656401073417,-271.9425545454546,-237.84668181818185,3
learned+queue,reward,192,-249.23739696969696,15.377012873556321,-270.9807818181818,-238.05313636363636,3
learned+queue,reward,193,-248.2938,14.110089079319666,-268.23054545454545,-237.59292727272725,3
learned+queue,reward,194,-248.07438181818182,13.24198595866275,-266.75426363636365,-237.58474545454547,3
learned+queue,reward,195,-247.56331212121214,12.835851329875371,-265.4681272727273,-236.0221181818182,3
learned+queue,reward,196,-247.76585151515155,12.584970088721438,-265.27249090909095,-236.23577272727272,3
learned+queue,reward,197,-246.96916666666664,12.715268394689868,-264.42173636363634,-234.49149090909088,3
learned+queue,reward,198,-246.90788484848485,13.00809196083368,-264.7054090909091,-233.97777272727274,3
learned+queue,reward,199,-246.29451515151516,12.09391446350818,-262.8828181818182,-234.3926909090909,3
learned+queue,reward,200,-246.024003030303,12.23486317904888,-262.6406727272727,-233.53804545454543,3
learned+queue,reward,201,-246.28796666666668,11.846736158992902,-262.2861909090909,-233.9806818181818,3
learned+queue,reward,202,-246.82296969696972,11.132782393266782,-261.65036363636364,-234.82456363636365,3
learned+queue,reward,203,-247.12621515151514,10.78582038336803,-261.4332,-235.39194545454546,3
learned+queue,reward,204,-247.9950787878788,11.927467722847865,-264.04705454545456,-235.48051818181818,3
learned+queue,reward,205,-248.26616969696968,11.569194845985235,-263.8505,-236.1593909090909,3
learned+queue,reward,206,-249.41988181818184,10.663260294143674,-263.63294545454545,-237.9488,3
learned+queue,reward,207,-250.06186363636365,9.86527024965245,-262.92705454545455,-238.95481818181818,3
learned+queue,reward,208,-251.56878484848482,8.037684257918482,-262.19601818181815,-242.7618909090909,3
learned+queue,reward,209,-253.2304939393939,6.458394478362624,-261.6489454545454,-245.95311818181818,3
learned+queue,reward,210,-255.75032424242423,5.006434359848085,-261.75606363636365,-249.50016363636362,3
learned+queue,reward,211,-257.66364848484847,3.9382305103479536,-261.9177909090909,-252.42350909090908,3
learned+queue,reward,212,-258.9883060606061,3.366988888507844,-261.96338181818186,-254.28104545454545,3
learned+queue,reward,213,-260.0402545454545,2.305161946779776,-262.4792545454545,-256.9474909090909,3
learned+queue,reward,214,-260.51670909090905,1.2023113977168616,-262.20023636363635,-259.46847272727274,3
learned+queue,reward,215,-260.4446666666667,0.5330984359267166,-261.12185454545454,-259.8191,3
learned+queue,reward,216,-260.8556484848485,2.178617628333769,-263.7285636363636,-258.4551727272727,3
learned+queue,reward,217,-260.6087393939394,4.471043996771372,-265.91378181818186,-254.97666363636364,3
learned+queue,reward,218,-260.3821757575758,6.3770155599429215,-267.7476363636364,-252.19256363636362,3
learned+queue,reward,219,-259.8294696969697,7.040035595570905,-267.9834818181818,-250.80501818181818,3
learned+queue,reward,220,-258.44890000000004,8.107450023814543,-267.5431454545455,-247.85469999999998,3
learned+queue,reward,221,-256.5540393939394,9.389056145718616,-266.36136363636365,-243.89835454545454,3
learned+queue,reward,222,-255.9484636363636,10.500471046973054,-267.1126909090909,-241.8863818181818,3
learned+queue,reward,223,-254.86702121212122,11.419483796312022,-267.0825636363636,-239.61090000000002,3
learned+queue,reward,224,-253.8319787878788,12.106781784433297,-266.9459909090909,-237.74196363636364,3
learned+queue,reward,225,-253.39524545454546,11.818176098714227,-266.0215636363636,-237.59862727272727,3
learned+queue,reward,226,-252.85572727272725,12.173368475453836,-266.27073636363633,-236.804,3
learned+queue,reward,227,-251.81870606060605,12.182015011490677,-265.1825636363637,-235.72095454545453,3
learned+queue,reward,228,-251.17598181818184,12.255498816397987,-264.7962909090909,-235.0835181818182,3
learned+queue,reward,229,-250.6857121212121,11.792733093239802,-263.6691818181818,-235.12893636363634,3
learned+queue,reward,230,-250.2746606060606,11.534282772837024,-262.44544545454545,-234.78376363636363,3
learned+queue,reward,231,-250.76900303030303,11.446176304913298,-262.7729545454545,-235.36217272727274,3
learned+queue,reward,232,-251.7032909090909,11.003827247690916,-263.34348181818183,-236.93859999999998,3
learned+queue,reward,233,-251.62731212121216,11.293885291430774,-262.708,-236.12496363636365,3
learned+queue,reward,234,-251.97789090909092,11.374529163848027,-261.95076363636366,-236.06093636363633,3
learned+queue,reward,235,-252.5474424242424,11.6773622447029,-261.6783090909091,-236.06514545454547,3
learned+queue,reward,236,-253.53494545454546,11.857240864860927,-262.4834818181818,-236.77922727272727,3
learned+queue,reward,237,-254.53772727272727,12.453692957594479,-264.46160909090906,-236.9750272727273,3
learned+queue,reward,238,-255.59146060606062,12.220482272909603,-266.89562727272727,-238.61806363636362,3
learned+queue,reward,239,-256.0714787878788,12.666472510482402,-269.3397818181818,-239.0150727272727,3
learned+queue,reward,240,-256.91948787878783,12.86298326094781,-271.8853909090909,-240.48104545454544,3
learned+queue,reward,241,-257.4530121212121,13.5419258816518,-274.27237272727274,-241.11190909090908,3
learned+queue,reward,242,-257.32377575757573,14.194846954000987,-275.6592909090909,-241.07808181818183,3
learned+queue,reward,243,-256.61974848484846,15.034710064661976,-276.46737272727273,-240.09157272727273,3
learned+queue,reward,244,-256.55997272727274,15.315298446407592,-277.4408363636364,-241.1366,3
learned+queue,reward,245,-256.75046000000003,15.400735658301082,-277.82482,-241.45119,3
learned+queue,reward,246,-256.9190111111111,15.571907283629663,-278.54187777777776,-242.493,3
learned+queue,reward,247,-256.4783375,16.414750999675686,-279.4987875,-242.3777,3
learned+queue,reward,248,-256.11149523809524,16.291729139492936,-279.06935714285714,-242.9493857142857,3
learned+queue,reward,249,-256.0918833333333,16.693106220882527,-279.62193333333335,-242.67088333333334,3
learned+queue,queue,0,21.129394444444447,0.13383165235787683,20.946733333333334,21.263650000000002,3
learned+queue,queue,1,21.094566666666665,0.13470718374115667,20.904457142857144,21.200242857142857,3
learned+queue,queue,2,21.0563125,0.106532510198374,20.9057375,21.135975000000002,3
learned+queue,queue,3,21.011966666666666,0.08003067930256236,20.899433333333334,21.0787,3
learned+queue,queue,4,20.97364333333333,0.043707086636176215,20.91205,21.00893,3
learned+queue,queue,5,20.938657575757578,0.03998871006879348,20.88499090909091,20.980936363636363,3
learned+queue,queue,6,20.850442424242424,0.0286579469729009,20.82951818181818,20.890963636363637,3
learned+queue,queue,7,20.76380303030303,0.04322123644776316,20.72541818181818,20.82419090909091,3
learned+queue,queue,8,20.705263636363636,0.03874529314699765,20.666154545454546,20.758054545454545,3
learned+queue,queue,9,20.62061515151515,0.027226458057658987,20.587254545454545,20.653945454545454,3
learned+queue,queue,10,20.537151515151518,0.056363367708711656,20.461236363636363,20.596154545454546,3
learned+queue,queue,11,20.429687878787878,0.09296833203928818,20.305245454545453,20.528654545454547,3
learned+queue,queue,12,20.309612121212123,0.12938659996216884,20.129227272727274,20.4264,3
learned+queue,queue,13,20.17201818181818,0.13621945529181778,19.980518181818184,20.28591818181818,3
learned+queue,queue,14,20.04079393939394,0.14494841341939724,19.84746363636364,20.196472727272727,3
learned+queue,queue,15,19.89599090909091,0.17064167037807995,19.699954545454545,20.115890909090908,3
learned+queue,queue,16,19.74211515151515,0.19953259561430034,19.51747272727273,20.00232727272727,3
learned+queue,queue,17,19.62001515151515,0.21785506344472028,19.422254545454546,19.92349090909091,3
learned+queue,queue,18,19.49014242424242,0.2478732554394825,19.24640909090909,19.830199999999998,3
learned+queue,queue,19,19.347954545454545,0.2816869138076334,19.074636363636362,19.7356,3
learned+queue,queue,20,19.200136363636364,0.30968287600618094,18.889545454545456,19.622836363636363,3
learned+queue,queue,21,19.08099090909091,0.31938391761633106,18.772445454545455,19.520936363636363,3
learned+queue,queue,22,18.986633333333334,0.3639517393258481,18.629836363636365,19.4863,3
learned+queue,queue,23,18.893766666666668,0.3940240107724374,18.494718181818183,19.430118181818184,3
learned+queue,queue,24,18.861463636363638,0.4240423965886953,18.430472727272726,19.43807272727273,3
learned+queue,queue,25,18.796196969696968,0.4565514538262003,18.317818181818183,19.410918181818182,3
learned+queue,queue,26,18.727227272727273,0.5118078368619207,18.179745454545454,19.41099090909091,3
learned+queue,queue,27,18.705530303030304,0.5751796243250892,18.107909090909093,19.482236363636364,3
learned+queue,queue,28,18.614472727272727,0.6045960264561873,17.98649090909091,19.43099090909091,3
learned+queue,queue,29,18.524354545454546,0.6556037165185601,17.849863636363636,19.412527272727274,3
learned+queue,queue,30,18.4616,0.6837095236885086,17.77088181818182,19.392936363636363,3
learned+queue,queue,31,18.418684848484848,0.6802760960045748,17.737036363636363,19.347454545454546,3
learned+queue,queue,32,18.342154545454544,0.7151002829748748,17.63220909090909,19.320854545454548,3
learned+queue,queue,33,18.2423,0.7332672265345292,17.533336363636366,19.252181818181818,3
learned+queue,queue,34,18.146863636363637,0.7569698949583642,17.410527272727276,19.187981818181818,3
learned+queue,queue,35,18.015236363636365,0.7748083507459591,17.242254545454546,19.07430909090909,3
learned+queue,queue,36,17.931718181818184,0.7832477589504001,17.125500000000002,18.992645454545453,3
learned+queue,queue,37,17.855272727272727,0.7505918167498905,17.06829090909091,18.865672727272727,3
learned+queue,queue,38,17.767757575757575,0.7135492084333286,16.976654545454547,18.705845454545454,3
learned+queue,queue,39,17.717739393939393,0.7227729945641711,16.900081818181818,18.65777272727273,3
learned+queue,queue,40,17.637336363636365,0.7242608656330959,16.80458181818182,18.570163636363635,3
learned+queue,queue,41,17.572369696969698,0.7237194885001328,16.707436363636365,18.478727272727273,3
learned+queue,queue,42,17.505809090909093,0.7133760570223698,16.637245454545454,18.384563636363637,3
learned+queue,queue,43,17.452221212121213,0.6758302863858109,16.622681818181817,18.27810909090909,3
learned+queue,queue,44,17.446736363636365,0.6452934781109767,16.631254545454546,18.209227272727272,3
learned+queue,queue,45,17.390069696969697,0.6050591542846494,16.62481818181818,18.104263636363637,3
learned+queue,queue,46,17.349730303030302,0.6019426906968623,16.553,18.007745454545454,3
learned+queue,queue,47,17.27997878787879,0.6108642461143888,16.456054545454545,17.91687272727273,3
learned+queue,queue,48,17.21498484848485,0.6321786650871476,16.33870909090909,17.80668181818182,3
learned+queue,queue,49,17.12038787878788,0.6463818406989077,16.21700909090909,17.69309090909091,3
learned+queue,queue,50,17.02330303030303,0.663449235731733,16.0909,17.580145454545455,3
learned+queue,queue,51,16.964887878787877,0.6667735276752137,16.022536363636362,17.465400000000002,3
learned+queue,queue,52,16.874169696969698,0.6526690018023549,15.953318181818183,17.38927272727273,3
learned+queue,queue,53,16.8102,0.6500983816625142,15.891918181818182,17.30820909090909,3
learned+queue,queue,54,16.71251212121212,0.6594645963146691,15.780227272727274,17.20042727272727,3
learned+queue,queue,55,16.61848484848485,0.706045118324087,15.6202,17.13551818181818,3
learned+queue,queue,56,16.562221212121212,0.7493298227543411,15.503927272727275,17.13883636363636,3
learned+queue,queue,57,16.47719696969697,0.7124190763124243,15.471418181818182,17.031254545454548,3
learned+queue,queue,58,16.40920303030303,0.6941491982562915,15.42888181818182,16.944000000000003,3
learned+queue,queue,59,16.333827272727273,0.7050932401855594,15.341754545454545,16.91691818181818,3
learned+queue,queue,60,16.276160606060603,0.7408578145607796,15.238018181818182,16.91770909090909,3
learned+queue,queue,61,16.221160606060607,0.7426736339569615,15.189990909090909,16.909554545454544,3
learned+queue,queue,62,16.171763636363636,0.762189378432318,15.125527272727272,16.91947272727273,3
learned+queue,queue,63,16.12000909090909,0.7916764545255447,15.020309090909091,16.851854545454543,3
learned+queue,queue,64,16.09910303030303,0.853413692916885,14.911890909090909,16.880772727272728,3
learned+queue,queue,65,16.085254545454546,0.8808221382484946,14.856181818181819,16.87530909090909,3
learned+queue,queue,66,16.083551515151516,0.8865691028159912,14.840672727272727,16.847981818181818,3
learned+queue,queue,67,16.073278787878788,0.9101518005054263,14.789345454545453,16.79399090909091,3
learned+queue,queue,68,16.069145454545453,0.9572640075864048,14.718018181818183,16.81800909090909,3
learned+queue,queue,69,16.123857575757576,0.9730810838933405,14.753827272727273,16.92109090909091,3
learned+queue,queue,70,16.15091818181818,0.9707503496663863,14.793427272727273,17.007,3
learned+queue,queue,71,16.165260606060603,0.963288012774765,14.819327272727271,17.02052727272727,3
learned+queue,queue,72,16.232469696969698,0.925911081366282,14.935381818181817,17.036381818181816,3
learned+queue,queue,73,16.315787878787877,0.8484698608091863,15.133445454545454,17.084163636363634,3
learned+queue,queue,74,16.393209090909092,0.7441428237938301,15.38389090909091,17.1559,3
learned+queue,queue,75,16.417990909090907,0.6768244692709159,15.537881818181818,17.183918181818182,3
learned+queue,queue,76,16.46449090909091,0.6957475070409658,15.59820909090909,17.301690909090908,3
learned+queue,queue,77,16.470957575757577,0.6736706184532074,15.670754545454544,17.318836363636365,3
learned+queue,queue,78,16.549818181818182,0.6883810256892082,15.783299999999999,17.452827272727273,3
learned+queue,queue,79,16.595454545454547,0.7310741928333934,15.896481818181819,17.6047,3
learned+queue,queue,80,16.52537575757576,0.7315597937345925,15.88340909090909,17.54898181818182,3
learned+queue,queue,81,16.528854545454546,0.7325992002892591,15.91688181818182,17.558836363636363,3
learned+queue,queue,82,16.5259,0.7189112889483719,15.984345454545455,17.541854545454544,3
learned+queue,queue,83,16.44661818181818,0.7522448652168913,15.837154545454545,17.50648181818182,3
learned+queue,queue,84,16.336130303030302,0.8268193789896975,15.6647,17.500899999999998,3
learned+queue,queue,85,16.253375757575757,0.8603936581359224,15.564800000000002,17.46646363636364,3
learned+queue,queue,86,16.162066666666668,0.8838510149665983,15.444945454545454,17.407245454545457,3
learned+queue,queue,87,16.06961212121212,0.8670711622173487,15.354954545454547,17.28988181818182,3
learned+queue,queue,88,16.000096969696973,0.9083093760734791,15.190636363636365,17.26860909090909,3
learned+queue,queue,89,15.885424242424243,0.8832865031715535,14.998454545454546,17.090654545454544,3
learned+queue,queue,90,15.829618181818182,0.8380836236112051,14.985772727272728,16.97231818181818,3
learned+queue,queue,91,15.831890909090909,0.8065987740593515,15.006936363636363,16.926636363636362,3
learned+queue,queue,92,15.826563636363636,0.8084637509400302,14.960127272727272,16.905836363636364,3
learned+queue,queue,93,15.785436363636364,0.8311965754243977,14.933581818181818,16.912854545454547,3
learned+queue,queue,94,15.796866666666666,0.7914610390802574,14.999872727272729,16.875963636363636,3
learned+queue,queue,95,15.795648484848485,0.7534562608327459,15.0419,16.82478181818182,3
learned+queue,queue,96,15.841945454545455,0.7452572493162374,15.178154545454545,16.882818181818184,3
learned+queue,queue,97,15.9246,0.7584451329691003,15.299363636363637,16.991981818181817,3
learned+queue,queue,98,16.035272727272726,0.7658713427978683,15.376454545454544,17.1092,3
learned+queue,queue,99,16.151533333333333,0.7567492455393827,15.545236363636365,17.218427272727272,3
learned+queue,queue,100,16.221193939393938,0.7670833390180503,15.661890909090909,17.305836363636363,3
learned+queue,queue,101,16.25210303030303,0.7482944681324649,15.634418181818182,17.3051,3
learned+queue,queue,102,16.338851515151514,0.7597769074598647,15.666136363636362,17.4008,3
learned+queue,queue,103,16.39360303030303,0.7834630317104531,15.644918181818182,17.47528181818182,3
learned+queue,queue,104,16.52370303030303,0.7511246379439004,15.767845454545455,17.548000000000002,3
learned+queue,queue,105,16.580733333333335,0.7170563741888933,15.835081818181818,17.548754545454546,3
learned+queue,queue,106,16.696724242424242,0.7625113560580844,15.842045454545454,17.69351818181818,3
learned+queue,queue,107,16.72487272727273,0.7456073580623356,15.849972727272727,17.672036363636366,3
learned+queue,queue,108,16.716660606060604,0.7268148150976028,15.816318181818183,17.59628181818182,3
learned+queue,queue,109,16.68520909090909,0.7387555046104816,15.733254545454544,17.533981818181818,3
learned+queue,queue,110,16.60709696969697,0.7485981843159027,15.607027272727272,17.407954545454547,3
learned+queue,queue,111,16.60540303030303,0.7497979211813659,15.588718181818182,17.374627272727274,3
learned+queue,queue,112,16.599963636363636,0.7538670423361541,15.568227272727272,17.348454545454544,3
learned+queue,queue,113,16.538024242424243,0.7666021576884816,15.4726,17.244436363636364,3
learned+queue,queue,114,16.522709090909093,0.7720772524116102,15.43381818181818,17.1371,3
learned+queue,queue,115,16.493360606060605,0.8240353274586646,15.330172727272727,17.136572727272725,3
learned+queue,queue,116,16.499951515151515,0.865260491178306,15.2799,17.191336363636363,3
learned+queue,queue,117,16.47762424242424,0.8582582753670345,15.264681818181817,17.122681818181817,3
learned+queue,queue,118,16.48080909090909,0.861101782825745,15.264290909090908,17.1371,3
learned+queue,queue,119,16.49921515151515,0.8747746747211633,15.265699999999999,17.197681818181817,3
learned+queue,queue,120,16.532145454545454,0.9139670807135767,15.240072727272729,17.208427272727274,3
learned+queue,queue,121,16.574257575757574,0.9177253917861867,15.27880909090909,17.290463636363636,3
learned+queue,queue,122,16.58951212121212,0.937015329830801,15.269936363636363,17.354354545454544,3
learned+queue,queue,123,16.640654545454545,0.8993084222902633,15.380681818181818,17.420590909090908,3
learned+queue,queue,124,16.67139090909091,0.8791433216803147,15.454172727272727,17.49937272727273,3
learned+queue,queue,125,16.72390303030303,0.8759626801971957,15.51358181818182,17.557772727272727,3
learned+queue,queue,126,16.70778484848485,0.8110058263517539,15.581445454545456,17.458345454545455,3
learned+queue,queue,127,16.732881818181816,0.8573716323292156,15.545136363636363,17.537881818181816,3
learned+queue,queue,128,16.73352121212121,0.8527305923025555,15.553081818181818,17.537390909090906,3
learned+queue,queue,129,16.680257575757576,0.8789114424729189,15.465263636363636,17.514845454545455,3
learned+queue,queue,130,16.649893939393937,0.8826002508033247,15.431172727272726,17.492736363636364,3
learned+queue,queue,131,16.609033333333333,0.8538236137072758,15.4497,17.48107272727273,3
learned+queue,queue,132,16.549175757575757,0.8515137021016469,15.394890909090908,17.423527272727274,3
learned+queue,queue,133,16.487178787878786,0.8207861341633974,15.368536363636364,17.314854545454548,3
learned+queue,queue,134,16.40626060606061,0.8649215745059862,15.21999090909091,17.25767272727273,3
learned+queue,queue,135,16.306915151515152,0.8750473984591043,15.109672727272727,17.17668181818182,3
learned+queue,queue,136,16.14440909090909,0.8617295959777762,14.983145454545456,17.045145454545455,3
learned+queue,queue,137,16.053345454545454,0.8733752923699613,14.907618181818181,17.02578181818182,3
learned+queue,queue,138,15.893633333333334,0.830002592525851,14.796999999999999,16.804445454545455,3
learned+queue,queue,139,15.769560606060606,0.8319618955942906,14.681018181818182,16.700545454545455,3
learned+queue,queue,140,15.677990909090909,0.7855963661246913,14.657409090909091,16.56848181818182,3
learned+queue,queue,141,15.603818181818182,0.7876057117906011,14.594181818181818,16.516018181818183,3
learned+queue,queue,142,15.528769696969697,0.8093470651482568,14.508672727272726,16.48839090909091,3
learned+queue,queue,143,15.524466666666667,0.7950659444324902,14.538954545454544,16.48601818181818,3
learned+queue,queue,144,15.491051515151517,0.7929230908526659,14.533854545454545,16.475536363636362,3
learned+queue,queue,145,15.500981818181819,0.7813962787970672,14.585245454545456,16.49451818181818,3
learned+queue,queue,146,15.52491818181818,0.7576040489141603,14.64270909090909,16.492545454545454,3
learned+queue,queue,147,15.540060606060607,0.791481619817367,14.633636363636363,16.56200909090909,3
learned+queue,queue,148,15.554933333333333,0.8120434742644639,14.599518181818182,16.584463636363637,3
learned+queue,queue,149,15.615424242424242,0.822063611191257,14.677572727272729,16.679336363636363,3
learned+queue,queue,150,15.677148484848486,0.8294626046907405,14.75798181818182,16.76789090909091,3
learned+queue,queue,151,15.717272727272729,0.8199940065291953,14.80111818181818,16.791045454545454,3
learned+queue,queue,152,15.763169696969697,0.777562839437794,14.87110909090909,16.766045454545456,3
learned+queue,queue,153,15.799624242424242,0.7408953685412014,14.953327272727273,16.757772727272727,3
learned+queue,queue,154,15.81680303030303,0.6978645902712459,15.017745454545455,16.71798181818182,3
learned+queue,queue,155,15.847015151515151,0.7042931686850175,15.016090909090908,16.7381,3
learned+queue,queue,156,15.912851515151516,0.6822133394835742,15.104209090909091,16.772909090909092,3
learned+queue,queue,157,15.9626,0.6793289365410831,15.134518181818182,16.798472727272728,3
learned+queue,queue,158,16.03839393939394,0.6242526436939309,15.283781818181819,16.812509090909092,3
learned+queue,queue,159,16.094584848484846,0.5684029660452166,15.448690909090908,16.831945454545455,3
learned+queue,queue,160,16.178460606060607,0.6026348066708426,15.524000000000001,16.97846363636364,3
learned+queue,queue,161,16.200466666666667,0.5824560318635035,15.56609090909091,16.97269090909091,3
learned+queue,queue,162,16.23938484848485,0.6113865289093833,15.613218181818182,17.068827272727273,3
learned+queue,queue,163,16.226906060606062,0.610741749507407,15.639736363636365,17.069063636363637,3
learned+queue,queue,164,16.216027272727274,0.6492317138255919,15.637436363636363,17.122718181818183,3
learned+queue,queue,165,16.182354545454547,0.691099968489567,15.581527272727273,17.150363636363636,3
learned+queue,queue,166,16.159854545454547,0.7328406386848295,15.586409090909092,17.19420909090909,3
learned+queue,queue,167,16.044460606060607,0.7799614999445654,15.44270909090909,17.145918181818182,3
learned+queue,queue,168,15.979763636363636,0.8439709854921654,15.348836363636364,17.172654545454545,3
learned+queue,queue,169,15.908654545454546,0.8699022353479509,15.24589090909091,17.137618181818183,3
learned+queue,queue,170,15.818860606060605,0.924708927543972,15.151281818181817,17.1265,3
learned+queue,queue,171,15.73287575757576,0.9074440813872847,15.049336363636364,17.01526363636364,3
learned+queue,queue,172,15.672066666666666,0.8861061927397603,14.9993,16.924045454545453,3
learned+queue,queue,173,15.607075757575757,0.8683828983807677,14.929372727272726,16.832872727272726,3
learned+queue,queue,174,15.585248484848485,0.9264634048137768,14.851390909090908,16.892172727272726,3
learned+queue,queue,175,15.528469696969696,0.8870392020783946,14.833745454545454,16.78041818181818,3
learned+queue,queue,176,15.49408787878788,0.8732229360228281,14.811027272727273,16.7266,3
learned+queue,queue,177,15.450181818181818,0.8464299407026581,14.810254545454546,16.646236363636362,3
learned+queue,queue,178,15.444190909090908,0.8525887457099665,14.776109090909092,16.64749090909091,3
learned+queue,queue,179,15.457727272727274,0.8372989408919218,14.825527272727273,16.640918181818183,3
learned+queue,queue,180,15.450324242424243,0.8376838339362888,14.825963636363637,16.6344,3
learned+queue,queue,181,15.459439393939393,0.8269100192664668,14.808490909090908,16.626263636363635,3
learned+queue,queue,182,15.447363636363635,0.8399023646852386,14.780936363636364,16.632081818181817,3
learned+queue,queue,183,15.427142424242424,0.8952349897375104,14.724181818181819,16.69051818181818,3
learned+queue,queue,184,15.450809090909091,0.9293349963129008,14.730727272727274,16.76300909090909,3
learned+queue,queue,185,15.413784848484847,0.8939844988312695,14.723190909090908,16.67620909090909,3
learned+queue,queue,186,15.455918181818182,0.9148630306190049,14.730972727272727,16.746454545454547,3
learned+queue,queue,187,15.427327272727274,0.9104265316799461,14.712836363636363,16.712172727272726,3
learned+queue,queue,188,15.441178787878789,0.9683107535809254,14.687181818181818,16.808154545454546,3
learned+queue,queue,189,15.419718181818183,0.9419160717818704,14.659500000000001,16.74711818181818,3
learned+queue,queue,190,15.358360606060607,0.95113174073192,14.588218181818183,16.69849090909091,3
learned+queue,queue,191,15.297790909090908,0.9587515178045684,14.553590909090907,16.651436363636364,3
learned+queue,queue,192,15.254945454545455,0.945644966925258,14.567827272727273,16.59211818181818,3
learned+queue,queue,193,15.196881818181817,0.8678005864865137,14.539345454545453,16.423063636363636,3
learned+queue,queue,194,15.18358181818182,0.8142012073225564,14.539218181818182,16.332190909090908,3
learned+queue,queue,195,15.152430303030306,0.7890202479999503,14.443445454545456,16.253136363636365,3
learned+queue,queue,196,15.165015151515151,0.7733837599689138,14.456900000000001,16.240954545454546,3
learned+queue,queue,197,15.116133333333332,0.7814901199770043,14.34970909090909,16.188936363636365,3
learned+queue,queue,198,15.112554545454545,0.7994367201202255,14.318272727272728,16.206463636363637,3
learned+queue,queue,199,15.074739393939396,0.743264435750071,14.343654545454546,16.094345454545454,3
learned+queue,queue,200,15.058236363636363,0.7520331413408133,14.291054545454546,16.079718181818183,3
learned+queue,queue,201,15.074448484848483,0.7284331849400801,14.31791818181818,16.058245454545457,3
learned+queue,queue,202,15.107542424242425,0.684599222699562,14.369954545454545,16.019463636363636,3
learned+queue,queue,203,15.126127272727274,0.6634203246528814,14.4046,16.006254545454546,3
learned+queue,queue,204,15.17969393939394,0.733583839219738,14.410527272727274,16.16719090909091,3
learned+queue,queue,205,15.19652424242424,0.7116527252781194,14.452518181818181,16.155481818181816,3
learned+queue,queue,206,15.267284848484849,0.6558014699223,14.562663636363636,16.141845454545454,3
learned+queue,queue,207,15.306866666666666,0.6065035594468277,14.624745454545454,16.098263636363637,3
learned+queue,queue,208,15.399460606060606,0.49403051067005016,14.858863636363635,16.053054545454543,3
learned+queue,queue,209,15.501445454545454,0.39697048873388596,15.054772727272727,16.0193,3
learned+queue,queue,210,15.656424242424244,0.3074156272819484,15.273090909090909,16.025709090909093,3
learned+queue,queue,211,15.77390303030303,0.24152459249255662,15.452763636363636,16.03523636363636,3
learned+queue,queue,212,15.85541818181818,0.20620141494706284,15.567172727272727,16.03780909090909,3
learned+queue,queue,213,15.920166666666667,0.14088247751284103,15.73120909090909,16.069354545454544,3
learned+queue,queue,214,15.949612121212121,0.07330016567742495,15.8848,16.05208181818182,3
learned+queue,queue,215,15.945115151515152,0.033298464406997665,15.906672727272728,15.98789090909091,3
learned+queue,queue,216,15.970269696969696,0.13430094373994517,15.823127272727271,16.147845454545454,3
learned+queue,queue,217,15.955178787878788,0.2748492626028889,15.609563636363635,16.28201818181818,3
learned+queue,queue,218,15.941239393939393,0.3921259275394433,15.438172727272727,16.394854545454546,3
learned+queue,queue,219,15.907433333333332,0.4329544135422251,15.353000000000002,16.409654545454543,3
learned+queue,queue,220,15.822742424242422,0.49863522125408927,15.171681818181817,16.382890909090907,3
learned+queue,queue,221,15.706415151515152,0.5773099530031912,14.928654545454547,16.310345454545455,3
learned+queue,queue,222,15.669342424242425,0.6456290082755759,14.805218181818184,16.356790909090908,3
learned+queue,queue,223,15.602948484848485,0.7022557581291359,14.665245454545454,16.355136363636362,3
learned+queue,queue,224,15.53939090909091,0.7445658412497337,14.550345454545454,16.346818181818183,3
learned+queue,queue,225,15.512463636363636,0.726851096758823,14.541372727272728,16.28990909090909,3
learned+queue,queue,226,15.47938181818182,0.7489047374935076,14.49239090909091,16.305554545454545,3
learned+queue,queue,227,15.415572727272727,0.7495833025341592,14.425563636363636,16.23879090909091,3
learned+queue,queue,228,15.375966666666665,0.7542596388334626,14.386145454545455,16.215190909090907,3
learned+queue,queue,229,15.345712121212122,0.7258094695814246,14.38881818181818,16.145818181818182,3
learned+queue,queue,230,15.32040909090909,0.7098978378367479,14.367518181818182,16.07059090909091,3
learned+queue,queue,231,15.350815151515151,0.7045619902393189,14.403045454545456,16.09099090909091,3
learned+queue,queue,232,15.408196969696972,0.6772067722342736,14.500181818181819,16.125918181818182,3
learned+queue,queue,233,15.403451515151517,0.6951256839537674,14.449763636363638,16.086836363636362,3
learned+queue,queue,234,15.425003030303031,0.6999196829299792,14.445890909090908,16.0404,3
learned+queue,queue,235,15.459860606060607,0.7184888901002088,14.445881818181817,16.023636363636363,3
learned+queue,queue,236,15.52048484848485,0.7295966926341314,14.489572727272728,16.073118181818185,3
learned+queue,queue,237,15.582239393939396,0.7659579119529873,14.501872727272728,16.19056363636364,3
learned+queue,queue,238,15.647193939393938,0.7513127467902028,14.603163636363638,16.340109090909092,3
learned+queue,queue,239,15.676648484848485,0.7785773923902682,14.627454545454547,16.4905,3
learned+queue,queue,240,15.728969696969697,0.7904184683886644,14.717763636363635,16.64717272727273,3
learned+queue,queue,241,15.761757575757576,0.8319324020382095,14.756627272727274,16.7939,3
learned+queue,queue,242,15.75390303030303,0.8718397006960764,14.754772727272728,16.879136363636363,3
learned+queue,queue,243,15.71059696969697,0.9234440697089479,14.694072727272728,16.928881818181818,3
learned+queue,queue,244,15.706960606060605,0.940480788254719,14.758472727272727,16.98869090909091,3
learned+queue,queue,245,15.718593333333333,0.945736633047959,14.77777,17.01227,3
learned+queue,queue,246,15.729055555555556,0.9561593041418993,14.842044444444447,17.05645555555556,3
learned+queue,queue,247,15.702187499999999,1.0077211477718755,14.8352875,17.1152375,3
learned+queue,queue,248,15.679614285714285,1.0000755237467205,14.87047142857143,17.088771428571427,3
learned+queue,queue,249,15.678316666666667,1.0250466268527603,14.853133333333334,17.123083333333334,3
learned+queue,delay,0,0.11630555555555555,0.0007247392038383482,0.11531666666666666,0.11703333333333332,3
learned+queue,delay,1,0.11621428571428571,0.0007208271892310215,0.11521428571428571,0.11688571428571429,3
learned+queue,delay,2,0.11620000000000001,0.0006604922406811454,0.115275,0.116775,3
learned+queue,delay,3,0.11609259259259258,0.0006154615072780892,0.11522222222222221,0.11653333333333332,3
learned+queue,delay,4,0.11590333333333334,0.0005941006274660521,0.11508,0.11646000000000001,3
learned+queue,delay,5,0.11588181818181818,0.000622091026441521,0.11504545454545455,0.11653636363636365,3
learned+queue,delay,6,0.11567272727272727,0.0005033770254511713,0.11499090909090909,0.1161909090909091,3
learned+queue,delay,7,0.11541818181818182,0.0006126760161997857,0.11468181818181819,0.11618181818181818,3
learned+queue,delay,8,0.11522121212121211,0.000523514997158408,0.11459090909090909,0.11587272727272727,3
learned+queue,delay,9,0.11485151515151515,0.00047599878077797704,0.11422727272727272,0.1153818181818182,3
learned+queue,delay,10,0.1146,0.0004587082113288347,0.11396363636363636,0.11502727272727274,3
learned+queue,delay,11,0.11436969696969697,0.00036335847968178863,0.11386363636363636,0.11470000000000001,3
learned+queue,delay,12,0.11412727272727273,0.0002871921636169226,0.11373636363636365,0.11441818181818181,3
learned+queue,delay,13,0.11379696969696969,0.0003489719915299281,0.11336363636363635,0.11421818181818182,3
learned+queue,delay,14,0.11359090909090909,0.00046038671013074817,0.11301818181818182,0.11414545454545455,3
learned+queue,delay,15,0.11332727272727272,0.0006053480659849628,0.11270000000000001,0.11414545454545455,3
learned+queue,delay,16,0.11290606060606061,0.0006428386313599889,0.11236363636363636,0.11380909090909092,3
learned+queue,delay,17,0.11264242424242425,0.0007224206833347342,0.11197272727272728,0.11364545454545455,3
learned+queue,delay,18,0.11245151515151515,0.0007427272109095806,0.11187272727272726,0.11349999999999999,3
learned+queue,delay,19,0.11215757575757575,0.0007266790506185591,0.11157272727272728,0.11318181818181818,3
learned+queue,delay,20,0.11195757575757576,0.0007251990638971567,0.1114,0.11298181818181817,3
learned+queue,delay,21,0.1116909090909091,0.0006749757673438182,0.11120909090909091,0.11264545454545455,3
learned+queue,delay,22,0.1114090909090909,0.0006019710508035276,0.1109,0.11225454545454544,3
learned+queue,delay,23,0.1111090909090909,0.0005149553993899639,0.11064545454545455,0.11182727272727272,3
learned+queue,delay,24,0.11088484848484848,0.0005586945297692847,0.11034545454545454,0.11165454545454545,3
learned+queue,delay,25,0.11044545454545455,0.0006755876943686638,0.1096090909090909,0.11126363636363636,3
learned+queue,delay,26,0.11023333333333334,0.0006897251951406125,0.1093,0.11094545454545454,3
learned+queue,delay,27,0.11005151515151516,0.0007710439180744743,0.109,0.11082727272727273,3
learned+queue,delay,28,0.10975151515151516,0.0008225919303823795,0.10861818181818182,0.11054545454545454,3
learned+queue,delay,29,0.10942121212121213,0.000985412425951419,0.10807272727272728,0.1104,3
learned+queue,delay,30,0.10924242424242425,0.0011558054049311038,0.1076909090909091,0.11046363636363637,3
learned+queue,delay,31,0.10908181818181817,0.001211537738355703,0.10743636363636364,0.11031818181818182,3
learned+queue,delay,32,0.10886666666666667,0.0013079610724810622,0.1071181818181818,0.11026363636363636,3
learned+queue,delay,33,0.10859090909090909,0.001404185008177374,0.10675454545454545,0.11016363636363637,3
learned+queue,delay,34,0.10840303030303029,0.0015115776031422918,0.10647272727272727,0.11016363636363637,3
learned+queue,delay,35,0.10813636363636364,0.0015210008304306782,0.1062090909090909,0.10992727272727273,3
learned+queue,delay,36,0.10793939393939395,0.0014699999687662045,0.10611818181818182,0.10971818181818183,3
learned+queue,delay,37,0.10757878787878788,0.001521749271336037,0.10572727272727273,0.10945454545454546,3
learned+queue,delay,38,0.10726666666666666,0.0014384781775895283,0.10556363636363636,0.10908181818181818,3
learned+queue,delay,39,0.1069939393939394,0.0013958879661196831,0.10530909090909092,0.10872727272727273,3
learned+queue,delay,40,0.1067090909090909,0.0013228027678132644,0.10513636363636364,0.10837272727272727,3
learned+queue,delay,41,0.10639090909090909,0.0011334386598278211,0.10504545454545454,0.10781818181818181,3
learned+queue,delay,42,0.10599393939393938,0.0011357048595508194,0.10467272727272726,0.10744545454545454,3
learned+queue,delay,43,0.10562424242424241,0.0010195427412745249,0.10446363636363637,0.10694545454545454,3
learned+queue,delay,44,0.10541212121212122,0.0008497069121451729,0.10451818181818182,0.10655454545454544,3
learned+queue,delay,45,0.10507878787878788,0.0007027820878434326,0.10442727272727273,0.10605454545454546,3
learned+queue,delay,46,0.10465454545454544,0.0005313323344073671,0.10412727272727272,0.10538181818181819,3
learned+queue,delay,47,0.10427878787878787,0.00043827443591360995,0.10375454545454545,0.10482727272727273,3
learned+queue,delay,48,0.10404242424242423,0.0002945167712683023,0.10366363636363637,0.10438181818181817,3
learned+queue,delay,49,0.10372424242424243,0.0003203246745933689,0.10327272727272728,0.10398181818181818,3
learned+queue,delay,50,0.10333939393939394,0.00033969142806282096,0.10289999999999999,0.10372727272727272,3
learned+queue,delay,51,0.10293030303030304,0.00032544382353536606,0.10262727272727273,0.10338181818181819,3
learned+queue,delay,52,0.10256060606060606,0.00041833550096571036,0.1021909090909091,0.10314545454545455,3
learned+queue,delay,53,0.1022878787878788,0.0004741431786946432,0.10184545454545456,0.10294545454545455,3
learned+queue,delay,54,0.10200606060606061,0.0005471354571293334,0.10149090909090909,0.10276363636363638,3
learned+queue,delay,55,0.10154242424242425,0.0007735408669947121,0.10099090909090909,0.10263636363636364,3
learned+queue,delay,56,0.10118181818181819,0.0009758234496868077,0.10037272727272728,0.10255454545454544,3
learned+queue,delay,57,0.10092727272727271,0.0011040371694944666,0.09991818181818181,0.10246363636363637,3
learned+queue,delay,58,0.10059090909090908,0.0011482889414746338,0.09948181818181819,0.10217272727272726,3
learned+queue,delay,59,0.10021818181818182,0.0012152157468099,0.0988909090909091,0.10182727272727271,3
learned+queue,delay,60,0.09982424242424243,0.001289720608122395,0.09833636363636365,0.10148181818181819,3
learned+queue,delay,61,0.09951212121212122,0.0013696098121907699,0.09794545454545454,0.1012818181818182,3
learned+queue,delay,62,0.09916666666666667,0.001611551505624337,0.09731818181818182,0.10124545454545454,3
learned+queue,delay,63,0.09877272727272728,0.0018255456937282637,0.09661818181818181,0.10108181818181818,3
learned+queue,delay,64,0.09834545454545456,0.002051244331079347,0.0959090909090909,0.10092727272727274,3
learned+queue,delay,65,0.0979969696969697,0.00222701091019399,0.09529090909090909,0.10074545454545455,3
learned+queue,delay,66,0.09764242424242424,0.00229749334400525,0.0948090909090909,0.10043636363636364,3
learned+queue,delay,67,0.09726060606060605,0.0024178438284339276,0.09423636363636363,0.10015454545454544,3
learned+queue,delay,68,0.09693333333333333,0.002519361208701158,0.09376363636363637,0.09992727272727273,3
learned+queue,delay,69,0.09668787878787878,0.0025341886333469237,0.0935,0.0997,3
learned+queue,delay,70,0.09644545454545454,0.002671252943190024,0.0930909090909091,0.09962727272727273,3
learned+queue,delay,71,0.09622424242424243,0.0026822992206826128,0.09276363636363637,0.0993,3
learned+queue,delay,72,0.09600000000000002,0.0025716830518180624,0.0926,0.09881818181818182,3
learned+queue,delay,73,0.09583333333333333,0.0023603745947903855,0.09261818181818181,0.09821818181818182,3
learned+queue,delay,74,0.0957030303030303,0.002080280407742977,0.09283636363636365,0.09770909090909091,3
learned+queue,delay,75,0.09561212121212122,0.0019538805540429997,0.09288181818181819,0.09734545454545454,3
learned+queue,delay,76,0.09543636363636364,0.0019622891001064738,0.09267272727272728,0.09703636363636363,3
learned+queue,delay,77,0.09536969696969698,0.0018820499540088626,0.09270909090909091,0.09676363636363637,3
learned+queue,delay,78,0.09538484848484848,0.00181536650722535,0.09281818181818181,0.09671818181818183,3
learned+queue,delay,79,0.09521515151515152,0.0017487552965569529,0.09277272727272727,0.09677272727272727,3
learned+queue,delay,80,0.09504545454545454,0.0017479149325897456,0.09266363636363638,0.0968090909090909,3
learned+queue,delay,81,0.09491515151515151,0.001585338008876179,0.09283636363636365,0.09668181818181817,3
learned+queue,delay,82,0.0946939393939394,0.0014856027768727358,0.09277272727272727,0.0963909090909091,3
learned+queue,delay,83,0.09449090909090908,0.0015366773931012006,0.09253636363636364,0.09629090909090908,3
learned+queue,delay,84,0.09422121212121211,0.0015805347167390097,0.09221818181818181,0.09608181818181817,3
learned+queue,delay,85,0.09389090909090908,0.0015755011446359905,0.0919090909090909,0.09576363636363636,3
learned+queue,delay,86,0.09355454545454545,0.0015561306820844208,0.09169090909090909,0.0955,3
learned+queue,delay,87,0.0932030303030303,0.0014318366200512297,0.09151818181818182,0.09501818181818181,3
learned+queue,delay,88,0.0928939393939394,0.0013987860406479147,0.09138181818181819,0.09475454545454545,3
learned+queue,delay,89,0.09251515151515151,0.0012510344663502783,0.09129999999999999,0.09423636363636363,3
learned+queue,delay,90,0.09228484848484848,0.0011432478343088926,0.09122727272727273,0.09387272727272727,3
learned+queue,delay,91,0.09209696969696969,0.0011388538371725344,0.0911,0.09369090909090909,3
learned+queue,delay,92,0.0918848484848485,0.0012084261862300852,0.09094545454545454,0.0935909090909091,3
learned+queue,delay,93,0.09176969696969696,0.0012259888533356338,0.09080909090909091,0.0935,3
learned+queue,delay,94,0.09164545454545454,0.0011964824478168843,0.09074545454545455,0.09333636363636363,3
learned+queue,delay,95,0.09156969696969697,0.0010375148665225384,0.0908,0.09303636363636364,3
learned+queue,delay,96,0.09164848484848485,0.001195430540911966,0.09063636363636364,0.09332727272727272,3
learned+queue,delay,97,0.09166363636363638,0.0013174606177563091,0.09047272727272727,0.0935,3
learned+queue,delay,98,0.09178181818181819,0.0013904237616333315,0.09061818181818182,0.09373636363636363,3
learned+queue,delay,99,0.09185454545454547,0.0013624439230758019,0.09062727272727272,0.09375454545454547,3
learned+queue,delay,100,0.0918969696969697,0.0014172750273725855,0.09054545454545454,0.09385454545454545,3
learned+queue,delay,101,0.0918878787878788,0.0014156218801719864,0.09041818181818183,0.09380000000000001,3
learned+queue,delay,102,0.0918939393939394,0.0013139290506134357,0.09046363636363636,0.09363636363636364,3
learned+queue,delay,103,0.0919151515151515,0.0012556721627673864,0.09041818181818183,0.09349090909090908,3
learned+queue,delay,104,0.09198484848484849,0.0011537060497455438,0.09063636363636364,0.09345454545454546,3
learned+queue,delay,105,0.09197878787878788,0.0010321907839681253,0.09073636363636363,0.09326363636363637,3
learned+queue,delay,106,0.09206363636363636,0.001041216707225237,0.09087272727272727,0.09340909090909091,3
learned+queue,delay,107,0.09206363636363636,0.000893040122926741,0.09101818181818183,0.09319999999999999,3
learned+queue,delay,108,0.0920060606060606,0.0007761717644292097,0.09103636363636364,0.09293636363636364,3
learned+queue,delay,109,0.09186666666666667,0.000751759491070821,0.09090909090909091,0.09274545454545455,3
learned+queue,delay,110,0.09165454545454545,0.0007228654337161953,0.09072727272727273,0.09249090909090908,3
learned+queue,delay,111,0.09154545454545454,0.0006964293030198307,0.09073636363636363,0.09243636363636364,3
learned+queue,delay,112,0.09146666666666665,0.0006945808865043357,0.0907,0.09238181818181818,3
learned+queue,delay,113,0.09127575757575757,0.0007414279028805636,0.09044545454545455,0.09224545454545453,3
learned+queue,delay,114,0.09121818181818182,0.0007182393532764992,0.09040909090909091,0.09215454545454546,3
learned+queue,delay,115,0.09113636363636364,0.0007581331282963342,0.09033636363636365,0.09215454545454546,3
learned+queue,delay,116,0.0911060606060606,0.0007926081830665756,0.09038181818181817,0.09220909090909091,3
learned+queue,delay,117,0.09101818181818182,0.0008288529695784794,0.09015454545454546,0.09213636363636364,3
learned+queue,delay,118,0.09095151515151516,0.0008739364518926665,0.09005454545454546,0.09213636363636364,3
learned+queue,delay,119,0.09102121212121213,0.0009278172297138604,0.09012727272727274,0.09230000000000001,3
learned+queue,delay,120,0.0910939393939394,0.0008565525537400677,0.09023636363636364,0.09226363636363635,3
learned+queue,delay,121,0.0912090909090909,0.0008122003579706257,0.09045454545454545,0.09233636363636365,3
learned+queue,delay,122,0.0911939393939394,0.0006620917405548401,0.09053636363636364,0.09210000000000002,3
learned+queue,delay,123,0.09126969696969696,0.0005645317098474832,0.0908,0.09206363636363636,3
learned+queue,delay,124,0.09134848484848485,0.0004735618119267371,0.0910090909090909,0.09201818181818182,3
learned+queue,delay,125,0.09142727272727273,0.0004771356224427843,0.09104545454545455,0.09210000000000002,3
learned+queue,delay,126,0.09130909090909091,0.0004461651721969657,0.09093636363636363,0.09193636363636365,3
learned+queue,delay,127,0.09132424242424242,0.00052718564240793,0.0908,0.09204545454545454,3
learned+queue,delay,128,0.09127878787878789,0.0005449661112790458,0.09074545454545455,0.09202727272727272,3
learned+queue,delay,129,0.09103939393939393,0.0005610072274708856,0.09046363636363636,0.0918,3
learned+queue,delay,130,0.09091212121212122,0.000512775268188464,0.09033636363636365,0.0915818181818182,3
learned+queue,delay,131,0.09083030303030304,0.00046864985921451515,0.09030909090909091,0.09144545454545455,3
learned+queue,delay,132,0.09064848484848485,0.0005632615241042788,0.09002727272727272,0.09139090909090909,3
learned+queue,delay,133,0.09057575757575757,0.0007545758786613013,0.08971818181818182,0.09155454545454544,3
learned+queue,delay,134,0.09038484848484847,0.0008592819519290076,0.08940909090909091,0.0915,3
learned+queue,delay,135,0.09023939393939394,0.0010097413501105384,0.0891,0.09155454545454546,3
learned+queue,delay,136,0.08999090909090908,0.0010652538853345652,0.08880909090909091,0.09139090909090909,3
learned+queue,delay,137,0.09000000000000001,0.0009840882846910166,0.08893636363636365,0.09130909090909091,3
learned+queue,delay,138,0.08982727272727274,0.000944084088331243,0.0887090909090909,0.09101818181818183,3
learned+queue,delay,139,0.08968484848484848,0.00093926685357369,0.08851818181818182,0.09081818181818181,3
learned+queue,delay,140,0.08963333333333333,0.0008023839594392899,0.08862727272727272,0.09059090909090908,3
learned+queue,delay,141,0.08955151515151516,0.000870525421066835,0.08844545454545455,0.09057272727272726,3
learned+queue,delay,142,0.0893939393939394,0.0008686246160451781,0.08831818181818182,0.09044545454545455,3
learned+queue,delay,143,0.08938181818181819,0.0007201163052680806,0.08849090909090909,0.09025454545454546,3
learned+queue,delay,144,0.08928787878787879,0.000581644544797073,0.08861818181818182,0.09003636363636364,3
learned+queue,delay,145,0.08937272727272727,0.0005491290374078868,0.08883636363636364,0.09012727272727272,3
learned+queue,delay,146,0.08941515151515152,0.0004469260379293693,0.08897272727272727,0.09002727272727272,3
learned+queue,delay,147,0.08938484848484847,0.0004029049702593503,0.0890909090909091,0.08995454545454545,3
learned+queue,delay,148,0.08937575757575757,0.0004229200168820608,0.08904545454545455,0.08997272727272727,3
learned+queue,delay,149,0.08936666666666666,0.0005046523683247959,0.08883636363636364,0.09004545454545454,3
learned+queue,delay,150,0.0894121212121212,0.0006063181271065833,0.0887,0.09018181818181818,3
learned+queue,delay,151,0.08942727272727273,0.000649263197574391,0.0887090909090909,0.09028181818181819,3
learned+queue,delay,152,0.0892969696969697,0.0006130056616626641,0.08852727272727273,0.09002727272727272,3
learned+queue,delay,153,0.0892090909090909,0.0005978381623144887,0.08846363636363636,0.08992727272727273,3
learned+queue,delay,154,0.0892,0.0006198284664515603,0.08843636363636363,0.08995454545454545,3
learned+queue,delay,155,0.08917575757575757,0.0006625076883314282,0.08847272727272727,0.09006363636363636,3
learned+queue,delay,156,0.08916666666666666,0.0005654093976584732,0.08865454545454544,0.08995454545454545,3
learned+queue,delay,157,0.08909696969696969,0.0005738245061166504,0.08855454545454546,0.08989090909090909,3
learned+queue,delay,158,0.08897272727272727,0.0005530282274763838,0.08848181818181819,0.08974545454545454,3
learned+queue,delay,159,0.08886060606060607,0.0007144449514227161,0.08817272727272728,0.08984545454545455,3
learned+queue,delay,160,0.08893939393939394,0.0008317505630185838,0.0881,0.09007272727272728,3
learned+queue,delay,161,0.08885454545454545,0.0009055689352107531,0.08783636363636363,0.09003636363636364,3
learned+queue,delay,162,0.08892424242424242,0.001012765173474277,0.08774545454545456,0.09021818181818182,3
learned+queue,delay,163,0.08893030303030303,0.0011178573890852147,0.0875909090909091,0.09032727272727273,3
learned+queue,delay,164,0.08891818181818183,0.0012889229278935173,0.08745454545454545,0.0905909090909091,3
learned+queue,delay,165,0.08882727272727271,0.0013073431093288547,0.08740909090909091,0.09056363636363636,3
learned+queue,delay,166,0.08874848484848485,0.001352119718022073,0.08723636363636364,0.09051818181818182,3
learned+queue,delay,167,0.08852424242424244,0.0014441357302366674,0.08696363636363637,0.09044545454545455,3
learned+queue,delay,168,0.08853030303030303,0.0016837962705221867,0.08663636363636364,0.09072727272727273,3
learned+queue,delay,169,0.08860606060606059,0.0018611488695921736,0.08654545454545454,0.09105454545454546,3
learned+queue,delay,170,0.08853939393939393,0.0019334140763988589,0.08644545454545455,0.0911090909090909,3
learned+queue,delay,171,0.08843939393939393,0.001872467374335861,0.08644545454545455,0.09094545454545454,3
learned+queue,delay,172,0.08843030303030303,0.0017696606471988585,0.08665454545454544,0.09084545454545455,3
learned+queue,delay,173,0.08837272727272727,0.0017962464690043107,0.08655454545454545,0.09081818181818181,3
learned+queue,delay,174,0.08836363636363637,0.0018634515799004826,0.08650000000000001,0.09090909090909091,3
learned+queue,delay,175,0.08831212121212122,0.0017550922893071247,0.08650909090909091,0.0906909090909091,3
learned+queue,delay,176,0.08827575757575758,0.0018468994691697434,0.08636363636363636,0.09077272727272728,3
learned+queue,delay,177,0.0882090909090909,0.0018902679565761045,0.08619090909090908,0.09073636363636363,3
learned+queue,delay,178,0.08821818181818182,0.0019617415100023055,0.08606363636363636,0.09080909090909091,3
learned+queue,delay,179,0.08824242424242423,0.001910538171960913,0.08619090909090908,0.09079090909090909,3
learned+queue,delay,180,0.0882030303030303,0.001831802516412953,0.0862909090909091,0.09067272727272728,3
learned+queue,delay,181,0.08817272727272728,0.00171846237888946,0.08638181818181817,0.0904909090909091,3
learned+queue,delay,182,0.08810606060606059,0.0018664846428370961,0.08623636363636364,0.09065454545454545,3
learned+queue,delay,183,0.08803939393939393,0.0019331148351879894,0.08622727272727272,0.09071818181818182,3
learned+queue,delay,184,0.08797878787878788,0.001971272097473434,0.08624545454545454,0.09073636363636363,3
learned+queue,delay,185,0.08784545454545455,0.0018937187750292003,0.08627272727272726,0.09050909090909091,3
learned+queue,delay,186,0.08781515151515151,0.0019652256942612844,0.08613636363636364,0.09057272727272726,3
learned+queue,delay,187,0.08777272727272728,0.00192748712358092,0.08623636363636364,0.0904909090909091,3
learned+queue,delay,188,0.08775454545454546,0.0020122079207312155,0.0863,0.0906,3
learned+queue,delay,189,0.08771515151515152,0.001994901674404477,0.0863,0.09053636363636364,3
learned+queue,delay,190,0.08755757575757576,0.0020238567950587325,0.08591818181818181,0.0904090909090909,3
learned+queue,delay,191,0.08746363636363635,0.0019584246212824142,0.08583636363636363,0.09021818181818181,3
learned+queue,delay,192,0.08742424242424242,0.002001230108393362,0.08563636363636364,0.09021818181818181,3
learned+queue,delay,193,0.0873969696969697,0.001792812914134446,0.08571818181818182,0.08988181818181819,3
learned+queue,delay,194,0.0874030303030303,0.0017751317544447808,0.0857090909090909,0.08985454545454545,3
learned+queue,delay,195,0.08736969696969697,0.0018085553239984866,0.08552727272727273,0.08982727272727273,3
learned+queue,delay,196,0.08753333333333334,0.0018662484773595972,0.08561818181818182,0.09006363636363636,3
learned+queue,delay,197,0.08763030303030304,0.001982462132430214,0.08546363636363637,0.09025454545454546,3
learned+queue,delay,198,0.08754545454545455,0.0020318130974107665,0.08532727272727272,0.09023636363636364,3
learned+queue,delay,199,0.08759696969696969,0.0019658283687520282,0.08541818181818182,0.09018181818181818,3
learned+queue,delay,200,0.08768484848484848,0.001974246494100317,0.08535454545454546,0.09018181818181818,3
learned+queue,delay,201,0.08776666666666666,0.0019090235678358718,0.08548181818181819,0.09015454545454546,3
learned+queue,delay,202,0.08780606060606061,0.0019276490960880804,0.0855,0.09021818181818181,3
learned+queue,delay,203,0.08783030303030304,0.0018782550564108635,0.08555454545454545,0.09015454545454546,3
learned+queue,delay,204,0.08793636363636363,0.001975483342187853,0.08556363636363637,0.0904,3
learned+queue,delay,205,0.08792121212121212,0.002004421192236334,0.08549090909090909,0.0904,3
learned+queue,delay,206,0.08808484848484849,0.0019180501654279631,0.08566363636363637,0.09035454545454545,3
learned+queue,delay,207,0.08813636363636364,0.0019226502599377145,0.0857,0.0904,3
learned+queue,delay,208,0.08823030303030303,0.0016933890795795563,0.08607272727272727,0.0902090909090909,3
learned+queue,delay,209,0.08849090909090908,0.0015073008733710112,0.08654545454545454,0.09021818181818181,3
learned+queue,delay,210,0.08867575757575757,0.0014575411071292355,0.08678181818181818,0.09032727272727271,3
learned+queue,delay,211,0.08874545454545453,0.001328911400222706,0.0871,0.09035454545454545,3
learned+queue,delay,212,0.08884545454545455,0.001233240261546682,0.08737272727272727,0.09039090909090909,3
learned+queue,delay,213,0.08892727272727273,0.0012080309776554587,0.08753636363636363,0.09048181818181818,3
learned+queue,delay,214,0.08894545454545455,0.001084018643166611,0.08789090909090909,0.09043636363636363,3
learned+queue,delay,215,0.08893636363636363,0.0011165916261123069,0.08796363636363637,0.0905,3
learned+queue,delay,216,0.08902727272727273,0.001055824720405989,0.08812727272727273,0.09050909090909091,3
learned+queue,delay,217,0.08893333333333335,0.0011776694858127695,0.08757272727272727,0.09044545454545455,3
learned+queue,delay,218,0.08891212121212122,0.001182198850891279,0.08741818181818183,0.09030909090909091,3
learned+queue,delay,219,0.08886060606060604,0.001253190602036312,0.08724545454545454,0.09029999999999999,3
learned+queue,delay,220,0.08873333333333333,0.00130344602247925,0.08702727272727273,0.09019090909090909,3
learned+queue,delay,221,0.0885909090909091,0.001445673701701261,0.08665454545454546,0.09012727272727272,3
learned+queue,delay,222,0.08862424242424242,0.001401501228432078,0.08673636363636363,0.0900909090909091,3
learned+queue,delay,223,0.08853939393939396,0.0014126608410989104,0.08666363636363637,0.09007272727272728,3
learned+queue,delay,224,0.08847878787878788,0.0015202278597757008,0.08645454545454545,0.09011818181818182,3
learned+queue,delay,225,0.08852727272727273,0.0015473962846368696,0.08650000000000001,0.09025454545454546,3
learned+queue,delay,226,0.08843333333333332,0.001517761388588645,0.0864,0.09004545454545454,3
learned+queue,delay,227,0.08829393939393941,0.0015131441247721318,0.0863,0.08996363636363637,3
learned+queue,delay,228,0.08830303030303029,0.0015467968027326603,0.08634545454545454,0.09012727272727272,3
learned+queue,delay,229,0.08817878787878787,0.0015032807709196314,0.08635454545454545,0.09003636363636364,3
learned+queue,delay,230,0.08812727272727272,0.0015706502311973684,0.08635454545454545,0.09017272727272728,3
learned+queue,delay,231,0.08813939393939395,0.0016606337091261683,0.0862909090909091,0.09031818181818183,3
learned+queue,delay,232,0.08813939393939395,0.0014986005102894712,0.08650909090909091,0.09012727272727274,3
learned+queue,delay,233,0.08804545454545454,0.0015890118557411604,0.08635454545454545,0.09017272727272728,3
learned+queue,delay,234,0.08793939393939393,0.0016127989006220098,0.08624545454545454,0.0901090909090909,3
learned+queue,delay,235,0.08787272727272727,0.001570878226408351,0.08625454545454546,0.09,3
learned+queue,delay,236,0.08784242424242424,0.0015540994102833851,0.0863090909090909,0.08997272727272727,3
learned+queue,delay,237,0.08781818181818181,0.0015833848041510686,0.0862909090909091,0.09,3
learned+queue,delay,238,0.08786363636363637,0.0016641247834119416,0.08628181818181818,0.09016363636363636,3
learned+queue,delay,239,0.0877060606060606,0.0016147449599187823,0.08613636363636364,0.08992727272727273,3
learned+queue,delay,240,0.08777575757575758,0.0017951930508975367,0.08595454545454545,0.09021818181818181,3
learned+queue,delay,241,0.08764545454545454,0.0017907168024751063,0.08574545454545456,0.09004545454545455,3
learned+queue,delay,242,0.08750000000000001,0.0019217903727812226,0.08553636363636363,0.0901090909090909,3
learned+queue,delay,243,0.0873848484848485,0.0020408275388084274,0.08525454545454546,0.09013636363636364,3
learned+queue,delay,244,0.0872090909090909,0.002170513643491796,0.08494545454545455,0.09013636363636364,3
learned+queue,delay,245,0.08723666666666667,0.0022298928723645493,0.08484,0.09021,3
learned+queue,delay,246,0.08724074074074074,0.00226678164801564,0.08481111111111111,0.09026666666666666,3
learned+queue,delay,247,0.08712916666666666,0.002354126105845267,0.08461250000000001,0.090275,3
learned+queue,delay,248,0.08704761904761904,0.0023773687316375157,0.08451428571428572,0.09022857142857142,3
learned+queue,delay,249,0.08691666666666666,0.002347851657879483,0.08436666666666666,0.09003333333333334,3
learned+queue,throughput,0,7674.333333333333,39.80252178871032,7621.833333333333,7718.166666666667,3
learned+queue,throughput,1,7688.809523809524,38.67118200236845,7641.857142857143,7736.571428571428,3
learned+queue,throughput,2,7703.958333333333,32.744804507314164,7665.625,7745.625,3
learned+queue,throughput,3,7719.851851851851,48.00868691397845,7676.0,7786.666666666667,3
learned+queue,throughput,4,7733.166666666667,56.00442442839269,7678.1,7810.0,3
learned+queue,throughput,5,7753.090909090909,65.3993454108321,7688.272727272727,7842.636363636364,3
learned+queue,throughput,6,7791.303030303029,83.02332419244158,7718.363636363636,7907.454545454545,3
learned+queue,throughput,7,7833.454545454545,95.11680509547342,7750.0,7966.545454545455,3
learned+queue,throughput,8,7863.181818181819,96.65687230708083,7783.272727272727,7999.181818181818,3
learned+queue,throughput,9,7895.969696969697,114.33133747625459,7806.818181818182,8057.363636363636,3
learned+queue,throughput,10,7938.848484848485,129.49891419890778,7837.636363636364,8121.636363636364,3
learned+queue,throughput,11,7979.393939393939,141.89012031942434,7865.909090909091,8179.454545454545,3
learned+queue,throughput,12,8020.575757575757,150.6020303100762,7888.272727272727,8231.272727272728,3
learned+queue,throughput,13,8058.818181818181,157.47293265163458,7917.545454545455,8278.545454545454,3
learned+queue,throughput,14,8103.303030303031,144.12011621266961,7966.818181818182,8302.636363636364,3
learned+queue,throughput,15,8153.333333333333,142.63328952272457,8021.818181818182,8351.545454545454,3
learned+queue,throughput,16,8188.848484848485,134.18843568582605,8073.909090909091,8377.09090909091,3
learned+queue,throughput,17,8220.939393939394,121.27609675327504,8116.090909090909,8390.90909090909,3
learned+queue,throughput,18,8262.818181818182,118.06773048007722,8156.818181818182,8427.545454545454,3
learned+queue,throughput,19,8309.121212121214,125.28588428364371,8201.454545454546,8484.818181818182,3
learned+queue,throughput,20,8357.484848484848,116.61188796627694,8264.272727272728,8521.90909090909,3
learned+queue,throughput,21,8379.969696969696,110.56900998371489,8297.90909090909,8536.272727272728,3
learned+queue,throughput,22,8403.636363636364,108.9825471912203,8299.454545454546,8554.09090909091,3
learned+queue,throughput,23,8430.848484848486,118.79886312850125,8294.454545454546,8584.0,3
learned+queue,throughput,24,8457.363636363636,128.5561480272032,8306.818181818182,8620.90909090909,3
learned+queue,throughput,25,8482.939393939394,141.35063436910107,8313.636363636364,8659.636363636364,3
learned+queue,throughput,26,8505.69696969697,146.94134684391872,8320.181818181818,8679.545454545454,3
learned+queue,throughput,27,8530.181818181818,152.9748534404399,8331.727272727272,8704.0,3
learned+queue,throughput,28,8555.848484848486,166.75232509533853,8336.09090909091,8739.818181818182,3
learned+queue,throughput,29,8578.454545454546,171.72601343844227,8351.363636363636,8766.545454545454,3
learned+queue,throughput,30,8602.666666666666,157.90573840814722,8390.0,8768.0,3
learned+queue,throughput,31,8620.606060606062,154.43961319249917,8411.363636363636,8779.454545454546,3
learned+queue,throughput,32,8654.333333333334,148.2396677064754,8451.272727272728,8801.0,3
learned+queue,throughput,33,8680.333333333334,144.5097408392558,8488.545454545454,8837.363636363636,3
learned+queue,throughput,34,8716.21212121212,135.80313764664663,8542.90909090909,8874.545454545454,3
learned+queue,throughput,35,8750.030303030302,136.53325477787018,8575.90909090909,8909.363636363636,3
learned+queue,throughput,36,8776.69696969697,137.65532340756928,8610.454545454546,8947.545454545454,3
learned+queue,throughput,37,8800.333333333334,137.52443976805367,8644.181818181818,8978.818181818182,3
learned+queue,throughput,38,8834.454545454546,142.10578839870925,8690.818181818182,9028.0,3
learned+queue,throughput,39,8862.151515151514,154.54235885194205,8716.818181818182,9076.181818181818,3
learned+queue,throughput,40,8887.878787878788,166.16869408645758,8731.90909090909,9118.09090909091,3
learned+queue,throughput,41,8910.030303030304,192.89192985292956,8740.181818181818,9179.818181818182,3
learned+queue,throughput,42,8940.393939393938,200.58625279852544,8768.818181818182,9221.818181818182,3
learned+queue,throughput,43,8970.818181818182,208.26449330971778,8797.636363636364,9263.727272727272,3
learned+queue,throughput,44,8997.060606060606,200.6195958081419,8826.727272727272,9278.727272727272,3
learned+queue,throughput,45,9025.787878787878,206.19838976391253,8846.181818181818,9314.545454545454,3
learned+queue,throughput,46,9043.0,214.90883453812307,8855.545454545454,9343.90909090909,3
learned+queue,throughput,47,9054.30303030303,216.15694651805023,8855.90909090909,9354.90909090909,3
learned+queue,throughput,48,9075.939393939394,221.85300687050412,8873.818181818182,9384.818181818182,3
learned+queue,throughput,49,9104.848484848486,221.35532102275565,8899.636363636364,9412.181818181818,3
learned+queue,throughput,50,9123.30303030303,215.26459256402114,8919.636363636364,9421.09090909091,3
learned+queue,throughput,51,9142.60606060606,214.79300476132514,8944.90909090909,9441.181818181818,3
learned+queue,throughput,52,9165.878787878788,205.64937575493144,8963.636363636364,9448.0,3
learned+queue,throughput,53,9176.636363636364,199.10913158615247,8989.636363636364,9452.454545454546,3
learned+queue,throughput,54,9190.575757575758,194.25763661888973,9007.0,9459.363636363636,3
learned+queue,throughput,55,9208.30303030303,197.82087416468488,9020.0,9481.636363636364,3
learned+queue,throughput,56,9212.39393939394,189.08569825765008,9025.454545454546,9471.454545454546,3
learned+queue,throughput,57,9235.878787878788,163.13014854010854,9073.272727272728,9458.90909090909,3
learned+queue,throughput,58,9256.848484848484,154.99347419539586,9105.727272727272,9469.90909090909,3
learned+queue,throughput,59,9275.606060606062,139.1134727852646,9139.90909090909,9466.818181818182,3
learned+queue,throughput,60,9277.818181818182,135.44093891392072,9139.727272727272,9461.818181818182,3
learned+queue,throughput,61,9289.424242424242,128.28217290853078,9141.90909090909,9454.636363636364,3
learned+queue,throughput,62,9287.121212121212,125.70344946916943,9133.272727272728,9441.181818181818,3
learned+queue,throughput,63,9289.818181818182,124.0794866537755,9131.454545454546,9434.454545454546,3
learned+queue,throughput,64,9295.969696969696,140.91148254731468,9107.636363636364,9446.545454545454,3
learned+queue,throughput,65,9306.242424242424,137.63146649414782,9122.363636363636,9453.454545454546,3
learned+queue,throughput,66,9301.878787878786,133.02540889734126,9123.363636363636,9442.545454545454,3
learned+queue,throughput,67,9309.727272727272,119.70984203895584,9147.90909090909,9433.727272727272,3
learned+queue,throughput,68,9320.363636363638,128.59914870181638,9153.09090909091,9465.818181818182,3
learned+queue,throughput,69,9324.30303030303,130.71377123630512,9159.09090909091,9478.727272727272,3
learned+queue,throughput,70,9329.575757575758,138.36981496445162,9149.363636363636,9485.727272727272,3
learned+queue,throughput,71,9333.515151515152,129.93879324827233,9170.636363636364,9488.636363636364,3
learned+queue,throughput,72,9340.0,116.81059991902963,9210.0,9493.272727272728,3
learned+queue,throughput,73,9337.878787878788,102.24775003642623,9228.454545454546,9474.454545454546,3
learned+queue,throughput,74,9334.818181818182,88.91302587809541,9247.181818181818,9456.727272727272,3
learned+queue,throughput,75,9324.787878787878,74.33660075092833,9263.181818181818,9429.363636363636,3
learned+queue,throughput,76,9312.242424242424,81.73603058658644,9240.181818181818,9426.545454545454,3
learned+queue,throughput,77,9322.181818181818,71.3987753674177,9258.181818181818,9421.818181818182,3
learned+queue,throughput,78,9311.121212121212,84.38989707962226,9230.181818181818,9427.545454545454,3
learned+queue,throughput,79,9290.515151515152,80.9836678202905,9200.454545454546,9396.818181818182,3
learned+queue,throughput,80,9292.030303030304,74.71087829205216,9202.272727272728,9385.181818181818,3
learned+queue,throughput,81,9288.060606060606,72.79577581867804,9206.545454545454,9383.272727272728,3
learned+queue,throughput,82,9281.969696969696,70.38349627072485,9187.545454545454,9356.454545454546,3
learned+queue,throughput,83,9279.939393939394,73.89745457368674,9177.272727272728,9348.181818181818,3
learned+queue,throughput,84,9296.181818181818,80.91893028356799,9184.636363636364,9374.09090909091,3
learned+queue,throughput,85,9308.727272727272,85.85852287579401,9193.181818181818,9398.818181818182,3
learned+queue,throughput,86,9322.484848484848,91.9423203225767,9197.0,9414.727272727272,3
learned+queue,throughput,87,9338.515151515152,84.46240082635465,9224.90909090909,9427.272727272728,3
learned+queue,throughput,88,9346.727272727272,95.63264769828932,9220.0,9451.0,3
learned+queue,throughput,89,9369.09090909091,80.6043631628062,9260.727272727272,9453.90909090909,3
learned+queue,throughput,90,9395.30303030303,74.4702256524286,9299.181818181818,9480.636363636364,3
learned+queue,throughput,91,9413.212121212122,61.915535344436215,9335.727272727272,9487.272727272728,3
learned+queue,throughput,92,9418.757575757576,59.54058889828399,9341.363636363636,9486.181818181818,3
learned+queue,throughput,93,9433.272727272728,57.71646283899145,9369.181818181818,9509.09090909091,3
learned+queue,throughput,94,9446.545454545456,60.55942144844856,9388.454545454546,9530.09090909091,3
learned+queue,throughput,95,9457.69696969697,53.92303122602029,9400.363636363636,9529.90909090909,3
learned+queue,throughput,96,9457.969696969696,49.73208293910305,9397.09090909091,9518.90909090909,3
learned+queue,throughput,97,9458.30303030303,51.07210553001613,9398.727272727272,9523.454545454546,3
learned+queue,throughput,98,9449.727272727272,47.842775102167494,9391.545454545454,9508.727272727272,3
learned+queue,throughput,99,9441.69696969697,46.39098025121366,9382.181818181818,9495.363636363636,3
learned+queue,throughput,100,9420.848484848486,52.10512436706851,9355.727272727272,9483.272727272728,3
learned+queue,throughput,101,9404.424242424242,52.86410319673675,9343.818181818182,9472.636363636364,3
learned+queue,throughput,102,9383.606060606062,67.44434838115282,9309.454545454546,9472.636363636364,3
learned+queue,throughput,103,9368.454545454546,76.65844967344442,9284.636363636364,9469.90909090909,3
learned+queue,throughput,104,9347.848484848486,81.175941737611,9263.272727272728,9457.363636363636,3
learned+queue,throughput,105,9336.939393939394,92.86936034016198,9242.90909090909,9463.363636363636,3
learned+queue,throughput,106,9321.121212121212,107.55346760110089,9222.545454545454,9470.727272727272,3
learned+queue,throughput,107,9312.545454545454,119.42633770546999,9206.272727272728,9479.363636363636,3
learned+queue,throughput,108,9303.818181818182,118.0750800038111,9211.181818181818,9470.454545454546,3
learned+queue,throughput,109,9295.636363636362,122.46686176841838,9203.90909090909,9468.727272727272,3
learned+queue,throughput,110,9295.121212121214,123.41679106137089,9193.454545454546,9468.818181818182,3
learned+queue,throughput,111,9299.363636363638,140.0465093938024,9174.818181818182,9495.0,3
learned+queue,throughput,112,9299.424242424242,150.07220178431774,9165.636363636364,9509.0,3
learned+queue,throughput,113,9298.818181818182,137.65043361093407,9166.818181818182,9488.727272727272,3
learned+queue,throughput,114,9297.90909090909,142.33582684379192,9148.545454545454,9489.454545454546,3
learned+queue,throughput,115,9295.969696969696,153.58678298659908,9131.363636363636,9501.0,3
learned+queue,throughput,116,9284.969696969698,145.88799683891497,9124.09090909091,9477.272727272728,3
learned+queue,throughput,117,9279.242424242424,143.17311822214023,9119.727272727272,9467.0,3
learned+queue,throughput,118,9275.878787878788,143.74499791672372,9105.818181818182,9457.363636363636,3
learned+queue,throughput,119,9285.848484848486,135.56628162113304,9134.818181818182,9463.636363636364,3
learned+queue,throughput,120,9293.818181818182,135.35642164870725,9144.454545454546,9472.181818181818,3
learned+queue,throughput,121,9291.39393939394,125.75480829375508,9163.272727272728,9462.272727272728,3
learned+queue,throughput,122,9289.818181818182,117.69980959654694,9182.363636363636,9453.636363636364,3
learned+queue,throughput,123,9293.333333333334,101.23072773990721,9218.818181818182,9436.454545454546,3
learned+queue,throughput,124,9297.393939393938,104.45641355328557,9211.0,9444.363636363636,3
learned+queue,throughput,125,9304.484848484848,99.63750644482086,9219.818181818182,9444.363636363636,3
learned+queue,throughput,126,9314.969696969698,80.57302809148409,9238.181818181818,9426.272727272728,3
learned+queue,throughput,127,9321.151515151514,81.48194659966883,9236.90909090909,9431.363636363636,3
learned+queue,throughput,128,9335.666666666666,62.68177240129884,9265.454545454546,9417.636363636364,3
learned+queue,throughput,129,9349.09090909091,58.18484840593876,9272.727272727272,9413.818181818182,3
learned+queue,throughput,130,9358.69696969697,56.36096442021249,9284.818181818182,9421.545454545454,3
learned+queue,throughput,131,9364.51515151515,51.98200225376454,9292.90909090909,9414.727272727272,3
learned+queue,throughput,132,9378.666666666666,45.41582188917861,9317.09090909091,9425.272727272728,3
learned+queue,throughput,133,9395.363636363638,29.424507691592144,9353.818181818182,9418.181818181818,3
learned+queue,throughput,134,9404.757575757576,28.627207129973836,9364.272727272728,9425.09090909091,3
learned+queue,throughput,135,9431.636363636362,24.621878778853244,9398.181818181818,9456.727272727272,3
learned+queue,throughput,136,9456.727272727272,33.507204932210634,9418.90909090909,9500.363636363636,3
learned+queue,throughput,137,9470.333333333334,46.90464703717809,9415.636363636364,9530.181818181818,3
learned+queue,throughput,138,9493.181818181818,41.02596100743988,9454.272727272728,9549.90909090909,3
learned+queue,throughput,139,9497.484848484848,34.88748805479087,9465.454545454546,9546.0,3
learned+queue,throughput,140,9514.757575757576,24.161341676086405,9493.454545454546,9548.545454545454,3
learned+queue,throughput,141,9512.363636363638,32.143274298749226,9486.181818181818,9557.636363636364,3
learned+queue,throughput,142,9521.333333333334,36.62822928971478,9493.636363636364,9573.09090909091,3
learned+queue,throughput,143,9522.09090909091,34.577576772050286,9492.727272727272,9570.636363636364,3
learned+queue,throughput,144,9516.39393939394,23.572095999836904,9492.454545454546,9548.454545454546,3
learned+queue,throughput,145,9512.727272727272,13.523370241907827,9500.363636363636,9531.545454545454,3
learned+queue,throughput,146,9498.121212121212,22.326445218765024,9478.545454545454,9529.363636363636,3
learned+queue,throughput,147,9488.575757575758,27.3088985722691,9457.818181818182,9524.181818181818,3
learned+queue,throughput,148,9488.181818181818,17.062355257763773,9466.636363636364,9508.363636363636,3
learned+queue,throughput,149,9483.09090909091,20.9205502195236,9453.727272727272,9500.90909090909,3
learned+queue,throughput,150,9489.69696969697,26.932967839758792,9451.636363636364,9510.0,3
learned+queue,throughput,151,9478.272727272728,29.397250672595746,9436.818181818182,9501.727272727272,3
learned+queue,throughput,152,9474.393939393938,25.12912475450515,9443.90909090909,9505.454545454546,3
learned+queue,throughput,153,9470.272727272728,21.60616685765842,9443.454545454546,9496.363636363636,3
learned+queue,throughput,154,9467.545454545454,8.610327580692722,9457.0,9478.09090909091,3
learned+queue,throughput,155,9464.454545454546,6.871909523259528,9454.818181818182,9470.363636363636,3
learned+queue,throughput,156,9449.484848484848,5.9863634446205936,9444.545454545454,9457.90909090909,3
learned+queue,throughput,157,9444.575757575758,4.035881307063242,9440.0,9449.818181818182,3
learned+queue,throughput,158,9434.575757575758,8.705254210668693,9424.363636363636,9445.636363636364,3
learned+queue,throughput,159,9425.09090909091,18.419506967196522,9404.181818181818,9449.0,3
learned+queue,throughput,160,9404.939393939394,20.916248226033854,9383.636363636364,9433.363636363636,3
learned+queue,throughput,161,9382.484848484848,24.828262281060415,9358.636363636364,9416.727272727272,3
learned+queue,throughput,162,9385.545454545454,20.336155699889627,9370.0,9414.272727272728,3
learned+queue,throughput,163,9393.333333333334,32.68855734734857,9367.545454545454,9439.454545454546,3
learned+queue,throughput,164,9389.121212121212,29.11498372519942,9361.454545454546,9429.363636363636,3
learned+queue,throughput,165,9399.878787878788,8.637267363667114,9388.09090909091,9408.545454545454,3
learned+queue,throughput,166,9409.030303030304,13.110325107565862,9396.09090909091,9427.0,3
learned+queue,throughput,167,9431.181818181818,9.04016138718412,9422.454545454546,9443.636363636364,3
learned+queue,throughput,168,9443.030303030302,4.4907823153087065,9437.545454545454,9448.545454545454,3
learned+queue,throughput,169,9460.121212121212,1.9318033273341786,9457.818181818182,9462.545454545454,3
learned+queue,throughput,170,9474.272727272728,16.92976904419564,9459.636363636364,9498.0,3
learned+queue,throughput,171,9494.424242424242,26.430045234405604,9465.454545454546,9529.363636363636,3
learned+queue,throughput,172,9518.181818181818,30.864495458208484,9489.09090909091,9560.90909090909,3
learned+queue,throughput,173,9526.272727272728,32.732911972062155,9495.272727272728,9571.545454545454,3
learned+queue,throughput,174,9528.575757575758,55.56146341406621,9460.90909090909,9597.0,3
learned+queue,throughput,175,9545.90909090909,56.654236199413276,9486.727272727272,9622.272727272728,3
learned+queue,throughput,176,9547.787878787878,59.78908444621335,9494.0,9631.181818181818,3
learned+queue,throughput,177,9552.878787878788,64.56040515426082,9497.636363636364,9643.454545454546,3
learned+queue,throughput,178,9560.575757575758,66.84426756663362,9509.454545454546,9655.0,3
learned+queue,throughput,179,9564.272727272728,77.4501705977447,9506.0,9673.727272727272,3
learned+queue,throughput,180,9567.878787878788,82.38491708935612,9505.181818181818,9684.272727272728,3
learned+queue,throughput,181,9568.757575757576,80.63249737351882,9497.818181818182,9681.545454545454,3
learned+queue,throughput,182,9580.060606060606,65.39443086848826,9516.727272727272,9670.09090909091,3
learned+queue,throughput,183,9581.606060606062,64.7447343374432,9510.454545454546,9667.09090909091,3
learned+queue,throughput,184,9581.09090909091,66.7483246454567,9504.90909090909,9667.454545454546,3
learned+queue,throughput,185,9591.333333333334,52.4796869181457,9553.454545454546,9665.545454545454,3
learned+queue,throughput,186,9576.121212121214,57.289287328504315,9533.181818181818,9657.09090909091,3
learned+queue,throughput,187,9594.666666666666,52.22785074097058,9548.272727272728,9667.636363636364,3
learned+queue,throughput,188,9592.787878787878,49.80017000940845,9542.272727272728,9660.545454545454,3
learned+queue,throughput,189,9596.393939393938,36.11927999713544,9566.272727272728,9647.181818181818,3
learned+queue,throughput,190,9606.666666666666,27.792653500761794,9571.727272727272,9639.727272727272,3
learned+queue,throughput,191,9613.666666666666,25.33927724962748,9578.09090909091,9635.181818181818,3
learned+queue,throughput,192,9636.69696969697,19.41405207097419,9609.272727272728,9651.545454545454,3
learned+queue,throughput,193,9643.393939393938,5.3455438733689835,9636.0,9648.454545454546,3
learned+queue,throughput,194,9646.848484848486,6.336015091206184,9641.363636363636,9655.727272727272,3
learned+queue,throughput,195,9663.0,12.668913821258236,9647.90909090909,9678.90909090909,3
learned+queue,throughput,196,9663.151515151514,27.703400884536638,9632.545454545454,9699.636363636364,3
learned+queue,throughput,197,9691.09090909091,39.0777990701277,9639.272727272728,9733.636363636364,3
learned+queue,throughput,198,9680.969696969696,60.59145278500004,9598.363636363636,9742.0,3
learned+queue,throughput,199,9691.757575757576,68.31805916774914,9595.272727272728,9744.363636363636,3
learned+queue,throughput,200,9703.90909090909,72.05786624758149,9602.363636363636,9762.09090909091,3
learned+queue,throughput,201,9705.727272727274,68.81780152811157,9608.636363636364,9760.09090909091,3
learned+queue,throughput,202,9703.09090909091,67.19655802545444,9610.818181818182,9768.90909090909,3
learned+queue,throughput,203,9685.09090909091,60.47429615851474,9604.181818181818,9749.545454545454,3
learned+queue,throughput,204,9682.333333333334,40.26696951339225,9626.636363636364,9720.454545454546,3
learned+queue,throughput,205,9686.21212121212,43.072898251917564,9625.90909090909,9723.818181818182,3
learned+queue,throughput,206,9667.060606060606,50.02987170124052,9606.0,9728.545454545454,3
learned+queue,throughput,207,9665.848484848484,54.725829706805314,9599.90909090909,9733.90909090909,3
learned+queue,throughput,208,9645.060606060606,53.461880208662144,9585.818181818182,9715.363636363636,3
learned+queue,throughput,209,9634.363636363636,42.81441790057713,9603.545454545454,9694.90909090909,3
learned+queue,throughput,210,9621.424242424242,57.297846022877366,9580.545454545454,9702.454545454546,3
learned+queue,throughput,211,9592.121212121212,74.07480149627567,9525.545454545454,9695.454545454546,3
learned+queue,throughput,212,9575.363636363638,83.16984513930468,9505.727272727272,9692.272727272728,3
learned+queue,throughput,213,9557.242424242424,101.20040759653241,9466.90909090909,9698.545454545454,3
learned+queue,throughput,214,9555.09090909091,120.30267155125541,9425.0,9715.09090909091,3
learned+queue,throughput,215,9548.181818181818,136.21472677590185,9386.727272727272,9719.90909090909,3
learned+queue,throughput,216,9535.242424242424,142.39667044528335,9366.09090909091,9714.454545454546,3
learned+queue,throughput,217,9537.90909090909,135.46005683316778,9361.454545454546,9690.727272727272,3
learned+queue,throughput,218,9543.484848484848,144.55338902052299,9346.727272727272,9689.90909090909,3
learned+queue,throughput,219,9554.121212121212,160.2472320830109,9333.181818181818,9708.272727272728,3
learned+queue,throughput,220,9567.818181818182,186.11541488657534,9312.09090909091,9749.636363636364,3
learned+queue,throughput,221,9582.151515151514,185.39666852875524,9322.90909090909,9745.727272727272,3
learned+queue,throughput,222,9593.242424242424,193.65275692925016,9321.09090909091,9755.818181818182,3
learned+queue,throughput,223,9601.545454545454,195.88554312534035,9324.636363636364,9746.90909090909,3
learned+queue,throughput,224,9622.818181818182,182.24645015758512,9365.09090909091,9753.454545454546,3
learned+queue,throughput,225,9631.69696969697,173.5129552459992,9386.454545454546,9761.545454545454,3
learned+queue,throughput,226,9641.181818181818,177.8231238081304,9389.727272727272,9770.0,3
learned+queue,throughput,227,9658.969696969696,177.96276475206898,9407.545454545454,9794.454545454546,3
learned+queue,throughput,228,9668.60606060606,185.5685082605203,9406.181818181818,9801.727272727272,3
learned+queue,throughput,229,9663.727272727274,172.01971505948364,9421.09090909091,9800.272727272728,3
learned+queue,throughput,230,9660.575757575758,165.26044781087776,9428.09090909091,9797.545454545454,3
learned+queue,throughput,231,9651.545454545454,148.767350308817,9441.181818181818,9759.545454545454,3
learned+queue,throughput,232,9638.30303030303,143.63648510415484,9435.636363636364,9751.545454545454,3
learned+queue,throughput,233,9638.121212121212,143.29805447060218,9440.181818181818,9774.727272727272,3
learned+queue,throughput,234,9625.454545454546,147.41009306417908,9424.272727272728,9773.363636363636,3
learned+queue,throughput,235,9611.393939393938,142.20259348592424,9420.545454545454,9761.727272727272,3
learned+queue,throughput,236,9593.575757575758,139.70197190807522,9411.363636363636,9750.818181818182,3
learned+queue,throughput,237,9569.333333333334,114.33654189170628,9431.09090909091,9711.09090909091,3
learned+queue,throughput,238,9556.818181818182,94.8074168037064,9452.636363636364,9682.0,3
learned+queue,throughput,239,9538.757575757576,92.68389755966399,9468.727272727272,9669.727272727272,3
learned+queue,throughput,240,9526.181818181818,100.467200628881,9432.545454545454,9665.545454545454,3
learned+queue,throughput,241,9505.969696969698,113.4847554314462,9373.454545454546,9650.636363636364,3
learned+queue,throughput,242,9492.151515151514,111.0772280752349,9351.09090909091,9622.545454545454,3
learned+queue,throughput,243,9501.757575757576,119.87884915891453,9338.0,9621.636363636364,3
learned+queue,throughput,244,9485.424242424242,116.5306881708982,9320.818181818182,9574.636363636364,3
learned+queue,throughput,245,9485.5,121.95362506570518,9314.1,9587.8,3
learned+queue,throughput,246,9478.185185185184,138.99357042693555,9285.777777777777,9609.222222222223,3
learned+queue,throughput,247,9478.833333333334,150.96634328735513,9276.375,9638.75,3
learned+queue,throughput,248,9482.428571428572,152.14618820408887,9275.857142857143,9637.857142857143,3
learned+queue,throughput,249,9465.555555555557,148.9706864859619,9263.333333333334,9617.833333333334,3
learned+queuePress0.2/0,travel_time,0,1585.9725666666666,4.337502986422267,1582.5424333333333,1592.0917833333333,3
learned+queuePress0.2/0,travel_time,1,1583.5107333333333,5.144399309655842,1579.457442857143,1590.7695285714285,3
learned+queuePress0.2/0,travel_time,2,1581.2106375,4.3070140629244875,1577.38985,1587.2291625,3
learned+queuePress0.2/0,travel_time,3,1579.021877777778,4.149113070804527,1575.2295555555554,1584.7957222222221,3
learned+queuePress0.2/0,travel_time,4,1577.09523,4.079746382125548,1572.22244,1582.20715,3
learned+queuePress0.2/0,travel_time,5,1574.6310181818183,3.6508831133703206,1569.9782454545455,1578.8957545454543,3
learned+queuePress0.2/0,travel_time,6,1570.4106606060607,4.534545451351925,1564.629290909091,1575.7044636363637,3
learned+queuePress0.2/0,travel_time,7,1564.7496878787879,3.960609018159768,1559.2054363636364,1568.2114454545454,3
learned+queuePress0.2/0,travel_time,8,1560.1047333333336,3.9917979309875284,1554.4596363636365,1562.9638363636366,3
learned+queuePress0.2/0,travel_time,9,1555.322103030303,4.689548366656846,1548.9189181818183,1560.0194272727274,3
learned+queuePress0.2/0,travel_time,10,1549.8933848484849,6.696222789928583,1540.891190909091,1556.9399636363635,3
learned+queuePress0.2/0,travel_time,11,1544.3206272727273,8.195338925892488,1533.6631727272727,1553.593890909091,3
learned+queuePress0.2/0,travel_time,12,1538.0424727272728,10.445566798995985,1524.7929272727272,1550.3242727272727,3
learned+queuePress0.2/0,travel_time,13,1532.186621212121,10.60630258279543,1518.134909090909,1543.7569818181817,3
learned+queuePress0.2/0,travel_time,14,1525.546903030303,12.114309050659593,1509.714190909091,1539.1314727272727,3
learned+queuePress0.2/0,travel_time,15,1518.7024484848487,11.70049712805166,1503.3963454545453,1531.800209090909,3
learned+queuePress0.2/0,travel_time,16,1512.6537454545457,12.354680677896267,1496.2659454545455,1526.0952363636366,3
learned+queuePress0.2/0,travel_time,17,1505.6033727272727,12.81465013684765,1488.3981363636362,1519.136281818182,3
learned+queuePress0.2/0,travel_time,18,1498.8761303030303,13.85064556790131,1479.7093181818182,1511.957472727273,3
learned+queuePress0.2/0,travel_time,19,1491.1300696969695,14.987536575744377,1470.6169181818182,1506.0069636363637,3
learned+queuePress0.2/0,travel_time,20,1482.5974999999999,14.726794515026823,1462.402209090909,1497.1031363636364,3
learned+queuePress0.2/0,travel_time,21,1475.0012757575757,14.374793155403218,1455.7117818181816,1490.2037727272727,3
learned+queuePress0.2/0,travel_time,22,1466.8878848484849,14.142985634674462,1448.2618,1482.5126454545455,3
learned+queuePress0.2/0,travel_time,23,1459.1262060606061,13.45584538572094,1442.1465636363637,1475.0563545454547,3
learned+queuePress0.2/0,travel_time,24,1450.7317484848484,15.039246955404304,1432.3639,1469.2019545454546,3
learned+queuePress0.2/0,travel_time,25,1443.0022636363638,14.643663823094373,1425.5472545454545,1461.3810545454546,3
learned+queuePress0.2/0,travel_time,26,1434.7499848484847,15.66612186929843,1415.5339818181817,1453.9078545454545,3
learned+queuePress0.2/0,travel_time,27,1426.3046757575758,15.608561224851426,1407.217881818182,1445.4507545454546,3
learned+queuePress0.2/0,travel_time,28,1419.5898545454547,16.12111153185075,1399.8328909090908,1439.3213636363637,3
learned+queuePress0.2/0,travel_time,29,1412.0253242424242,16.473755855585576,1392.2586272727274,1432.5874000000001,3
learned+queuePress0.2/0,travel_time,30,1404.878633333333,16.175153385601465,1384.8022909090907,1424.412,3
learned+queuePress0.2/0,travel_time,31,1398.8015636363637,17.135967691610887,1377.3166727272728,1419.2528545454545,3
learned+queuePress0.2/0,travel_time,32,1391.5463151515153,16.82569425250915,1369.5573181818181,1410.4160272727274,3
learned+queuePress0.2/0,travel_time,33,1385.8285363636362,16.62917429071464,1363.4448454545454,1403.2671363636364,3
learned+queuePress0.2/0,travel_time,34,1380.1850727272729,17.009721766353486,1356.6111727272728,1396.1192363636364,3
learned+queuePress0.2/0,travel_time,35,1374.8304757575759,17.27904291641759,1350.5230454545454,1389.1543545454545,3
learned+queuePress0.2/0,travel_time,36,1369.3063484848483,18.687497134236903,1342.887009090909,1383.105681818182,3
learned+queuePress0.2/0,travel_time,37,1364.1436575757577,18.8030924929263,1337.5534363636364,1377.672290909091,3
learned+queuePress0.2/0,travel_time,38,1360.2891848484849,19.729207007754816,1332.3900727272726,1374.5421727272728,3
learned+queuePress0.2/0,travel_time,39,1354.2186636363638,19.431983325243976,1326.7379818181819,1368.0688181818182,3
learned+queuePress0.2/0,travel_time,40,1350.0044090909091,18.302338194906074,1324.1450363636363,1363.9000181818183,3
learned+queuePress0.2/0,travel_time,41,1346.1906272727272,16.681139415514604,1322.6662,1359.4830727272727,3
learned+queuePress0.2/0,travel_time,42,1341.888703030303,14.934665362775599,1320.9084636363636,1354.4856,3
learned+queuePress0.2/0,travel_time,43,1339.044496969697,13.948784327328426,1319.7241636363635,1352.1537818181819,3
learned+queuePress0.2/0,travel_time,44,1336.065090909091,12.226059016614558,1319.2006909090908,1347.8001363636363,3
learned+queuePress0.2/0,travel_time,45,1332.9308424242424,10.661022150438503,1318.1759909090908,1342.9928272727273,3
learned+queuePress0.2/0,travel_time,46,1329.818003030303,7.426395205274386,1319.6424,1337.1574363636364,3
learned+queuePress0.2/0,travel_time,47,1327.390403030303,4.613557182436473,1322.0892999999999,1333.3350545454546,3
learned+queuePress0.2/0,travel_time,48,1325.6085363636364,4.071515421457089,1322.427181818182,1331.3555454545456,3
learned+queuePress0.2/0,travel_time,49,1322.6009666666666,3.811463190274516,1317.2983636363635,1326.0905272727273,3
learned+queuePress0.2/0,travel_time,50,1321.9139606060605,5.443217039487902,1314.4449181818181,1327.2618545454545,3
learned+queuePress0.2/0,travel_time,51,1321.2748212121212,6.031187418881322,1314.4152727272726,1329.0946727272728,3
learned+queuePress0.2/0,travel_time,52,1318.8767636363636,6.3940775539690025,1311.7188,1327.2410363636363,3
learned+queuePress0.2/0,travel_time,53,1318.1562818181817,7.595272068718212,1309.2565545454545,1327.8146363636363,3
learned+queuePress0.2/0,travel_time,54,1317.5254757575758,7.873946445533291,1310.1362,1328.4345090909092,3
learned+queuePress0.2/0,travel_time,55,1316.2959,7.237055956207465,1310.3554454545454,1326.4838636363636,3
learned+queuePress0.2/0,travel_time,56,1315.1133333333335,7.195088799955739,1308.1936636363635,1325.0340181818183,3
learned+queuePress0.2/0,travel_time,57,1315.3833545454545,5.465188226505132,1309.288618181818,1322.5469181818182,3
learned+queuePress0.2/0,travel_time,58,1314.515790909091,3.553989310340849,1310.848309090909,1319.3258454545455,3
learned+queuePress0.2/0,travel_time,59,1314.055493939394,3.0479445685249518,1310.642781818182,1318.0422,3
learned+queuePress0.2/0,travel_time,60,1314.1486606060605,0.6853271845480877,1313.1803,1314.6677454545454,3
learned+queuePress0.2/0,travel_time,61,1313.1017454545456,1.7729742855565926,1311.1769181818183,1315.4557181818182,3
learned+queuePress0.2/0,travel_time,62,1312.734212121212,4.506804494621993,1307.697681818182,1318.6350727272727,3
learned+queuePress0.2/0,travel_time,63,1313.2129969696969,4.457800932301582,1308.1941727272729,1319.0264272727272,3
learned+queuePress0.2/0,travel_time,64,1312.3430515151515,6.044203989208029,1304.6166363636364,1319.3725636363636,3
learned+queuePress0.2/0,travel_time,65,1311.2793909090908,7.8578382065718415,1302.335590909091,1321.4631,3
learned+queuePress0.2/0,travel_time,66,1310.1057696969694,9.71444978992119,1298.3823818181818,1322.1704818181818,3
learned+queuePress0.2/0,travel_time,67,1309.0181303030301,9.325550538134536,1297.7165545454545,1320.5557363636362,3
learned+queuePress0.2/0,travel_time,68,1307.500178787879,8.685066123172248,1296.7172181818182,1317.9849272727272,3
learned+queuePress0.2/0,travel_time,69,1307.1297333333332,10.758478063943762,1293.8005545454546,1320.1478272727272,3
learned+queuePress0.2/0,travel_time,70,1305.4017212121212,11.151428440838787,1292.0348,1319.3326363636363,3
learned+queuePress0.2/0,travel_time,71,1304.0789454545454,12.150318290109308,1290.5239454545454,1320.0020363636363,3
learned+queuePress0.2/0,travel_time,72,1304.2494575757576,11.37514347075169,1291.4534818181817,1319.0906727272727,3
learned+queuePress0.2/0,travel_time,73,1301.7433757575757,11.691335103139465,1288.1612,1316.6998999999998,3
learned+queuePress0.2/0,travel_time,74,1301.713506060606,13.166565035847983,1285.9535454545455,1318.181581818182,3
learned+queuePress0.2/0,travel_time,75,1301.661587878788,13.416693243612086,1286.0865545454546,1318.8339454545455,3
learned+queuePress0.2/0,travel_time,76,1300.3949606060605,12.097814568458254,1285.9195909090909,1315.5309636363636,3
learned+queuePress0.2/0,travel_time,77,1300.6045636363635,12.76903144211622,1287.7182818181818,1318.0035272727273,3
learned+queuePress0.2/0,travel_time,78,1301.3061454545455,14.34604256628116,1288.243609090909,1321.281409090909,3
learned+queuePress0.2/0,travel_time,79,1301.2301484848483,16.139334201212222,1289.2268545454544,1324.044227272727,3
learned+queuePress0.2/0,travel_time,80,1301.4582242424242,15.83451248221376,1289.8133818181818,1323.8455454545453,3
learned+queuePress0.2/0,travel_time,81,1300.5840878787878,17.486030836715074,1287.6433,1325.3039727272726,3
learned+queuePress0.2/0,travel_time,82,1300.3162363636363,17.44264841650699,1286.2117272727273,1324.8946454545455,3
learned+queuePress0.2/0,travel_time,83,1298.028121212121,17.55791573042526,1281.7578454545453,1322.4076181818182,3
learned+queuePress0.2/0,travel_time,84,1298.2559303030303,17.30843910420384,1282.7202545454545,1322.4053181818183,3
learned+queuePress0.2/0,travel_time,85,1296.3959575757574,18.366747239092277,1281.4965545454545,1322.2715090909091,3
learned+queuePress0.2/0,travel_time,86,1295.3762545454547,18.22966419779907,1279.726890909091,1320.9436545454546,3
learned+queuePress0.2/0,travel_time,87,1294.981909090909,18.494792713001956,1278.1047454545455,1320.725318181818,3
learned+queuePress0.2/0,travel_time,88,1293.658209090909,17.72114296402634,1276.3318,1318.0027727272727,3
learned+queuePress0.2/0,travel_time,89,1291.8586424242424,16.105032006398712,1274.3082909090908,1313.205490909091,3
learned+queuePress0.2/0,travel_time,90,1291.9700030303031,16.04711454471669,1272.9190272727274,1312.175381818182,3
learned+queuePress0.2/0,travel_time,91,1290.7221575757576,15.096267162612653,1272.7539272727272,1309.691409090909,3
learned+queuePress0.2/0,travel_time,92,1290.8229696969697,15.286522260572992,1271.2797454545455,1308.5985454545455,3
learned+queuePress0.2/0,travel_time,93,1289.8804303030304,14.373194364196912,1271.1520090909091,1306.086990909091,3
learned+queuePress0.2/0,travel_time,94,1290.1650787878787,13.976030121688039,1271.2301181818182,1304.5411818181817,3
learned+queuePress0.2/0,travel_time,95,1290.8375454545455,13.574120440034111,1271.8485818181819,1302.7712000000001,3
learned+queuePress0.2/0,travel_time,96,1290.2729727272729,13.079923969248545,1271.8893363636364,1301.2418818181818,3
learned+queuePress0.2/0,travel_time,97,1289.3023818181819,14.310634074835969,1269.7020818181818,1303.4686,3
learned+queuePress0.2/0,travel_time,98,1288.5306303030304,14.20911047893597,1269.6790545454546,1303.9823454545456,3
learned+queuePress0.2/0,travel_time,99,1286.7223515151516,14.881984139394826,1267.786809090909,1304.1458818181818,3
learned+queuePress0.2/0,travel_time,100,1286.1883666666665,15.23656991064239,1267.7259454545454,1305.0416272727273,3
learned+queuePress0.2/0,travel_time,101,1282.7508333333333,14.40435438018434,1266.8969727272727,1301.7556454545454,3
learned+queuePress0.2/0,travel_time,102,1280.0431727272728,14.550092167305367,1265.5208363636364,1299.9290818181819,3
learned+queuePress0.2/0,travel_time,103,1277.3042030303031,13.887316614573415,1266.017090909091,1296.8667090909091,3
learned+queuePress0.2/0,travel_time,104,1274.9394121212122,14.994190775567802,1264.2133545454546,1296.1439181818182,3
learned+queuePress0.2/0,travel_time,105,1271.7345575757574,13.936619819484745,1261.5706545454545,1291.4406454545453,3
learned+queuePress0.2/0,travel_time,106,1267.6727454545455,13.729987613300178,1257.8800363636365,1287.0896363636364,3
learned+queuePress0.2/0,travel_time,107,1265.062790909091,13.90292981515103,1254.3003090909092,1284.694081818182,3
learned+queuePress0.2/0,travel_time,108,1261.9844,12.99991948085252,1251.7754181818182,1280.3300909090908,3
learned+queuePress0.2/0,travel_time,109,1261.2652333333333,11.069165325998611,1250.0349363636362,1276.3249545454546,3
learned+queuePress0.2/0,travel_time,110,1260.020887878788,11.213287905468587,1248.2878363636364,1275.1263727272728,3
learned+queuePress0.2/0,travel_time,111,1257.6568848484849,11.097774137872138,1245.3516818181818,1272.2461545454544,3
learned+queuePress0.2/0,travel_time,112,1259.4196757575758,12.176274269155737,1244.5508545454545,1274.3761272727272,3
learned+queuePress0.2/0,travel_time,113,1260.153793939394,12.130229647551317,1244.5732363636364,1274.1608545454546,3
learned+queuePress0.2/0,travel_time,114,1262.1806575757576,11.27622717843796,1247.1343272727272,1274.2794,3
learned+queuePress0.2/0,travel_time,115,1263.455809090909,11.358442612241822,1247.7652545454546,1274.2803818181817,3
learned+queuePress0.2/0,travel_time,116,1265.7151545454547,10.45543207126086,1251.3188727272727,1275.8346636363638,3
learned+queuePress0.2/0,travel_time,117,1266.7967575757575,11.174447376679387,1251.1563090909092,1276.5752181818182,3
learned+queuePress0.2/0,travel_time,118,1268.8944242424243,10.875631165406912,1253.7912272727272,1278.9637818181818,3
learned+queuePress0.2/0,travel_time,119,1269.528915151515,9.998277053524033,1255.9009,1279.607309090909,3
learned+queuePress0.2/0,travel_time,120,1269.0525363636364,10.855756832856231,1254.906118181818,1281.2910454545454,3
learned+queuePress0.2/0,travel_time,121,1268.9337151515153,10.062573897152928,1256.5392727272729,1281.186218181818,3
learned+queuePress0.2/0,travel_time,122,1269.0064212121213,10.140011152468853,1256.9976272727274,1281.798409090909,3
learned+queuePress0.2/0,travel_time,123,1267.5465272727272,11.052693985286849,1255.6986818181817,1282.3002,3
learned+queuePress0.2/0,travel_time,124,1267.8978,11.445453480922719,1257.3094545454546,1283.7944636363636,3
learned+queuePress0.2/0,travel_time,125,1267.2519848484847,11.688904110439402,1257.3133454545455,1283.6608545454544,3
learned+queuePress0.2/0,travel_time,126,1266.108293939394,11.853197230202843,1257.657490909091,1282.8710545454544,3
learned+queuePress0.2/0,travel_time,127,1263.9438393939392,13.150324582279401,1254.5388363636364,1282.5408,3
learned+queuePress0.2/0,travel_time,128,1264.0959878787878,13.320382886068886,1252.1719090909091,1282.6878,3
learned+queuePress0.2/0,travel_time,129,1262.3473575757578,12.335617250443555,1250.9281,1279.4785272727274,3
learned+queuePress0.2/0,travel_time,130,1263.5581181818181,11.288473814700613,1251.7652818181816,1278.7734,3
learned+queuePress0.2/0,travel_time,131,1264.1741151515153,12.35641249539386,1249.468781818182,1279.7021272727272,3
learned+queuePress0.2/0,travel_time,132,1266.044593939394,13.088200709423532,1251.539390909091,1283.2546454545454,3
learned+queuePress0.2/0,travel_time,133,1268.3678303030304,13.875465276877254,1253.036618181818,1286.6404272727273,3
learned+queuePress0.2/0,travel_time,134,1268.4664636363634,15.201104218938807,1251.4855363636364,1288.3738636363635,3
learned+queuePress0.2/0,travel_time,135,1268.6629060606062,15.444106535294187,1251.3810818181819,1288.8703454545455,3
learned+queuePress0.2/0,travel_time,136,1269.1335454545454,16.54468113783288,1251.2316636363637,1291.1317727272728,3
learned+queuePress0.2/0,travel_time,137,1270.2644181818182,16.692877392876543,1251.3819454545455,1291.9762454545455,3
learned+queuePress0.2/0,travel_time,138,1271.349084848485,15.711131565790962,1252.8626000000002,1291.2669181818183,3
learned+queuePress0.2/0,travel_time,139,1270.8849515151514,15.90877245951292,1251.7750181818183,1290.7229818181818,3
learned+queuePress0.2/0,travel_time,140,1271.6041545454545,15.70679809289486,1252.9134545454544,1291.3441454545455,3
learned+queuePress0.2/0,travel_time,141,1271.4187909090908,15.96502747022935,1252.6157363636364,1291.6442272727272,3
learned+queuePress0.2/0,travel_time,142,1270.4768151515152,16.895697733677316,1253.0120181818181,1293.3312727272728,3
learned+queuePress0.2/0,travel_time,143,1268.6969787878788,16.28756341075987,1250.8160818181818,1290.212490909091,3
learned+queuePress0.2/0,travel_time,144,1268.0796393939393,16.491225606814048,1251.8634272727272,1290.7038272727273,3
learned+queuePress0.2/0,travel_time,145,1267.979606060606,15.855764256826621,1252.237390909091,1289.6798454545453,3
learned+queuePress0.2/0,travel_time,146,1267.2036121212122,15.039307925993668,1253.325,1288.1003272727273,3
learned+queuePress0.2/0,travel_time,147,1266.2951818181818,13.216312853592015,1254.4516636363637,1284.739109090909,3
learned+queuePress0.2/0,travel_time,148,1264.0158333333331,13.757916853887298,1253.8156454545453,1283.464709090909,3
learned+queuePress0.2/0,travel_time,149,1263.2300303030304,15.981587604539234,1251.8688181818181,1285.8313,3
learned+queuePress0.2/0,travel_time,150,1262.168184848485,16.05770994459713,1249.4906181818183,1284.8236636363638,3
learned+queuePress0.2/0,travel_time,151,1260.8107727272727,16.486366302067648,1248.2310636363636,1284.1010272727274,3
learned+queuePress0.2/0,travel_time,152,1260.7760545454546,18.95068757498488,1245.4692818181818,1287.4812090909093,3
learned+queuePress0.2/0,travel_time,153,1259.613724242424,18.29688441904153,1245.8450727272727,1285.4712454545454,3
learned+queuePress0.2/0,travel_time,154,1259.7427636363636,17.57142220954727,1244.5709909090908,1284.3725727272727,3
learned+queuePress0.2/0,travel_time,155,1258.2454575757577,15.481380408907643,1245.4785818181817,1280.0323,3
learned+queuePress0.2/0,travel_time,156,1256.3569,14.730574778428238,1244.1913272727272,1277.0849545454546,3
learned+queuePress0.2/0,travel_time,157,1253.6617212121212,14.095079848795832,1243.0530272727274,1273.581081818182,3
learned+queuePress0.2/0,travel_time,158,1252.5444303030301,15.437080769354544,1240.6335727272728,1274.3445363636363,3
learned+queuePress0.2/0,travel_time,159,1252.3093666666666,15.320997977554486,1240.0889454545454,1273.914590909091,3
learned+queuePress0.2/0,travel_time,160,1251.5169666666668,13.430108742545665,1241.2116181818183,1270.4863545454546,3
learned+queuePress0.2/0,travel_time,161,1250.4470242424243,12.698561951746097,1238.7618272727273,1268.0994636363637,3
learned+queuePress0.2/0,travel_time,162,1249.876884848485,13.16382487986837,1237.6212727272728,1268.1405636363636,3
learned+queuePress0.2/0,travel_time,163,1248.4714060606061,11.831012169794965,1237.4625454545455,1264.8874363636364,3
learned+queuePress0.2/0,travel_time,164,1247.4765393939394,12.22469011112429,1236.0928181818183,1264.4366181818182,3
learned+queuePress0.2/0,travel_time,165,1247.0359515151515,14.454272678608495,1233.268518181818,1267.0052454545455,3
learned+queuePress0.2/0,travel_time,166,1246.3140333333333,15.840197563837245,1230.2180181818183,1267.8548727272728,3
learned+queuePress0.2/0,travel_time,167,1246.710806060606,15.772234943992627,1230.6181363636365,1268.1330363636364,3
learned+queuePress0.2/0,travel_time,168,1248.2697363636364,16.74610049797633,1230.9695818181817,1270.9261090909092,3
learned+queuePress0.2/0,travel_time,169,1248.6484424242426,17.298481168182644,1229.7997181818182,1271.5783727272728,3
learned+queuePress0.2/0,travel_time,170,1248.1592454545455,17.607238507234232,1228.540381818182,1271.2482636363636,3
learned+queuePress0.2/0,travel_time,171,1248.4100878787879,17.79911885723444,1228.9385545454545,1271.9609727272727,3
learned+queuePress0.2/0,travel_time,172,1249.1752212121212,17.578024745567298,1232.8105363636364,1273.5633727272727,3
learned+queuePress0.2/0,travel_time,173,1248.494515151515,17.23570774117795,1233.605409090909,1272.6525454545454,3
learned+queuePress0.2/0,travel_time,174,1246.7237575757574,16.908991139073986,1231.615690909091,1270.3302272727271,3
learned+queuePress0.2/0,travel_time,175,1248.3068999999998,17.02305435729136,1234.4751818181817,1272.2870272727273,3
learned+queuePress0.2/0,travel_time,176,1247.4145666666666,15.112679866318832,1233.992318181818,1268.529581818182,3
learned+queuePress0.2/0,travel_time,177,1247.2028424242424,12.727522045060898,1236.8317545454545,1265.1286818181818,3
learned+queuePress0.2/0,travel_time,178,1247.127303030303,13.327179520616072,1236.8293090909092,1265.9468545454545,3
learned+queuePress0.2/0,travel_time,179,1247.1206242424241,12.628137167226472,1235.6212,1264.7036454545453,3
learned+queuePress0.2/0,travel_time,180,1245.252990909091,11.249499761668048,1234.1511454545455,1260.672481818182,3
learned+queuePress0.2/0,travel_time,181,1245.1449393939395,10.996516828028295,1232.295990909091,1259.1564727272728,3
learned+queuePress0.2/0,travel_time,182,1243.263506060606,11.781035408043865,1229.9057181818182,1258.565990909091,3
learned+queuePress0.2/0,travel_time,183,1242.0811363636365,10.358018845990033,1232.0589727272727,1256.3442454545454,3
learned+queuePress0.2/0,travel_time,184,1240.698412121212,10.224223005389211,1232.1543545454547,1255.072490909091,3
learned+queuePress0.2/0,travel_time,185,1240.0772636363636,9.5186591976695,1231.651209090909,1253.3819636363637,3
learned+queuePress0.2/0,travel_time,186,1237.4641606060607,7.065581819461941,1231.8478454545454,1247.4295818181818,3
learned+queuePress0.2/0,travel_time,187,1238.233609090909,6.267030384339635,1233.636790909091,1247.0944454545454,3
learned+queuePress0.2/0,travel_time,188,1238.870321212121,7.873094709307486,1232.801118181818,1249.9889818181816,3
learned+queuePress0.2/0,travel_time,189,1237.811412121212,6.731105369456657,1232.3224181818182,1247.2912545454544,3
learned+queuePress0.2/0,travel_time,190,1235.9444545454544,7.055314131586985,1228.8525545454545,1245.5686363636362,3
learned+queuePress0.2/0,travel_time,191,1236.1292757575757,9.046197570351614,1226.8594454545455,1248.3998454545454,3
learned+queuePress0.2/0,travel_time,192,1235.7806272727273,9.609804763037129,1226.1064272727274,1248.8839181818182,3
learned+queuePress0.2/0,travel_time,193,1237.051787878788,7.541626979518465,1228.7753363636364,1247.0157727272729,3
learned+queuePress0.2/0,travel_time,194,1236.9503424242425,6.791840327023786,1229.8981363636365,1246.1238727272728,3
learned+queuePress0.2/0,travel_time,195,1238.7517393939395,6.540165509069646,1233.0227636363636,1247.904690909091,3
learned+queuePress0.2/0,travel_time,196,1240.3323090909091,7.009447850129914,1233.6114,1250.003118181818,3
learned+queuePress0.2/0,travel_time,197,1240.9873606060607,7.897711010565666,1233.6221818181818,1251.9415636363638,3
learned+queuePress0.2/0,travel_time,198,1241.9999515151515,8.25383968963008,1235.8511272727274,1253.6669636363638,3
learned+queuePress0.2/0,travel_time,199,1242.4288424242425,7.583449280217989,1235.315290909091,1252.9362363636365,3
learned+queuePress0.2/0,travel_time,200,1243.1988666666666,6.8909977127160404,1237.345090909091,1252.8732545454545,3
learned+queuePress0.2/0,travel_time,201,1244.2615212121211,7.899147874921714,1236.2650454545455,1255.0152818181818,3
learned+queuePress0.2/0,travel_time,202,1245.687118181818,7.753422326279091,1235.978409090909,1254.954981818182,3
learned+queuePress0.2/0,travel_time,203,1246.4607151515152,7.2207437933931375,1237.7418636363636,1255.4239363636364,3
learned+queuePress0.2/0,travel_time,204,1248.5482454545454,9.992044937537798,1237.2233727272726,1261.5299636363636,3
learned+queuePress0.2/0,travel_time,205,1250.0373,12.000231079393535,1234.9872181818182,1264.3542181818182,3
learned+queuePress0.2/0,travel_time,206,1251.8225727272727,12.149632334892193,1236.2668090909092,1265.919790909091,3
learned+queuePress0.2/0,travel_time,207,1252.6258272727273,12.431633472139527,1235.5777090909091,1264.8700363636365,3
learned+queuePress0.2/0,travel_time,208,1254.6588151515152,11.621335927672876,1238.4674636363636,1265.1964727272727,3
learned+queuePress0.2/0,travel_time,209,1256.973484848485,13.544643662880098,1238.8248,1271.3539545454546,3
learned+queuePress0.2/0,travel_time,210,1258.5699727272727,11.926137833800196,1243.2967454545453,1272.403,3
learned+queuePress0.2/0,travel_time,211,1260.6886545454545,12.58390608133919,1244.062190909091,1274.4975727272727,3
learned+queuePress0.2/0,travel_time,212,1264.0401606060607,10.64138053880954,1250.1258090909091,1275.9623727272729,3
learned+queuePress0.2/0,travel_time,213,1264.8895181818182,10.022519888920236,1251.6215363636363,1275.841709090909,3
learned+queuePress0.2/0,travel_time,214,1266.9042333333334,9.813038062931303,1254.0531545454544,1277.866390909091,3
learned+queuePress0.2/0,travel_time,215,1266.6401787878788,9.160326740648829,1254.5505727272728,1276.7159181818183,3
learned+queuePress0.2/0,travel_time,216,1266.3736787878788,9.1073117018905,1256.3428272727272,1278.3856181818182,3
learned+queuePress0.2/0,travel_time,217,1265.4589666666668,9.738404529369797,1256.0079454545455,1278.8599272727274,3
learned+queuePress0.2/0,travel_time,218,1265.7469575757575,11.02952638741351,1256.9382545454546,1281.2994363636362,3
learned+queuePress0.2/0,travel_time,219,1264.4308454545455,12.718283225022963,1254.5479272727273,1282.3868363636363,3
learned+queuePress0.2/0,travel_time,220,1261.2776575757578,11.262959031940397,1252.7351181818183,1277.1915272727272,3
learned+queuePress0.2/0,travel_time,221,1258.5451818181818,13.356354661897084,1247.472009090909,1277.3342,3
learned+queuePress0.2/0,travel_time,222,1257.2059484848485,15.244453728235305,1244.599390909091,1278.6550545454547,3
learned+queuePress0.2/0,travel_time,223,1254.4699151515151,18.13333102218178,1238.7712636363635,1279.8803,3
learned+queuePress0.2/0,travel_time,224,1254.2696636363637,19.176130048761053,1238.6962181818183,1281.2836272727272,3
learned+queuePress0.2/0,travel_time,225,1253.5521666666666,20.353678963375337,1236.6765363636364,1282.1844909090908,3
learned+queuePress0.2/0,travel_time,226,1251.0644242424241,18.0796782657786,1237.1267727272727,1276.5971545454545,3
learned+queuePress0.2/0,travel_time,227,1249.887603030303,16.75789442118849,1237.4680090909092,1273.5775545454546,3
learned+queuePress0.2/0,travel_time,228,1249.0875121212123,16.58610255926695,1236.7698454545455,1272.5337545454547,3
learned+queuePress0.2/0,travel_time,229,1248.6933606060604,18.40531606589004,1235.508709090909,1274.7216636363637,3
learned+queuePress0.2/0,travel_time,230,1248.9922636363635,18.059504324876198,1235.9131818181818,1274.5297454545455,3
learned+queuePress0.2/0,travel_time,231,1247.5155666666667,17.28898257088387,1232.8355000000001,1271.7888545454546,3
learned+queuePress0.2/0,travel_time,232,1247.7911242424243,16.004162974201797,1233.870409090909,1270.2065818181818,3
learned+queuePress0.2/0,travel_time,233,1246.991812121212,16.459375216803107,1231.6724272727272,1269.8289181818182,3
learned+queuePress0.2/0,travel_time,234,1244.8060333333333,14.628346207678446,1229.9617181818182,1264.7068727272729,3
learned+queuePress0.2/0,travel_time,235,1242.8148303030302,14.603152832663357,1226.9189545454547,1262.180690909091,3
learned+queuePress0.2/0,travel_time,236,1241.3773484848484,13.632277217021654,1225.581918181818,1258.8477727272727,3
learned+queuePress0.2/0,travel_time,237,1243.5571818181818,14.2694033234398,1228.2487,1262.5983272727271,3
learned+queuePress0.2/0,travel_time,238,1244.1136060606061,14.397427917655824,1229.3785727272727,1263.6502636363637,3
learned+queuePress0.2/0,travel_time,239,1244.2895636363637,13.14965055176152,1229.5431727272728,1261.4748909090908,3
learned+queuePress0.2/0,travel_time,240,1243.4589272727271,11.461106538814203,1228.6625363636363,1256.5873545454544,3
learned+queuePress0.2/0,travel_time,241,1243.1141484848486,11.25967364246089,1228.3023545454546,1255.5825,3
learned+queuePress0.2/0,travel_time,242,1246.4205272727274,9.270800542753907,1233.9500272727273,1256.161,3
learned+queuePress0.2/0,travel_time,243,1246.5516272727273,9.966608225162828,1232.652781818182,1255.5299636363636,3
learned+queuePress0.2/0,travel_time,244,1247.8229212121212,10.704546030458365,1232.8590363636363,1257.2904545454546,3
learned+queuePress0.2/0,travel_time,245,1249.7819066666666,10.749541483822645,1234.7927599999998,1259.47263,3
learned+queuePress0.2/0,travel_time,246,1250.9517259259258,10.55542900643576,1236.404822222222,1261.1262666666667,3
learned+queuePress0.2/0,travel_time,247,1251.694625,10.305799178996851,1237.6820625,1262.1722625,3
learned+queuePress0.2/0,travel_time,248,1250.2979952380954,11.785635426554906,1235.1358857142857,1263.8736000000001,3
learned+queuePress0.2/0,travel_time,249,1251.7598444444445,13.458020628939124,1235.74215,1268.6710833333334,3
learned+queuePress0.2/0,loss,0,0.004065222222222223,4.457543197550065e-05,0.004024833333333333,0.0041273333333333335,3
learned+queuePress0.2/0,loss,1,0.003994,3.9542451140222404e-05,0.003950428571428572,0.0040461428571428575,3
learned+queuePress0.2/0,loss,2,0.003925958333333333,2.034912296772379e-05,0.0039085000000000005,0.0039545,3
learned+queuePress0.2/0,loss,3,0.003851703703703704,1.912366799650657e-05,0.003833444444444445,0.0038781111111111117,3
learned+queuePress0.2/0,loss,4,0.0037901,1.4495056628611791e-05,0.0037705000000000004,0.0038051,3
learned+queuePress0.2/0,loss,5,0.0037242424242424246,6.342533552461252e-06,0.003715272727272727,0.003728727272727273,3
learned+queuePress0.2/0,loss,6,0.003582515151515151,1.9200311827893394e-05,0.003555363636363636,0.0035963636363636363,3
learned+queuePress0.2/0,loss,7,0.003438,1.6351510658848808e-05,0.003423818181818182,0.003460909090909091,3
learned+queuePress0.2/0,loss,8,0.0032963939393939393,1.5433913738796357e-05,0.0032829090909090907,0.003318,3
learned+queuePress0.2/0,loss,9,0.0031726363636363636,2.8348189266878107e-05,0.003143818181818182,0.0032111818181818183,3
learned+queuePress0.2/0,loss,10,0.00305169696969697,3.888347594494391e-05,0.003011454545454546,0.003104272727272727,3
learned+queuePress0.2/0,loss,11,0.0029312727272727272,4.487951424534434e-05,0.0028983636363636364,0.0029947272727272726,3
learned+queuePress0.2/0,loss,12,0.002803909090909091,5.934811157153562e-05,0.0027477272727272728,0.002886,3
learned+queuePress0.2/0,loss,13,0.0026820000000000004,4.670893402665426e-05,0.0026284545454545454,0.0027422727272727273,3
learned+queuePress0.2/0,loss,14,0.002564121212121212,5.6883348487671334e-05,0.0025021818181818183,0.0026395454545454543,3
learned+queuePress0.2/0,loss,15,0.002446909090909091,4.499641859026583e-05,0.0024016363636363636,0.0025082727272727275,3
learned+queuePress0.2/0,loss,16,0.002342060606060606,5.417024145864395e-05,0.0022834545454545455,0.002414090909090909,3
learned+queuePress0.2/0,loss,17,0.002246848484848485,5.085935521470791e-05,0.0021889090909090908,0.0023127272727272727,3
learned+queuePress0.2/0,loss,18,0.002155242424242424,5.488843346788385e-05,0.0020843636363636364,0.002218090909090909,3
learned+queuePress0.2/0,loss,19,0.002062060606060606,5.949337687208304e-05,0.0019893636363636363,0.002135090909090909,3
learned+queuePress0.2/0,loss,20,0.0019522727272727272,5.449002233836269e-05,0.001886181818181818,0.0020196363636363636,3
learned+queuePress0.2/0,loss,21,0.0018554242424242424,4.630913810263587e-05,0.0018111818181818181,0.0019193636363636364,3
learned+queuePress0.2/0,loss,22,0.0017575757575757575,4.688855160707132e-05,0.0017126363636363639,0.0018222727272727273,3
learned+queuePress0.2/0,loss,23,0.001665909090909091,3.439112256520222e-05,0.0016415454545454546,0.0017145454545454545,3
learned+queuePress0.2/0,loss,24,0.0015785151515151513,4.316668528031773e-05,0.0015449090909090907,0.0016394545454545455,3
learned+queuePress0.2/0,loss,25,0.0014974545454545455,3.9117820194245446e-05,0.001467818181818182,0.001552727272727273,3
learned+queuePress0.2/0,loss,26,0.0014086060606060607,3.645400387516805e-05,0.001369909090909091,0.0014574545454545456,3
learned+queuePress0.2/0,loss,27,0.0013261818181818181,2.8533678327514465e-05,0.001293090909090909,0.0013627272727272726,3
learned+queuePress0.2/0,loss,28,0.001248939393939394,2.577614304053101e-05,0.0012193636363636363,0.0012821818181818182,3
learned+queuePress0.2/0,loss,29,0.0011696666666666667,2.190944716588669e-05,0.0011501818181818182,0.0012002727272727271,3
learned+queuePress0.2/0,loss,30,0.0010966363636363637,1.8656677768143887e-05,0.0010752727272727272,0.0011207272727272728,3
learned+queuePress0.2/0,loss,31,0.0010345151515151515,2.117204005459702e-05,0.001008,0.0010598181818181817,3
learned+queuePress0.2/0,loss,32,0.0009672424242424243,2.0974382030492987e-05,0.0009385454545454545,0.0009880909090909092,3
learned+queuePress0.2/0,loss,33,0.0009145757575757576,1.9397158823693415e-05,0.0008873636363636364,0.0009311818181818182,3
learned+queuePress0.2/0,loss,34,0.000863939393939394,2.526011603084286e-05,0.0008296363636363637,0.0008897272727272728,3
learned+queuePress0.2/0,loss,35,0.0008131212121212121,2.2111953230453178e-05,0.0007849090909090909,0.0008389090909090909,3
learned+queuePress0.2/0,loss,36,0.0007663333333333333,2.6936752094615936e-05,0.0007303636363636363,0.0007951818181818181,3
learned+queuePress0.2/0,loss,37,0.0007209696969696969,2.7909370577350456e-05,0.0006868181818181818,0.0007551818181818181,3
learned+queuePress0.2/0,loss,38,0.0006752727272727272,3.3885156879514545e-05,0.0006354545454545454,0.0007182727272727272,3
learned+queuePress0.2/0,loss,39,0.0006226363636363635,3.8683287014095306e-05,0.0005808181818181818,0.000674090909090909,3
learned+queuePress0.2/0,loss,40,0.0005860606060606061,3.910234739864706e-05,0.0005445454545454546,0.0006384545454545455,3
learned+queuePress0.2/0,loss,41,0.0005473636363636363,3.800108741375828e-05,0.0005123636363636364,0.0006001818181818182,3
learned+queuePress0.2/0,loss,42,0.000513969696969697,3.7695045259267875e-05,0.0004866363636363636,0.0005672727272727272,3
learned+queuePress0.2/0,loss,43,0.00048466666666666667,3.6942836740152365e-05,0.0004580909090909091,0.0005369090909090909,3
learned+queuePress0.2/0,loss,44,0.00045403030303030307,3.629883114278496e-05,0.00042809090909090905,0.0005053636363636364,3
learned+queuePress0.2/0,loss,45,0.00042903030303030306,3.642678859653128e-05,0.00040318181818181816,0.0004805454545454545,3
learned+queuePress0.2/0,loss,46,0.0004023939393939394,3.695774769631135e-05,0.0003749090909090909,0.00045463636363636366,3
learned+queuePress0.2/0,loss,47,0.00037760606060606065,2.8590423306884593e-05,0.00035218181818181816,0.0004175454545454545,3
learned+queuePress0.2/0,loss,48,0.0003591515151515152,2.819944056391081e-05,0.00033163636363636365,0.0003979090909090909,3
learned+queuePress0.2/0,loss,49,0.0003361818181818182,2.377488546898514e-05,0.00030781818181818183,0.000366,3
learned+queuePress0.2/0,loss,50,0.0003243333333333333,2.172382796748918e-05,0.00029563636363636364,0.0003481818181818182,3
learned+queuePress0.2/0,loss,51,0.00031206060606060607,2.5002736305716355e-05,0.0002780909090909091,0.0003375454545454546,3
learned+queuePress0.2/0,loss,52,0.00029784848484848485,2.2904440765825832e-05,0.00026645454545454547,0.00032045454545454543,3
learned+queuePress0.2/0,loss,53,0.00028181818181818185,1.5430105452328316e-05,0.0002610909090909091,0.0002980909090909091,3
learned+queuePress0.2/0,loss,54,0.000269,1.6525629147865518e-05,0.00024836363636363635,0.0002888181818181818,3
learned+queuePress0.2/0,loss,55,0.0002549696969696969,1.9034018166603056e-05,0.0002337272727272727,0.0002799090909090909,3
learned+queuePress0.2/0,loss,56,0.00024042424242424242,1.558277167856892e-05,0.00022363636363636363,0.0002611818181818182,3
learned+queuePress0.2/0,loss,57,0.00023096969696969694,1.1065129834542372e-05,0.00022127272727272726,0.0002464545454545454,3
learned+queuePress0.2/0,loss,58,0.00022045454545454546,1.3935704386550086e-05,0.00020918181818181818,0.0002400909090909091,3
learned+queuePress0.2/0,loss,59,0.00020987878787878789,1.5583125247207496e-05,0.00019836363636363636,0.0002319090909090909,3
learned+queuePress0.2/0,loss,60,0.00020127272727272732,1.7953567292112082e-05,0.00018363636363636366,0.00022590909090909093,3
learned+queuePress0.2/0,loss,61,0.00018948484848484845,1.8507586611093452e-05,0.00016881818181818182,0.0002137272727272727,3
learned+queuePress0.2/0,loss,62,0.00017927272727272727,1.9218763788097813e-05,0.000155,0.000202,3
learned+queuePress0.2/0,loss,63,0.00017493939393939392,1.6272191176768314e-05,0.00015372727272727272,0.00019327272727272726,3
learned+queuePress0.2/0,loss,64,0.00017036363636363636,1.9096535967300792e-05,0.0001480909090909091,0.0001947272727272727,3
learned+queuePress0.2/0,loss,65,0.0001654848484848485,1.9308333794055434e-05,0.000145,0.00019136363636363638,3
learned+queuePress0.2/0,loss,66,0.00016293939393939396,1.8684908442094122e-05,0.00013836363636363636,0.00018363636363636366,3
learned+queuePress0.2/0,loss,67,0.00015854545454545453,1.6308155103046248e-05,0.0001390909090909091,0.000179,3
learned+queuePress0.2/0,loss,68,0.00015281818181818183,1.703003342825531e-05,0.00013781818181818182,0.00017663636363636365,3
learned+queuePress0.2/0,loss,69,0.00015096969696969697,1.7578839855120528e-05,0.00013181818181818184,0.00017427272727272726,3
learned+queuePress0.2/0,loss,70,0.0001493939393939394,1.8001734433323283e-05,0.0001289090909090909,0.00017272727272727272,3
learned+queuePress0.2/0,loss,71,0.0001476060606060606,1.5973347866271898e-05,0.00013027272727272727,0.00016881818181818182,3
learned+queuePress0.2/0,loss,72,0.00014845454545454545,1.5037876879627388e-05,0.00013463636363636363,0.00016936363636363636,3
learned+queuePress0.2/0,loss,73,0.00014396969696969697,1.7511953152460105e-05,0.00012581818181818183,0.00016763636363636362,3
learned+queuePress0.2/0,loss,74,0.0001393939393939394,2.0384368955263636e-05,0.0001170909090909091,0.00016636363636363637,3
learned+queuePress0.2/0,loss,75,0.00013542424242424242,1.8849897637785854e-05,0.00011127272727272727,0.00015727272727272728,3
learned+queuePress0.2/0,loss,76,0.00013163636363636364,1.4405194961307483e-05,0.00011372727272727272,0.00014900000000000002,3
learned+queuePress0.2/0,loss,77,0.00012775757575757575,1.1224317690696e-05,0.00011445454545454545,0.0001419090909090909,3
learned+queuePress0.2/0,loss,78,0.0001267878787878788,9.79299050308802e-06,0.00011427272727272728,0.0001381818181818182,3
learned+queuePress0.2/0,loss,79,0.00012466666666666667,9.723543134719244e-06,0.000111,0.00013281818181818184,3
learned+queuePress0.2/0,loss,80,0.00012381818181818183,6.777454116223928e-06,0.00011436363636363636,0.0001299090909090909,3
learned+queuePress0.2/0,loss,81,0.00012327272727272727,8.288529695784796e-06,0.00011463636363636363,0.00013445454545454546,3
learned+queuePress0.2/0,loss,82,0.00012045454545454545,1.1638020715344981e-05,0.00010672727272727271,0.00013518181818181817,3
learned+queuePress0.2/0,loss,83,0.00011696969696969697,1.5439445980820497e-05,9.8e-05,0.00013581818181818183,3
learned+queuePress0.2/0,loss,84,0.0001204848484848485,1.0249056486396235e-05,0.0001081818181818182,0.0001332727272727273,3
learned+queuePress0.2/0,loss,85,0.00012345454545454544,1.2772862071972824e-05,0.00010809090909090908,0.00013936363636363636,3
learned+queuePress0.2/0,loss,86,0.00012515151515151516,8.042700550162089e-06,0.00011609090909090909,0.00013563636363636363,3
learned+queuePress0.2/0,loss,87,0.00012624242424242425,9.584863334567293e-06,0.00011481818181818182,0.00013827272727272728,3
learned+queuePress0.2/0,loss,88,0.00012257575757575756,6.629233751238403e-06,0.00011354545454545454,0.00012927272727272728,3
learned+queuePress0.2/0,loss,89,0.00012406060606060605,3.7974424721989157e-06,0.00011872727272727274,0.00012727272727272728,3
learned+queuePress0.2/0,loss,90,0.00012615151515151516,1.986640412495002e-06,0.00012345454545454546,0.0001281818181818182,3
learned+queuePress0.2/0,loss,91,0.00012372727272727272,2.716138889732915e-06,0.00011990909090909092,0.000126,3
learned+queuePress0.2/0,loss,92,0.0001220909090909091,4.156709866541154e-06,0.00011627272727272727,0.00012572727272727274,3
learned+queuePress0.2/0,loss,93,0.00012166666666666667,7.310633537395367e-06,0.00011327272727272727,0.00013109090909090907,3
learned+queuePress0.2/0,loss,94,0.00011827272727272727,9.354658832543189e-06,0.00010836363636363635,0.00013081818181818181,3
learned+queuePress0.2/0,loss,95,0.00011630303030303031,1.0757618437815475e-05,0.0001069090909090909,0.00013136363636363638,3
learned+queuePress0.2/0,loss,96,0.00011096969696969699,1.6424186514497268e-05,9.863636363636364e-05,0.0001341818181818182,3
learned+queuePress0.2/0,loss,97,0.0001106969696969697,1.52709835464408e-05,9.90909090909091e-05,0.00013227272727272727,3
learned+queuePress0.2/0,loss,98,0.0001130909090909091,1.715670764103327e-05,9.854545454545455e-05,0.00013718181818181817,3
learned+queuePress0.2/0,loss,99,0.00011554545454545454,1.7459437445773144e-05,0.00010036363636363636,0.00014000000000000001,3
learned+queuePress0.2/0,loss,100,0.00011672727272727273,1.7687834919294998e-05,9.963636363636363e-05,0.0001410909090909091,3
learned+queuePress0.2/0,loss,101,0.00011881818181818181,1.8296456776614223e-05,9.727272727272727e-05,0.000142,3
learned+queuePress0.2/0,loss,102,0.00011699999999999998,1.5959314663164785e-05,9.736363636363636e-05,0.00013645454545454545,3
learned+queuePress0.2/0,loss,103,0.00011636363636363636,1.604247117942556e-05,9.763636363636364e-05,0.00013681818181818182,3
learned+queuePress0.2/0,loss,104,0.00011745454545454547,1.070748045718725e-05,0.00010363636363636364,0.00012972727272727273,3
learned+queuePress0.2/0,loss,105,0.00011981818181818182,9.356131149286269e-06,0.00010854545454545454,0.00013145454545454547,3
learned+queuePress0.2/0,loss,106,0.00012033333333333334,3.751461300832486e-06,0.00011563636363636363,0.00012481818181818183,3
learned+queuePress0.2/0,loss,107,0.00012145454545454546,1.57983156336207e-06,0.00011936363636363636,0.00012318181818181818,3
learned+queuePress0.2/0,loss,108,0.0001183030303030303,2.340602608160918e-06,0.00011518181818181817,0.00012081818181818183,3
learned+queuePress0.2/0,loss,109,0.0001209090909090909,7.3138986148058144e-06,0.00011318181818181818,0.00013072727272727273,3
learned+queuePress0.2/0,loss,110,0.0001197878787878788,1.0858806669119704e-05,0.00010700000000000001,0.00013354545454545455,3
learned+queuePress0.2/0,loss,111,0.00011572727272727273,1.2796564621635849e-05,0.00010627272727272729,0.0001338181818181818,3
learned+queuePress0.2/0,loss,112,0.00011827272727272728,1.2159636068209232e-05,0.00010645454545454544,0.000135,3
learned+queuePress0.2/0,loss,113,0.00011936363636363636,1.1451899646331255e-05,0.00010972727272727272,0.00013545454545454546,3
learned+queuePress0.2/0,loss,114,0.00011951515151515151,1.0722991784046765e-05,0.00010800000000000001,0.0001338181818181818,3
learned+queuePress0.2/0,loss,115,0.00011969696969696971,1.1001961591522693e-05,0.00010581818181818183,0.00013272727272727272,3
learned+queuePress0.2/0,loss,116,0.000122,1.1305182994292275e-05,0.0001070909090909091,0.00013445454545454546,3
learned+queuePress0.2/0,loss,117,0.00012215151515151514,1.38882460824618e-05,0.00010290909090909091,0.00013518181818181817,3
learned+queuePress0.2/0,loss,118,0.00012342424242424243,1.1719714109407464e-05,0.00010736363636363636,0.000135,3
learned+queuePress0.2/0,loss,119,0.00012203030303030304,8.1122745935851e-06,0.0001130909090909091,0.00013272727272727272,3
learned+queuePress0.2/0,loss,120,0.00011390909090909091,2.167884802729687e-06,0.00011109090909090909,0.00011636363636363636,3
learned+queuePress0.2/0,loss,121,0.000113,5.323165238302306e-06,0.00010836363636363635,0.00012045454545454546,3
learned+queuePress0.2/0,loss,122,0.0001136969696969697,4.5432317797567114e-06,0.00010727272727272728,0.000117,3
learned+queuePress0.2/0,loss,123,0.00010803030303030302,6.034945677440707e-06,9.99090909090909e-05,0.00011436363636363636,3
learned+queuePress0.2/0,loss,124,0.0001104848484848485,6.415517230954925e-06,0.00010554545454545453,0.00011954545454545455,3
learned+queuePress0.2/0,loss,125,0.00010863636363636364,8.082222098506502e-06,9.954545454545455e-05,0.00011918181818181819,3
learned+queuePress0.2/0,loss,126,0.00010863636363636364,7.659057189027472e-06,9.827272727272727e-05,0.00011654545454545454,3
learned+queuePress0.2/0,loss,127,0.00010512121212121211,1.0214593712016212e-05,9.099999999999999e-05,0.00011481818181818182,3
learned+queuePress0.2/0,loss,128,0.00010275757575757575,7.349718734272143e-06,9.327272727272727e-05,0.00011118181818181817,3
learned+queuePress0.2/0,loss,129,0.00010221212121212121,6.835466306894537e-06,9.363636363636365e-05,0.00011036363636363636,3
learned+queuePress0.2/0,loss,130,0.00010375757575757575,6.103936016571482e-06,9.827272727272727e-05,0.00011227272727272727,3
learned+queuePress0.2/0,loss,131,0.00010730303030303031,4.901415623550422e-06,0.00010218181818181818,0.00011390909090909091,3
learned+queuePress0.2/0,loss,132,0.00010815151515151516,1.125128295918878e-05,9.900000000000001e-05,0.000124,3
learned+queuePress0.2/0,loss,133,0.00011,1.453124305740525e-05,9.59090909090909e-05,0.00013,3
learned+queuePress0.2/0,loss,134,0.00010878787878787878,1.4019728982209999e-05,9.445454545454545e-05,0.00012781818181818182,3
learned+queuePress0.2/0,loss,135,0.00010618181818181819,1.1196467368893626e-05,9.672727272727273e-05,0.00012190909090909091,3
learned+queuePress0.2/0,loss,136,0.000107,1.0929022196463815e-05,9.627272727272727e-05,0.00012199999999999998,3
learned+queuePress0.2/0,loss,137,0.00010951515151515151,5.307271031659249e-06,0.00010436363636363636,0.00011681818181818181,3
learned+queuePress0.2/0,loss,138,0.00011430303030303029,3.5172407584356183e-06,0.00011163636363636363,0.00011927272727272728,3
learned+queuePress0.2/0,loss,139,0.00011139393939393938,9.687495371603518e-07,0.00011045454545454545,0.00011272727272727272,3
learned+queuePress0.2/0,loss,140,0.00010872727272727272,2.3390327873215587e-06,0.00010581818181818183,0.00011154545454545454,3
learned+queuePress0.2/0,loss,141,0.00010606060606060606,2.3987293851106985e-06,0.00010281818181818182,0.00010854545454545454,3
learned+queuePress0.2/0,loss,142,0.0001020909090909091,1.8734038201301392e-06,0.00010018181818181819,0.00010463636363636362,3
learned+queuePress0.2/0,loss,143,0.00010042424242424242,5.6842217138492e-06,9.609090909090909e-05,0.00010845454545454547,3
learned+queuePress0.2/0,loss,144,9.772727272727273e-05,8.652457094612182e-06,8.554545454545455e-05,0.00010481818181818182,3
learned+queuePress0.2/0,loss,145,9.660606060606059e-05,1.1291610121538145e-05,8.109090909090909e-05,0.00010763636363636363,3
learned+queuePress0.2/0,loss,146,9.090909090909092e-05,1.029670037281328e-05,7.663636363636363e-05,0.00010054545454545455,3
learned+queuePress0.2/0,loss,147,8.896969696969697e-05,1.159945218933832e-05,7.263636363636364e-05,9.845454545454545e-05,3
learned+queuePress0.2/0,loss,148,8.578787878787878e-05,1.167425963068757e-05,6.936363636363637e-05,9.545454545454545e-05,3
learned+queuePress0.2/0,loss,149,8.166666666666667e-05,9.243964104212174e-06,7.1e-05,9.354545454545454e-05,3
learned+queuePress0.2/0,loss,150,8.28181818181818e-05,6.3934367172789955e-06,7.618181818181818e-05,9.145454545454545e-05,3
learned+queuePress0.2/0,loss,151,8.478787878787878e-05,1.2751996188645327e-05,6.818181818181818e-05,9.918181818181818e-05,3
learned+queuePress0.2/0,loss,152,8.675757575757575e-05,1.4519737366302795e-05,6.863636363636364e-05,0.00010418181818181819,3
learned+queuePress0.2/0,loss,153,8.790909090909091e-05,1.669974678549722e-05,6.827272727272727e-05,0.0001090909090909091,3
learned+queuePress0.2/0,loss,154,8.757575757575757e-05,1.7241492225968877e-05,7.136363636363636e-05,0.00011145454545454546,3
learned+queuePress0.2/0,loss,155,8.848484848484848e-05,1.2707849536923077e-05,7.927272727272728e-05,0.00010645454545454544,3
learned+queuePress0.2/0,loss,156,8.609090909090909e-05,1.2658472048416868e-05,7.363636363636363e-05,0.00010345454545454547,3
learned+queuePress0.2/0,loss,157,8.872727272727272e-05,1.0451778289912568e-05,8.027272727272728e-05,0.00010345454545454547,3
learned+queuePress0.2/0,loss,158,9.021212121212121e-05,7.386359751358729e-06,8.109090909090909e-05,9.918181818181818e-05,3
learned+queuePress0.2/0,loss,159,8.800000000000001e-05,9.165451960589465e-06,7.536363636363636e-05,9.681818181818181e-05,3
learned+queuePress0.2/0,loss,160,8.772727272727274e-05,8.116235471997756e-06,7.627272727272727e-05,9.409090909090911e-05,3
learned+queuePress0.2/0,loss,161,8.678787878787879e-05,5.5790504110860936e-06,7.890909090909091e-05,9.10909090909091e-05,3
learned+queuePress0.2/0,loss,162,8.436363636363637e-05,8.20132355104837e-06,7.30909090909091e-05,9.236363636363636e-05,3
learned+queuePress0.2/0,loss,163,8.187878787878788e-05,1.267550800614941e-05,6.727272727272727e-05,9.818181818181818e-05,3
learned+queuePress0.2/0,loss,164,7.954545454545455e-05,1.2503883694197435e-05,6.836363636363637e-05,9.7e-05,3
learned+queuePress0.2/0,loss,165,7.984848484848485e-05,1.1807998720887047e-05,6.472727272727272e-05,9.354545454545454e-05,3
learned+queuePress0.2/0,loss,166,8.136363636363636e-05,9.026438058394824e-06,6.972727272727272e-05,9.172727272727272e-05,3
learned+queuePress0.2/0,loss,167,8.266666666666665e-05,7.415393613464351e-06,7.409090909090908e-05,9.218181818181817e-05,3
learned+queuePress0.2/0,loss,168,8.40909090909091e-05,7.740986049191278e-06,7.354545454545455e-05,9.19090909090909e-05,3
learned+queuePress0.2/0,loss,169,8.5e-05,6.550923641057363e-06,7.59090909090909e-05,9.10909090909091e-05,3
learned+queuePress0.2/0,loss,170,8.775757575757574e-05,4.759987807779682e-06,8.381818181818181e-05,9.445454545454545e-05,3
learned+queuePress0.2/0,loss,171,9.009090909090909e-05,4.013064065722383e-06,8.627272727272727e-05,9.563636363636363e-05,3
learned+queuePress0.2/0,loss,172,9.366666666666666e-05,4.8675760499849905e-06,8.690909090909091e-05,9.818181818181818e-05,3
learned+queuePress0.2/0,loss,173,9.875757575757576e-05,6.7200343258557395e-06,8.945454545454546e-05,0.00010509090909090908,3
learned+queuePress0.2/0,loss,174,0.00010057575757575758,6.2519785665281005e-06,9.200000000000001e-05,0.00010672727272727271,3
learned+queuePress0.2/0,loss,175,0.00010442424242424241,1.1508131831677982e-05,8.854545454545455e-05,0.00011545454545454546,3
learned+queuePress0.2/0,loss,176,0.00010696969696969697,6.529160414696889e-06,9.818181818181818e-05,0.00011381818181818182,3
learned+queuePress0.2/0,loss,177,0.00010224242424242425,7.026252751777732e-06,9.336363636363635e-05,0.00011054545454545455,3
learned+queuePress0.2/0,loss,178,0.00010554545454545453,5.540733211219096e-06,9.80909090909091e-05,0.00011136363636363636,3
learned+queuePress0.2/0,loss,179,0.00010815151515151514,8.424787425143816e-06,9.636363636363636e-05,0.00011554545454545454,3
learned+queuePress0.2/0,loss,180,0.00010730303030303031,7.929556709245626e-06,9.636363636363636e-05,0.0001149090909090909,3
learned+queuePress0.2/0,loss,181,0.00010593939393939394,3.785817621028222e-06,0.00010127272727272727,0.00011054545454545455,3
learned+queuePress0.2/0,loss,182,0.00010503030303030303,2.4136130608169535e-06,0.00010181818181818181,0.00010763636363636363,3
learned+queuePress0.2/0,loss,183,0.00010375757575757575,3.4595922730939547e-06,9.90909090909091e-05,0.00010736363636363636,3
learned+queuePress0.2/0,loss,184,9.700000000000001e-05,5.666099469263869e-06,8.954545454545455e-05,0.00010327272727272728,3
learned+queuePress0.2/0,loss,185,9.760606060606062e-05,1.1459915367870356e-05,8.418181818181818e-05,0.00011218181818181818,3
learned+queuePress0.2/0,loss,186,9.242424242424242e-05,1.6068094309192653e-05,7.445454545454545e-05,0.00011345454545454545,3
learned+queuePress0.2/0,loss,187,9.690909090909091e-05,1.623247094399551e-05,7.981818181818182e-05,0.00011872727272727274,3
learned+queuePress0.2/0,loss,188,9.987878787878788e-05,1.7550295035441363e-05,7.918181818181818e-05,0.0001220909090909091,3
learned+queuePress0.2/0,loss,189,9.575757575757576e-05,1.7021511804052557e-05,7.6e-05,0.00011754545454545455,3
learned+queuePress0.2/0,loss,190,9.345454545454545e-05,1.1078482855027856e-05,8.036363636363636e-05,0.00010745454545454547,3
learned+queuePress0.2/0,loss,191,9.360606060606061e-05,8.513264106580569e-06,8.436363636363637e-05,0.00010490909090909092,3
learned+queuePress0.2/0,loss,192,9.169696969696969e-05,8.220559234203519e-06,8.4e-05,0.0001030909090909091,3
learned+queuePress0.2/0,loss,193,9.009090909090909e-05,1.063468000142846e-05,8.045454545454546e-05,0.00010490909090909092,3
learned+queuePress0.2/0,loss,194,8.948484848484849e-05,1.5089509488462088e-05,7.836363636363637e-05,0.00011081818181818182,3
learned+queuePress0.2/0,loss,195,9.366666666666666e-05,1.5354817862436974e-05,8.036363636363636e-05,0.00011518181818181819,3
learned+queuePress0.2/0,loss,196,9.57878787878788e-05,1.1868037807311529e-05,8.418181818181818e-05,0.00011209090909090908,3
learned+queuePress0.2/0,loss,197,9.645454545454544e-05,1.1767256246008615e-05,8.499999999999999e-05,0.00011263636363636364,3
learned+queuePress0.2/0,loss,198,8.903030303030303e-05,4.99715254089647e-06,8.372727272727274e-05,9.572727272727273e-05,3
learned+queuePress0.2/0,loss,199,8.839393939393939e-05,5.746880017515664e-06,8.272727272727273e-05,9.627272727272727e-05,3
learned+queuePress0.2/0,loss,200,8.939393939393939e-05,8.225919303823805e-06,8.145454545454546e-05,0.00010072727272727273,3
learned+queuePress0.2/0,loss,201,9.03939393939394e-05,7.935460510706865e-06,8.372727272727272e-05,0.00010154545454545454,3
learned+queuePress0.2/0,loss,202,9.372727272727272e-05,1.2859914870181672e-05,8.427272727272727e-05,0.00011190909090909091,3
learned+queuePress0.2/0,loss,203,9.415151515151516e-05,1.4650441814591059e-05,8.254545454545454e-05,0.00011481818181818182,3
learned+queuePress0.2/0,loss,204,9.793939393939394e-05,1.067871220693445e-05,8.872727272727272e-05,0.00011290909090909091,3
learned+queuePress0.2/0,loss,205,9.881818181818181e-05,4.715603312467134e-06,9.390909090909091e-05,0.00010518181818181819,3
learned+queuePress0.2/0,loss,206,0.00010121212121212121,5.549840954380267e-06,9.336363636363635e-05,0.00010518181818181819,3
learned+queuePress0.2/0,loss,207,0.00010151515151515153,7.866774057258293e-06,9.245454545454547e-05,0.00011163636363636363,3
learned+queuePress0.2/0,loss,208,0.00010248484848484848,7.65306015004709e-06,9.336363636363635e-05,0.00011209090909090908,3
learned+queuePress0.2/0,loss,209,0.00011366666666666669,7.396795275586852e-06,0.00010490909090909092,0.000123,3
learned+queuePress0.2/0,loss,210,0.00011881818181818181,9.281635649527437e-06,0.00010645454545454544,0.00012881818181818182,3
learned+queuePress0.2/0,loss,211,0.00011954545454545455,1.1264170750646699e-05,0.00010390909090909091,0.00013000000000000002,3
learned+queuePress0.2/0,loss,212,0.00012372727272727272,6.148304879603963e-06,0.00011727272727272727,0.00013199999999999998,3
learned+queuePress0.2/0,loss,213,0.00012012121212121214,8.712213438247024e-06,0.00010863636363636365,0.00012972727272727273,3
learned+queuePress0.2/0,loss,214,0.00012163636363636364,6.533237757213995e-06,0.00011354545454545455,0.00012954545454545456,3
learned+queuePress0.2/0,loss,215,0.0001170909090909091,8.156864303254527e-06,0.00010563636363636365,0.000124,3
learned+queuePress0.2/0,loss,216,0.00011666666666666668,9.02562416920347e-06,0.00010400000000000001,0.00012436363636363638,3
learned+queuePress0.2/0,loss,217,0.00011078787878787879,9.163447969844721e-06,0.00010045454545454546,0.00012272727272727272,3
learned+queuePress0.2/0,loss,218,0.00010781818181818181,1.029188345317678e-05,0.00010009090909090909,0.00012236363636363635,3
learned+queuePress0.2/0,loss,219,0.0001097878787878788,1.438880291127332e-05,9.845454545454545e-05,0.0001300909090909091,3
learned+queuePress0.2/0,loss,220,9.887878787878788e-05,5.12614071607042e-06,9.245454545454547e-05,0.000105,3
learned+queuePress0.2/0,loss,221,9.412121212121212e-05,6.626324217501391e-06,8.69090909090909e-05,0.00010290909090909091,3
learned+queuePress0.2/0,loss,222,9.521212121212123e-05,7.26982265229187e-06,8.872727272727272e-05,0.00010536363636363637,3
learned+queuePress0.2/0,loss,223,9.096969696969697e-05,1.1947159449695022e-05,7.509090909090909e-05,0.00010390909090909091,3
learned+queuePress0.2/0,loss,224,9.415151515151516e-05,1.2372842680496954e-05,7.736363636363636e-05,0.00010681818181818183,3
learned+queuePress0.2/0,loss,225,9.493939393939394e-05,1.4767310584248023e-05,7.572727272727272e-05,0.00011163636363636363,3
learned+queuePress0.2/0,loss,226,9.560606060606061e-05,1.2505719536287936e-05,8.1e-05,0.00011154545454545454,3
learned+queuePress0.2/0,loss,227,9.357575757575759e-05,1.1775291246088622e-05,8.227272727272727e-05,0.00010981818181818183,3
learned+queuePress0.2/0,loss,228,9.418181818181818e-05,1.293424778795506e-05,8.236363636363637e-05,0.00011218181818181818,3
learned+queuePress0.2/0,loss,229,9.436363636363636e-05,1.7608694321342497e-05,8.018181818181818e-05,0.00011918181818181819,3
learned+queuePress0.2/0,loss,230,9.221212121212122e-05,1.2845840208097499e-05,7.672727272727273e-05,0.0001081818181818182,3
learned+queuePress0.2/0,loss,231,9.045454545454546e-05,1.3580694448664576e-05,7.90909090909091e-05,0.00010954545454545453,3
learned+queuePress0.2/0,loss,232,8.836363636363637e-05,1.2731384617156628e-05,7.290909090909091e-05,0.00010409090909090909,3
learned+queuePress0.2/0,loss,233,8.490909090909091e-05,1.5682981950669136e-05,6.672727272727272e-05,0.000105,3
learned+queuePress0.2/0,loss,234,8.166666666666667e-05,1.682454152209902e-05,6.563636363636364e-05,0.00010490909090909092,3
learned+queuePress0.2/0,loss,235,7.875757575757576e-05,1.6373285594998653e-05,6.681818181818182e-05,0.00010190909090909091,3
learned+queuePress0.2/0,loss,236,7.703030303030303e-05,1.7409242555448924e-05,6.4e-05,0.00010163636363636364,3
learned+queuePress0.2/0,loss,237,7.854545454545455e-05,1.7764297000835256e-05,6.163636363636363e-05,0.0001030909090909091,3
learned+queuePress0.2/0,loss,238,7.657575757575757e-05,1.698035379665829e-05,5.881818181818182e-05,9.945454545454545e-05,3
learned+queuePress0.2/0,loss,239,7.793939393939394e-05,1.5281442919577847e-05,5.990909090909091e-05,9.727272727272727e-05,3
learned+queuePress0.2/0,loss,240,7.872727272727273e-05,1.0997620579116363e-05,6.345454545454546e-05,8.89090909090909e-05,3
learned+queuePress0.2/0,loss,241,8.172727272727272e-05,1.2602199292077758e-05,6.4e-05,9.218181818181817e-05,3
learned+queuePress0.2/0,loss,242,9.721212121212122e-05,5.816445447970731e-06,8.900000000000001e-05,0.00010172727272727273,3
learned+queuePress0.2/0,loss,243,9.833333333333334e-05,7.3407175444878876e-06,8.8e-05,0.00010436363636363636,3
learned+queuePress0.2/0,loss,244,0.00010236363636363637,1.0615234128001438e-05,8.927272727272728e-05,0.00011527272727272727,3
learned+queuePress0.2/0,loss,245,0.00010656666666666668,1.4225407629387013e-05,8.83e-05,0.000123,3
learned+queuePress0.2/0,loss,246,0.00010840740740740739,1.4336443341420348e-05,8.911111111111111e-05,0.00012344444444444444,3
learned+queuePress0.2/0,loss,247,0.00011095833333333334,1.928307043900311e-05,8.4e-05,0.000128,3
learned+queuePress0.2/0,loss,248,0.00011247619047619047,2.4234212431069326e-05,7.971428571428572e-05,0.00013757142857142858,3
learned+queuePress0.2/0,loss,249,0.00012194444444444445,2.8779600971847502e-05,8.4e-05,0.00015366666666666667,3
learned+queuePress0.2/0,reward,0,-384.3625666666667,1.572269217534768,-386.3802,-382.54448333333335,3
learned+queuePress0.2/0,reward,1,-383.67724285714286,1.5412866377569008,-385.33011428571433,-381.62021428571427,3
learned+queuePress0.2/0,reward,2,-382.8713875,0.6522535274435275,-383.61332500000003,-382.0257625,3
learned+queuePress0.2/0,reward,3,-381.7203222222222,0.3194967533339684,-382.08225555555555,-381.3051111111111,3
learned+queuePress0.2/0,reward,4,-381.0005733333333,0.4543011986434714,-381.61955,-380.54197,3
learned+queuePress0.2/0,reward,5,-380.22526666666664,0.8128248596531483,-381.19023636363636,-379.2018090909091,3
learned+queuePress0.2/0,reward,6,-378.3624303030303,1.138003152216059,-379.96727272727276,-377.45542727272726,3
learned+queuePress0.2/0,reward,7,-376.083103030303,1.7561564347058825,-378.2255909090909,-373.924,3
learned+queuePress0.2/0,reward,8,-374.1237303030303,2.0046446812015417,-376.6395090909091,-371.73400909090907,3
learned+queuePress0.2/0,reward,9,-372.4515393939394,2.8000339368499807,-376.0838454545455,-369.2697181818182,3
learned+queuePress0.2/0,reward,10,-370.55585757575756,3.4071264750340395,-375.36865454545455,-367.9482,3
learned+queuePress0.2/0,reward,11,-368.5165303030303,4.028885057387238,-374.21077272727274,-365.4974363636364,3
learned+queuePress0.2/0,reward,12,-365.98322727272733,4.78825256906726,-372.7174454545455,-362.00067272727273,3
learned+queuePress0.2/0,reward,13,-363.63437575757575,4.360665194008068,-369.67488181818186,-359.53833636363635,3
learned+queuePress0.2/0,reward,14,-361.3946181818182,4.832791974639269,-368.0889909090909,-356.8546,3
learned+queuePress0.2/0,reward,15,-359.11142727272727,4.524180769826914,-365.3906181818182,-354.9082818181818,3
learned+queuePress0.2/0,reward,16,-356.8860272727273,4.885882755584925,-363.6316,-352.2168181818182,3
learned+queuePress0.2/0,reward,17,-354.7596848484848,4.671960487589141,-361.1371454545455,-350.07535454545456,3
learned+queuePress0.2/0,reward,18,-352.70547272727276,5.078706865201478,-359.4061909090909,-347.11565454545456,3
learned+queuePress0.2/0,reward,19,-350.53182727272724,5.474988083934866,-357.89235454545457,-344.77064545454544,3
learned+queuePress0.2/0,reward,20,-347.42598484848486,5.4173535108996544,-354.7474909090909,-341.81120000000004,3
learned+queuePress0.2/0,reward,21,-345.0464060606061,5.434262089479452,-352.6282545454546,-340.1676,3
learned+queuePress0.2/0,reward,22,-342.2609606060607,5.632026661165993,-350.1599363636364,-337.4259090909091,3
learned+queuePress0.2/0,reward,23,-339.58061212121214,5.709305811060201,-347.65326363636365,-335.40833636363635,3
learned+queuePress0.2/0,reward,24,-336.9545696969697,6.6126738131179765,-346.30586363636365,-332.20044545454545,3
learned+queuePress0.2/0,reward,25,-334.40040606060603,6.583741711995257,-343.7090818181818,-329.57315454545454,3
learned+queuePress0.2/0,reward,26,-331.57414242424244,6.752514799391161,-341.0929545454546,-326.1522818181818,3
learned+queuePress0.2/0,reward,27,-328.8828848484848,6.30336186638853,-337.70535454545455,-323.3664,3
learned+queuePress0.2/0,reward,28,-326.6065212121212,6.105221440332873,-335.1638454545454,-321.333,3
learned+queuePress0.2/0,reward,29,-324.0267787878788,5.6337308789453315,-331.9382454545455,-319.2556272727273,3
learned+queuePress0.2/0,reward,30,-321.88621515151516,5.356678596128592,-329.3228818181818,-316.91768181818185,3
learned+queuePress0.2/0,reward,31,-320.0609181818182,5.099385005965254,-327.0494909090909,-315.0253727272727,3
learned+queuePress0.2/0,reward,32,-317.8073090909091,4.2844093512321555,-323.38823636363634,-312.9737636363636,3
learned+queuePress0.2/0,reward,33,-316.5573484848485,3.5951403564161897,-321.0139545454545,-312.2097181818182,3
learned+queuePress0.2/0,reward,34,-315.42808484848484,3.4054215905986123,-318.5437909090909,-310.68988181818185,3
learned+queuePress0.2/0,reward,35,-314.1583727272727,3.4275597786951697,-317.1723818181818,-309.36365454545455,3
learned+queuePress0.2/0,reward,36,-313.10249090909093,4.131096575797691,-317.43738181818185,-307.5430727272728,3
learned+queuePress0.2/0,reward,37,-311.9508909090909,4.18467164562622,-316.69738181818184,-306.51654545454545,3
learned+queuePress0.2/0,reward,38,-311.34200000000004,4.1775699889153834,-316.0273090909091,-305.8826090909091,3
learned+queuePress0.2/0,reward,39,-309.6973212121212,4.107866031532833,-314.17988181818185,-304.2557545454545,3
learned+queuePress0.2/0,reward,40,-309.01763030303033,3.767363521152981,-313.39245454545454,-304.1967363636364,3
learned+queuePress0.2/0,reward,41,-308.21674242424245,2.786969129528315,-311.8318727272727,-305.0494272727273,3
learned+queuePress0.2/0,reward,42,-307.4696878787879,2.1746719743311376,-310.4765454545455,-305.40688181818183,3
learned+queuePress0.2/0,reward,43,-307.167493939394,2.2137454604481315,-310.29576363636363,-305.49635454545455,3
learned+queuePress0.2/0,reward,44,-306.5265212121212,1.904139645496107,-309.18746363636365,-304.83805454545455,3
learned+queuePress0.2/0,reward,45,-305.8959454545454,1.0018136901675756,-307.22983636363637,-304.8154818181818,3
learned+queuePress0.2/0,reward,46,-305.5582393939394,1.3537928560522976,-307.29761818181817,-303.9956909090909,3
learned+queuePress0.2/0,reward,47,-305.02260606060605,3.1123792762172395,-309.30891818181817,-302.01284545454547,3
learned+queuePress0.2/0,reward,48,-304.80499696969696,4.0965832773187225,-310.4802,-300.9589090909091,3
learned+queuePress0.2/0,reward,49,-303.8689878787879,5.345708306759278,-311.3738181818182,-299.32724545454545,3
learned+queuePress0.2/0,reward,50,-304.212793939394,6.473741248891112,-313.29546363636365,-298.67505454545454,3
learned+queuePress0.2/0,reward,51,-304.39269393939395,7.118941027205785,-314.4601909090909,-299.30317272727274,3
learned+queuePress0.2/0,reward,52,-303.6001484848485,6.927356659227991,-313.36531818181817,-298.0367545454546,3
learned+queuePress0.2/0,reward,53,-303.4912,6.91952319377182,-313.17559090909094,-297.43280909090913,3
learned+queuePress0.2/0,reward,54,-303.7054848484848,7.34142872111662,-314.08432727272725,-298.28242727272726,3
learned+queuePress0.2/0,reward,55,-303.86008484848486,6.965632179973686,-313.7068,-298.6883363636364,3
learned+queuePress0.2/0,reward,56,-303.8237424242424,6.836776171008527,-313.47514545454544,-298.49796363636364,3
learned+queuePress0.2/0,reward,57,-304.24018181818184,5.968987094399946,-312.65187272727275,-299.42130909090906,3
learned+queuePress0.2/0,reward,58,-304.3326848484848,5.0337559947109485,-311.4504727272727,-300.66952727272724,3
learned+queuePress0.2/0,reward,59,-304.49462424242427,4.440233947205231,-310.72790000000003,-300.71979090909093,3
learned+queuePress0.2/0,reward,60,-304.9334242424243,3.2615489312737256,-309.50918181818184,-302.14217272727274,3
learned+queuePress0.2/0,reward,61,-304.6147090909091,2.0255075969196024,-307.47632727272725,-303.07264545454547,3
learned+queuePress0.2/0,reward,62,-304.6716333333333,1.2455640056816706,-306.0377454545455,-303.0255363636364,3
learned+queuePress0.2/0,reward,63,-305.5131090909091,0.9111918541346231,-306.77701818181816,-304.66365454545456,3
learned+queuePress0.2/0,reward,64,-305.535796969697,0.5016214812851024,-306.0925363636363,-304.87668181818185,3
learned+queuePress0.2/0,reward,65,-305.10837272727275,0.8516097435220413,-306.2980818181818,-304.3513363636364,3
learned+queuePress0.2/0,reward,66,-304.2894636363637,1.5511164724576674,-306.3203454545455,-302.5559818181818,3
learned+queuePress0.2/0,reward,67,-303.68026363636363,1.4833298328060913,-305.57536363636365,-301.9537090909091,3
learned+queuePress0.2/0,reward,68,-302.9133151515152,1.5477567850580634,-304.73122727272727,-300.94855454545456,3
learned+queuePress0.2/0,reward,69,-302.84087575757576,3.0359928902337807,-306.51632727272727,-299.08112727272726,3
learned+queuePress0.2/0,reward,70,-302.137803030303,3.297042768583652,-306.42696363636367,-298.40953636363633,3
learned+queuePress0.2/0,reward,71,-301.5553606060606,4.175020346499198,-307.31836363636364,-297.56163636363635,3
learned+queuePress0.2/0,reward,72,-301.5928303030303,4.0340102113812195,-307.27743636363635,-298.33363636363634,3
learned+queuePress0.2/0,reward,73,-300.55363030303033,4.348022131219201,-306.56164545454544,-296.4157090909091,3
learned+queuePress0.2/0,reward,74,-300.1858757575758,5.119294213284397,-307.20015454545455,-295.1261,3
learned+queuePress0.2/0,reward,75,-300.0988393939394,5.662730044669824,-307.92585454545457,-294.71797272727275,3
learned+queuePress0.2/0,reward,76,-299.4289181818182,4.835234355176254,-306.0253272727273,-294.57033636363633,3
learned+queuePress0.2/0,reward,77,-299.8036181818182,5.5160655052025795,-307.5682818181818,-295.27092727272725,3
learned+queuePress0.2/0,reward,78,-300.0842242424242,6.173572272525495,-308.80308181818185,-295.33029090909093,3
learned+queuePress0.2/0,reward,79,-299.80212727272726,7.013735391857687,-309.67854545454543,-294.0695636363636,3
learned+queuePress0.2/0,reward,80,-299.49832121212125,6.723827886984645,-308.9516909090909,-293.8827363636364,3
learned+queuePress0.2/0,reward,81,-299.01332424242423,7.7937168102388945,-310.01266363636364,-292.90215454545455,3
learned+queuePress0.2/0,reward,82,-298.7626515151515,7.687599647732691,-309.62089999999995,-292.8617090909091,3
learned+queuePress0.2/0,reward,83,-298.00560909090905,8.026429623389753,-309.06692727272724,-290.2679636363636,3
learned+queuePress0.2/0,reward,84,-298.3361,8.072400254333951,-309.5670636363636,-290.94732727272725,3
learned+queuePress0.2/0,reward,85,-297.62231212121213,8.851841784888705,-310.0377363636364,-290.02694545454546,3
learned+queuePress0.2/0,reward,86,-297.5478272727273,9.168191059050946,-310.34976363636366,-289.3674181818182,3
learned+queuePress0.2/0,reward,87,-297.71202727272725,9.586331034017869,-310.9799,-288.6657727272727,3
learned+queuePress0.2/0,reward,88,-297.3105454545455,9.207130761839938,-309.97562727272725,-288.3600545454546,3
learned+queuePress0.2/0,reward,89,-296.98837575757574,8.76250546611269,-308.8052090909091,-287.8482272727273,3
learned+queuePress0.2/0,reward,90,-297.27943636363636,8.788126389068843,-308.7225,-287.35802727272727,3
learned+queuePress0.2/0,reward,91,-297.0642606060606,8.36102008725414,-307.973,-287.65900000000005,3
learned+queuePress0.2/0,reward,92,-297.2033424242424,8.028381754215683,-307.1626,-287.50224545454546,3
learned+queuePress0.2/0,reward,93,-297.0052181818182,7.545729152005567,-306.46091818181816,-287.9937545454546,3
learned+queuePress0.2/0,reward,94,-297.3739,6.963023097376646,-305.7891363636364,-288.7375818181818,3
learned+queuePress0.2/0,reward,95,-297.6690303030303,6.337627455295238,-304.75733636363634,-289.3745909090909,3
learned+queuePress0.2/0,reward,96,-297.6376666666667,5.606874558718823,-303.0132545454546,-289.9018181818182,3
learned+queuePress0.2/0,reward,97,-297.0010454545455,5.5080832188357505,-301.40729090909093,-289.2349,3
learned+queuePress0.2/0,reward,98,-296.51258484848483,4.803248922974064,-300.0042272727273,-289.7206636363636,3
learned+queuePress0.2/0,reward,99,-295.3909121212121,4.635814391152818,-299.21576363636365,-288.8671909090909,3
learned+queuePress0.2/0,reward,100,-294.9831060606061,4.310792903424715,-298.88125454545457,-288.9747545454545,3
learned+queuePress0.2/0,reward,101,-293.46593333333334,3.4450639580666644,-296.8289181818182,-288.7315,3
learned+queuePress0.2/0,reward,102,-292.12312121212125,2.9661024317369162,-295.4946545454546,-288.27605454545454,3
learned+queuePress0.2/0,reward,103,-290.8163909090909,2.1317711996502604,-293.73361818181814,-288.69898181818184,3
learned+queuePress0.2/0,reward,104,-289.77692424242423,2.117461394203262,-292.7693090909091,-288.1823,3
learned+queuePress0.2/0,reward,105,-288.2457151515152,1.408515839140357,-290.1981181818182,-286.9275090909091,3
learned+queuePress0.2/0,reward,106,-286.2373666666667,0.8372203994549638,-287.4124545454545,-285.5241909090909,3
learned+queuePress0.2/0,reward,107,-285.04775757575754,1.0605923111576365,-286.41678181818185,-283.83257272727275,3
learned+queuePress0.2/0,reward,108,-283.5866696969697,0.7597701031267049,-284.18574545454544,-282.5146636363636,3
learned+queuePress0.2/0,reward,109,-283.57972727272727,2.0371472857950166,-286.40925454545453,-281.6956181818182,3
learned+queuePress0.2/0,reward,110,-283.14466666666664,2.626355432425098,-286.7035181818182,-280.4446181818182,3
learned+queuePress0.2/0,reward,111,-282.114696969697,2.985912691070532,-286.1129,-278.9390363636364,3
learned+queuePress0.2/0,reward,112,-283.1590060606061,3.7745926453984455,-287.84888181818184,-278.6061,3
learned+queuePress0.2/0,reward,113,-283.47353636363636,4.786560380019281,-289.3956,-277.6728545454545,3
learned+queuePress0.2/0,reward,114,-284.58404545454545,5.455466743286733,-291.3851,-278.0287727272727,3
learned+queuePress0.2/0,reward,115,-285.2229393939394,6.293531465701153,-292.93427272727274,-277.51833636363637,3
learned+queuePress0.2/0,reward,116,-285.9253393939394,6.155228830961999,-293.1713454545454,-278.1248,3
learned+queuePress0.2/0,reward,117,-286.4012696969697,6.987399652863255,-294.16804545454545,-277.22699090909094,3
learned+queuePress0.2/0,reward,118,-287.2798575757576,6.992631807785037,-294.23809090909094,-277.7153,3
learned+queuePress0.2/0,reward,119,-287.5879,7.209048356131807,-293.77055454545456,-277.4761272727273,3
learned+queuePress0.2/0,reward,120,-287.0894272727273,7.844997617794131,-293.5283818181818,-276.0455727272727,3
learned+queuePress0.2/0,reward,121,-286.92163030303027,7.641026690178399,-294.09226363636367,-276.3352818181818,3
learned+queuePress0.2/0,reward,122,-286.64766363636363,7.862665903347203,-294.6204818181818,-275.9487363636363,3
learned+queuePress0.2/0,reward,123,-285.77606363636363,8.349218927593256,-294.83293636363635,-274.68683636363636,3
learned+queuePress0.2/0,reward,124,-286.2696818181818,8.27269307036219,-296.0731818181818,-275.8384909090909,3
learned+queuePress0.2/0,reward,125,-286.1032181818182,8.360747205634743,-296.3103181818182,-275.83106363636364,3
learned+queuePress0.2/0,reward,126,-285.66009696969695,8.397945849225259,-296.3016636363636,-275.7724727272727,3
learned+queuePress0.2/0,reward,127,-284.9432848484849,8.66974891669164,-295.84429090909094,-274.63244545454546,3
learned+queuePress0.2/0,reward,128,-284.95635454545453,8.160001872700745,-295.7598363636364,-276.0414909090909,3
learned+queuePress0.2/0,reward,129,-284.16852727272726,7.257691881149838,-293.7083272727273,-276.11909999999995,3
learned+queuePress0.2/0,reward,130,-284.7642696969697,5.951728833120144,-292.8604272727273,-278.72275454545456,3
learned+queuePress0.2/0,reward,131,-285.2749090909091,5.472877422424282,-293.0023090909091,-281.03167272727273,3
learned+queuePress0.2/0,reward,132,-286.4159121212121,6.321752153646924,-295.34536363636363,-281.56974545454545,3
learned+queuePress0.2/0,reward,133,-287.5076303030303,6.838255898889446,-297.1748,-282.4460363636363,3
learned+queuePress0.2/0,reward,134,-287.7462575757576,7.608849127762631,-298.4555090909091,-281.48288181818185,3
learned+queuePress0.2/0,reward,135,-287.60898484848485,7.983298371092727,-298.78276363636365,-280.62224545454546,3
learned+queuePress0.2/0,reward,136,-287.58682424242426,8.867645262970367,-299.9069,-279.3983636363636,3
learned+queuePress0.2/0,reward,137,-287.8340757575757,8.994933548703015,-299.99622727272725,-278.52425454545454,3
learned+queuePress0.2/0,reward,138,-288.4175181818182,9.026220070314091,-300.2040727272727,-278.2796181818182,3
learned+queuePress0.2/0,reward,139,-288.04393636363636,9.243673336323063,-299.8347181818182,-277.2596454545455,3
learned+queuePress0.2/0,reward,140,-288.39204545454544,9.294134018324584,-300.4710181818182,-277.8642181818182,3
learned+queuePress0.2/0,reward,141,-288.0222,9.530090570123969,-300.54693636363635,-277.44912727272725,3
learned+queuePress0.2/0,reward,142,-287.2661,9.887444357585663,-300.8193090909091,-277.51036363636365,3
learned+queuePress0.2/0,reward,143,-286.20419090909087,8.894143634073288,-298.1408181818182,-276.8012909090909,3
learned+queuePress0.2/0,reward,144,-285.95659696969693,8.936212709405016,-298.40182727272725,-277.8310818181818,3
learned+queuePress0.2/0,reward,145,-285.5979454545454,8.381501551112134,-297.22435454545456,-277.7861636363636,3
learned+queuePress0.2/0,reward,146,-285.2267575757576,7.629448891442035,-295.90139090909094,-278.5286,3
learned+queuePress0.2/0,reward,147,-284.6696090909091,6.363996112952511,-293.63892727272724,-279.5413909090909,3
learned+queuePress0.2/0,reward,148,-283.62050606060603,6.673722387710438,-293.01861818181817,-278.1701363636364,3
learned+queuePress0.2/0,reward,149,-282.96392424242424,7.5122323177415815,-293.41998181818184,-276.1069090909091,3
learned+queuePress0.2/0,reward,150,-282.68821212121213,7.8280226859328135,-293.4552272727273,-275.0752545454545,3
learned+queuePress0.2/0,reward,151,-281.9005121212121,7.974541296936623,-292.98946363636367,-274.57661818181816,3
learned+queuePress0.2/0,reward,152,-281.8988727272727,9.244692142937254,-294.67504545454545,-273.10796363636365,3
learned+queuePress0.2/0,reward,153,-281.2663090909091,9.122485949667071,-293.90464545454546,-272.70349090909093,3
learned+queuePress0.2/0,reward,154,-280.95184242424244,9.538405252135084,-293.95028181818185,-271.3297727272727,3
learned+queuePress0.2/0,reward,155,-280.000796969697,8.646381951740874,-291.82444545454547,-271.3888090909091,3
learned+queuePress0.2/0,reward,156,-278.75408787878786,8.6770930070197,-290.60934545454546,-270.0828181818182,3
learned+queuePress0.2/0,reward,157,-277.2543575757576,8.631683189080666,-289.1450363636364,-268.91783636363635,3
learned+queuePress0.2/0,reward,158,-276.4445090909091,9.589668271051666,-289.65182727272725,-267.17295454545456,3
learned+queuePress0.2/0,reward,159,-276.04822121212123,9.631176697074265,-289.56744545454546,-267.85254545454546,3
learned+queuePress0.2/0,reward,160,-275.2238,9.262711744134704,-288.2480090909091,-267.4975181818182,3
learned+queuePress0.2/0,reward,161,-274.40797575757574,8.888000201033522,-286.97082727272726,-267.77173636363636,3
learned+queuePress0.2/0,reward,162,-273.86665454545454,9.253604999119231,-286.9454909090909,-266.9375727272727,3
learned+queuePress0.2/0,reward,163,-272.9658878787879,8.739634151937647,-285.3128818181818,-266.3069909090909,3
learned+queuePress0.2/0,reward,164,-272.5017515151515,8.94667328741856,-285.1526909090909,-266.0038181818182,3
learned+queuePress0.2/0,reward,165,-272.3465181818182,10.158344488229506,-286.71258181818183,-265.15319999999997,3
learned+queuePress0.2/0,reward,166,-272.23611515151515,10.368349474927692,-286.8539090909091,-263.93018181818184,3
learned+queuePress0.2/0,reward,167,-272.61506363636363,10.328089593197957,-287.1787,-264.36912727272727,3
learned+queuePress0.2/0,reward,168,-273.31390606060603,10.973469840486798,-288.77,-264.3786181818182,3
learned+queuePress0.2/0,reward,169,-273.60508484848486,11.257955187064715,-289.39,-263.9127181818182,3
learned+queuePress0.2/0,reward,170,-273.3429181818182,11.391152984810663,-289.3011,-263.45598181818184,3
learned+queuePress0.2/0,reward,171,-273.8018727272727,11.745288940743139,-290.3304545454546,-264.1120272727273,3
learned+queuePress0.2/0,reward,172,-274.1959909090909,12.061423396465912,-291.24462727272726,-265.19743636363637,3
learned+queuePress0.2/0,reward,173,-274.2257060606061,12.291328026059904,-291.53005454545456,-264.14708181818185,3
learned+queuePress0.2/0,reward,174,-273.66333333333336,12.109278793749718,-290.6843272727273,-263.5199636363636,3
learned+queuePress0.2/0,reward,175,-274.6641333333334,12.584295837155235,-292.1916636363636,-263.2290363636364,3
learned+queuePress0.2/0,reward,176,-274.6600121212121,11.318434624515874,-290.4981818181818,-264.73475454545456,3
learned+queuePress0.2/0,reward,177,-274.3341575757576,10.523255775741244,-288.8226272727273,-264.1451727272727,3
learned+queuePress0.2/0,reward,178,-274.54258787878786,11.099120860905032,-289.4318909090909,-262.7947727272727,3
learned+queuePress0.2/0,reward,179,-274.5378121212121,10.724218402898947,-288.51828181818183,-262.4561,3
learned+queuePress0.2/0,reward,180,-273.4602121212121,10.17586794336433,-286.2971727272727,-261.40863636363633,3
learned+queuePress0.2/0,reward,181,-273.33250909090907,9.913132738914511,-285.0465,-260.8052727272727,3
learned+queuePress0.2/0,reward,182,-272.3398090909091,9.917198090611588,-284.04037272727277,-259.7926,3
learned+queuePress0.2/0,reward,183,-271.76236363636366,8.795340951019638,-282.5020909090909,-260.95828181818183,3
learned+queuePress0.2/0,reward,184,-270.6535787878788,7.834088104235373,-280.5187,-261.35421818181817,3
learned+queuePress0.2/0,reward,185,-270.0839363636364,7.2904490647472855,-279.1027363636363,-261.24765454545457,3
learned+queuePress0.2/0,reward,186,-268.4780696969697,5.481205030708898,-275.1926090909091,-261.76645454545456,3
learned+queuePress0.2/0,reward,187,-268.50787272727274,4.499022397856958,-273.9636545454545,-262.9449090909091,3
learned+queuePress0.2/0,reward,188,-269.07120000000003,5.361692219632867,-275.9410909090909,-262.85685454545455,3
learned+queuePress0.2/0,reward,189,-268.3626060606061,4.435463359300669,-274.3079818181818,-263.65804545454546,3
learned+queuePress0.2/0,reward,190,-267.47345454545456,4.19829209710534,-273.35746363636366,-263.8442,3
learned+queuePress0.2/0,reward,191,-267.87937878787875,4.934481312139393,-274.8500363636363,-264.1092545454545,3
learned+queuePress0.2/0,reward,192,-268.07346060606056,5.225056687603356,-275.4128090909091,-263.66061818181817,3
learned+queuePress0.2/0,reward,193,-268.73269090909093,4.335036310033777,-274.7109909090909,-264.5672090909091,3
learned+queuePress0.2/0,reward,194,-269.0041212121212,4.10088434717304,-274.57405454545454,-264.81995454545455,3
learned+queuePress0.2/0,reward,195,-270.08569090909094,4.19485929257023,-275.88445454545456,-266.10186363636365,3
learned+queuePress0.2/0,reward,196,-271.61322121212123,4.803571179703258,-277.99988181818185,-266.41505454545455,3
learned+queuePress0.2/0,reward,197,-272.1961606060606,5.287523597547237,-279.1604,-266.3557818181818,3
learned+queuePress0.2/0,reward,198,-273.0126,5.5437708439963345,-280.7091454545455,-267.87108181818184,3
learned+queuePress0.2/0,reward,199,-273.3195787878788,4.808894494037525,-279.98016363636367,-268.7994727272727,3
learned+queuePress0.2/0,reward,200,-273.87469696969697,4.715656170171872,-280.17754545454545,-268.8360272727273,3
learned+queuePress0.2/0,reward,201,-274.9913727272727,5.068768478789513,-282.0236636363636,-270.2715727272727,3
learned+queuePress0.2/0,reward,202,-276.2300696969697,4.592703808244788,-282.7113545454545,-272.62322727272726,3
learned+queuePress0.2/0,reward,203,-277.07755757575757,4.942363483869346,-283.95256363636366,-272.54865454545455,3
learned+queuePress0.2/0,reward,204,-278.4306393939394,6.23831806664901,-287.2068090909091,-273.26213636363633,3
learned+queuePress0.2/0,reward,205,-279.441803030303,7.075810960355351,-289.43761818181815,-274.03965454545454,3
learned+queuePress0.2/0,reward,206,-280.6577848484848,7.09251269732961,-290.6378181818182,-274.7989727272727,3
learned+queuePress0.2/0,reward,207,-280.9566393939394,6.588298841241634,-289.94234545454543,-274.3304,3
learned+queuePress0.2/0,reward,208,-282.00811212121215,6.344022016480028,-290.65006363636365,-275.5996909090909,3
learned+queuePress0.2/0,reward,209,-283.4275575757576,7.711602370630765,-294.1248909090909,-276.24081818181816,3
learned+queuePress0.2/0,reward,210,-284.5260909090909,7.9053450438424235,-295.6062090909091,-277.6957,3
learned+queuePress0.2/0,reward,211,-285.7716393939394,7.992498938242947,-296.8304,-278.21792727272725,3
learned+queuePress0.2/0,reward,212,-287.4759424242424,7.457328288313953,-297.9389818181818,-281.0993363636364,3
learned+queuePress0.2/0,reward,213,-287.89910000000003,7.364241165072964,-298.1983818181818,-281.4109272727273,3
learned+queuePress0.2/0,reward,214,-288.61516363636366,7.376555394300198,-298.9215272727273,-282.06394545454543,3
learned+queuePress0.2/0,reward,215,-288.5396212121212,7.389897014343843,-298.8808272727273,-282.0611727272727,3
learned+queuePress0.2/0,reward,216,-288.7362393939394,7.847809101169143,-299.82916363636366,-282.88574545454543,3
learned+queuePress0.2/0,reward,217,-288.3592121212121,8.565131506018487,-300.4596,-281.8318636363636,3
learned+queuePress0.2/0,reward,218,-288.7171212121212,9.774237543824253,-302.4767818181818,-280.6938818181818,3
learned+queuePress0.2/0,reward,219,-288.5868515151515,10.86743116654427,-303.91643636363636,-279.97102727272727,3
learned+queuePress0.2/0,reward,220,-286.97743333333335,10.384035159102304,-301.615,-278.63468181818183,3
learned+queuePress0.2/0,reward,221,-285.627806060606,11.189664702013612,-301.42575454545454,-276.93415454545453,3
learned+queuePress0.2/0,reward,222,-285.0414333333333,12.299595523758581,-302.41152727272726,-275.5626909090909,3
learned+queuePress0.2/0,reward,223,-283.5396333333333,13.562032815699991,-302.7191181818182,-273.8897090909091,3
learned+queuePress0.2/0,reward,224,-283.1939181818182,14.098640996774204,-303.1309181818182,-273.01437272727276,3
learned+queuePress0.2/0,reward,225,-283.14469696969695,14.858672679654818,-304.1573363636364,-272.4901545454546,3
learned+queuePress0.2/0,reward,226,-281.88338787878786,13.72262145600914,-301.2880272727273,-271.93512727272724,3
learned+queuePress0.2/0,reward,227,-280.72283636363636,12.87870852644572,-298.92942727272725,-271.19323636363634,3
learned+queuePress0.2/0,reward,228,-280.2672393939394,12.891109397696527,-298.4716272727273,-270.3157818181818,3
learned+queuePress0.2/0,reward,229,-279.6002787878788,13.524370681354643,-298.7160727272727,-269.4921818181818,3
learned+queuePress0.2/0,reward,230,-279.22050909090905,13.37309954652912,-298.1273636363636,-269.3698090909091,3
learned+queuePress0.2/0,reward,231,-278.42735454545453,13.180005873926946,-297.0102727272727,-267.8808272727273,3
learned+queuePress0.2/0,reward,232,-278.28188181818183,12.88891900405373,-296.48269999999997,-268.3247272727273,3
learned+queuePress0.2/0,reward,233,-277.75399696969697,13.091898212296034,-296.2196909090909,-267.3548272727273,3
learned+queuePress0.2/0,reward,234,-276.5117272727273,12.126690506688716,-293.53857272727276,-266.22352727272727,3
learned+queuePress0.2/0,reward,235,-275.65359393939394,12.101873704837695,-292.5188727272727,-264.7000818181818,3
learned+queuePress0.2/0,reward,236,-274.5734393939394,11.315666159837873,-290.2398,-263.91354545454544,3
learned+queuePress0.2/0,reward,237,-275.905003030303,12.043080952659274,-292.73394545454545,-265.22255454545456,3
learned+queuePress0.2/0,reward,238,-276.46097272727275,12.45073568361307,-293.94536363636365,-265.9150909090909,3
learned+queuePress0.2/0,reward,239,-276.52114242424244,11.543987260283293,-292.70127272727274,-266.54746363636366,3
learned+queuePress0.2/0,reward,240,-276.48664848484844,10.115130357342098,-290.4312818181818,-266.7513272727273,3
learned+queuePress0.2/0,reward,241,-277.1457363636364,9.484300281966654,-290.24898181818185,-268.1128545454545,3
learned+queuePress0.2/0,reward,242,-279.18530909090913,8.16565521708778,-290.3977363636364,-271.1857727272727,3
learned+queuePress0.2/0,reward,243,-279.9576727272727,7.863011054616027,-290.3738272727273,-271.3779181818182,3
learned+queuePress0.2/0,reward,244,-281.13442424242425,7.254143822004183,-289.95035454545456,-272.18295454545455,3
learned+queuePress0.2/0,reward,245,-282.49661,7.154776263788176,-291.25153,-273.726,3
learned+queuePress0.2/0,reward,246,-283.3204185185185,6.662429967391597,-291.3745222222222,-275.05892222222224,3
learned+queuePress0.2/0,reward,247,-284.3554291666667,6.346253812341564,-292.00805,-276.468275,3
learned+queuePress0.2/0,reward,248,-283.8930285714286,5.9481898132132205,-289.91215714285715,-275.79435714285717,3
learned+queuePress0.2/0,reward,249,-285.03756111111113,5.872531501678794,-289.59523333333334,-276.74618333333336,3
learned+queuePress0.2/0,queue,0,21.208538888888892,0.08868573555740478,21.11831666666667,21.3291,3
learned+queuePress0.2/0,queue,1,21.17322857142857,0.08549893900761904,21.06597142857143,21.2752,3
learned+queuePress0.2/0,queue,2,21.130174999999998,0.03906937072908485,21.0890375,21.1826875,3
learned+queuePress0.2/0,queue,3,21.06882962962963,0.02173413869092818,21.052244444444444,21.099533333333333,3
learned+queuePress0.2/0,queue,4,21.030893333333335,0.029793334079212207,21.00752,21.07294,3
learned+queuePress0.2/0,queue,5,20.98899090909091,0.046615238880303896,20.93911818181818,21.051263636363636,3
learned+queuePress0.2/0,queue,6,20.88590606060606,0.06704017804951637,20.830954545454546,20.980290909090908,3
learned+queuePress0.2/0,queue,7,20.757963636363638,0.09846755587110287,20.644281818181817,20.884454545454545,3
learned+queuePress0.2/0,queue,8,20.652784848484846,0.1135549973749893,20.525836363636362,20.801436363636363,3
learned+queuePress0.2/0,queue,9,20.55908787878788,0.15527791158283907,20.393536363636365,20.766809090909092,3
learned+queuePress0.2/0,queue,10,20.453136363636364,0.1986018469421044,20.311836363636363,20.733999999999998,3
learned+queuePress0.2/0,queue,11,20.33315757575758,0.2373777951899028,20.162563636363636,20.668845454545455,3
learned+queuePress0.2/0,queue,12,20.186760606060606,0.28291549228690227,19.944345454545456,20.58362727272727,3
learned+queuePress0.2/0,queue,13,20.045863636363634,0.26209021547328315,19.791545454545453,20.406536363636363,3
learned+queuePress0.2/0,queue,14,19.912154545454545,0.2902282773053966,19.633072727272726,20.312336363636362,3
learned+queuePress0.2/0,queue,15,19.77369090909091,0.2734293963088825,19.510372727272728,20.15059090909091,3
learned+queuePress0.2/0,queue,16,19.64190606060606,0.29418634040923547,19.351909090909093,20.045254545454544,3
learned+queuePress0.2/0,queue,17,19.513724242424242,0.2832012906708732,19.22597272727273,19.898854545454544,3
learned+queuePress0.2/0,queue,18,19.38809696969697,0.3070405671578661,19.046481818181817,19.791036363636362,3
learned+queuePress0.2/0,queue,19,19.255,0.3254539784149456,18.907445454545453,19.69009090909091,3
learned+queuePress0.2/0,queue,20,19.07222121212121,0.32259967365118764,18.732263636363637,19.50569090909091,3
learned+queuePress0.2/0,queue,21,18.936560606060606,0.31937748094562096,18.63490909090909,19.378518181818183,3
learned+queuePress0.2/0,queue,22,18.778157575757575,0.329698310157702,18.480945454545456,19.237890909090908,3
learned+queuePress0.2/0,queue,23,18.622557575757575,0.332980449655947,18.376754545454546,19.09330909090909,3
learned+queuePress0.2/0,queue,24,18.477618181818183,0.3802774822759954,18.199672727272727,19.01530909090909,3
learned+queuePress0.2/0,queue,25,18.332854545454545,0.37792085955680527,18.0598,18.867272727272727,3
learned+queuePress0.2/0,queue,26,18.176472727272728,0.38960996226960715,17.84980909090909,18.724072727272727,3
learned+queuePress0.2/0,queue,27,18.02276363636364,0.3649024081011481,17.69080909090909,18.530918181818183,3
learned+queuePress0.2/0,queue,28,17.897363636363636,0.34888901003372724,17.58459090909091,18.384227272727273,3
learned+queuePress0.2/0,queue,29,17.75339696969697,0.32164159701905326,17.470245454545452,18.20327272727273,3
learned+queuePress0.2/0,queue,30,17.63389090909091,0.30721597763560665,17.338336363636362,18.057454545454547,3
learned+queuePress0.2/0,queue,31,17.53069696969697,0.2955164639392146,17.226472727272725,17.930963636363636,3
learned+queuePress0.2/0,queue,32,17.399969696969695,0.25089535056067996,17.11042727272727,17.722354545454547,3
learned+queuePress0.2/0,queue,33,17.327139393939394,0.21275338797655033,17.06479090909091,17.58589090909091,3
learned+queuePress0.2/0,queue,34,17.261933333333335,0.2043040720288434,16.97620909090909,17.44196363636364,3
learned+queuePress0.2/0,queue,35,17.187654545454546,0.20712628691883217,16.898545454545456,17.373,3
learned+queuePress0.2/0,queue,36,17.125278787878788,0.24600098214022914,16.795327272727274,17.385772727272727,3
learned+queuePress0.2/0,queue,37,17.05608181818182,0.25037964045148975,16.72950909090909,17.33789090909091,3
learned+queuePress0.2/0,queue,38,17.022218181818182,0.24853222759688637,16.698245454545454,17.302245454545456,3
learned+queuePress0.2/0,queue,39,16.92700303030303,0.24842327751592366,16.599354545454545,17.20062727272727,3
learned+queuePress0.2/0,queue,40,16.887760606060606,0.2280426746266428,16.596081818181815,17.152754545454545,3
learned+queuePress0.2/0,queue,41,16.842439393939394,0.17500071221159144,16.643181818181816,17.06919090909091,3
learned+queuePress0.2/0,queue,42,16.80459696969697,0.1418448872162291,16.665599999999998,16.999354545454544,3
learned+queuePress0.2/0,queue,43,16.789712121212123,0.14241052332377613,16.678818181818183,16.990754545454546,3
learned+queuePress0.2/0,queue,44,16.756600000000002,0.12555173200903516,16.652145454545455,16.93317272727273,3
learned+queuePress0.2/0,queue,45,16.725048484848486,0.07243883458931083,16.652654545454546,16.824018181818182,3
learned+queuePress0.2/0,queue,46,16.707030303030304,0.07228127806604755,16.613645454545455,16.789727272727273,3
learned+queuePress0.2/0,queue,47,16.679030303030302,0.16702716994686728,16.50501818181818,16.90437272727273,3
learned+queuePress0.2/0,queue,48,16.67010303030303,0.22783315077347258,16.438745454545455,16.97999090909091,3
learned+queuePress0.2/0,queue,49,16.619054545454546,0.29508946012452475,16.35358181818182,17.030645454545454,3
learned+queuePress0.2/0,queue,50,16.64149393939394,0.3580963354642314,16.321663636363635,17.141454545454547,3
learned+queuePress0.2/0,queue,51,16.65558787878788,0.3981029361697313,16.35531818181818,17.218163636363638,3
learned+queuePress0.2/0,queue,52,16.61151818181818,0.38680360154838245,16.288745454545452,17.15538181818182,3
learned+queuePress0.2/0,queue,53,16.60680303030303,0.39036289130169277,16.255663636363636,17.151290909090907,3
learned+queuePress0.2/0,queue,54,16.62134545454545,0.4110183806792566,16.310563636363636,17.202136363636363,3
learned+queuePress0.2/0,queue,55,16.62838181818182,0.38899933105241924,16.349363636363634,17.17849090909091,3
learned+queuePress0.2/0,queue,56,16.627236363636367,0.38072204679345806,16.316327272727275,17.16338181818182,3
learned+queuePress0.2/0,queue,57,16.650969696969696,0.33393905659115053,16.366745454545455,17.11970909090909,3
learned+queuePress0.2/0,queue,58,16.65807575757576,0.2834957548069668,16.4361,17.0582,3
learned+queuePress0.2/0,queue,59,16.66919090909091,0.2507952199886318,16.466527272727273,17.0226,3
learned+queuePress0.2/0,queue,60,16.695909090909094,0.18500364139071274,16.551000000000002,16.95701818181818,3
learned+queuePress0.2/0,queue,61,16.67919090909091,0.11744539109648897,16.575818181818182,16.843463636363637,3
learned+queuePress0.2/0,queue,62,16.68621818181818,0.07488909853837075,16.58312727272727,16.758781818181816,3
learned+queuePress0.2/0,queue,63,16.733166666666666,0.055820504508644515,16.671054545454545,16.80641818181818,3
learned+queuePress0.2/0,queue,64,16.730566666666665,0.02686803002918595,16.704836363636364,16.767645454545455,3
learned+queuePress0.2/0,queue,65,16.707851515151514,0.060905034841580385,16.643636363636364,16.789672727272727,3
learned+queuePress0.2/0,queue,66,16.6647,0.09089735318163585,16.572263636363637,16.78828181818182,3
learned+queuePress0.2/0,queue,67,16.63229090909091,0.08744728880622506,16.53630909090909,16.747818181818182,3
learned+queuePress0.2/0,queue,68,16.59158484848485,0.09157414083164689,16.482763636363636,16.7068,3
learned+queuePress0.2/0,queue,69,16.588957575757576,0.1773145300103763,16.375036363636365,16.809227272727274,3
learned+queuePress0.2/0,queue,70,16.54782424242424,0.19413128106603006,16.338827272727272,16.8065,3
learned+queuePress0.2/0,queue,71,16.514763636363636,0.2466706387514305,16.284872727272727,16.856936363636365,3
learned+queuePress0.2/0,queue,72,16.514621212121213,0.23788557859444592,16.330972727272727,16.850554545454546,3
learned+queuePress0.2/0,queue,73,16.449790909090908,0.251786831764764,16.2214,16.800572727272726,3
learned+queuePress0.2/0,queue,74,16.43219393939394,0.2948791768572093,16.152590909090907,16.839945454545454,3
learned+queuePress0.2/0,queue,75,16.430439393939395,0.32754815685588584,16.12730909090909,16.885345454545455,3
learned+queuePress0.2/0,queue,76,16.392942424242424,0.2819693422888694,16.114236363636362,16.77928181818182,3
learned+queuePress0.2/0,queue,77,16.416433333333334,0.32232853851331295,16.1612,16.871136363636364,3
learned+queuePress0.2/0,queue,78,16.431636363636365,0.3603357856253032,16.16700909090909,16.941100000000002,3
learned+queuePress0.2/0,queue,79,16.41990909090909,0.4077812613152916,16.07791818181818,16.993036363636364,3
learned+queuePress0.2/0,queue,80,16.40748787878788,0.3929620411037097,16.073245454545454,16.95910909090909,3
learned+queuePress0.2/0,queue,81,16.382860606060607,0.45457661313407727,16.028754545454547,17.02458181818182,3
learned+queuePress0.2/0,queue,82,16.37309393939394,0.449359865072444,16.028245454545456,17.00779090909091,3
learned+queuePress0.2/0,queue,83,16.33331212121212,0.469659837652492,15.878581818181818,16.979945454545454,3
learned+queuePress0.2/0,queue,84,16.35730303030303,0.47772408535299465,15.91660909090909,17.021127272727274,3
learned+queuePress0.2/0,queue,85,16.315560606060608,0.5202436611969532,15.860018181818184,17.043672727272728,3
learned+queuePress0.2/0,queue,86,16.315609090909092,0.5361705324705996,15.833609090909091,17.063536363636363,3
learned+queuePress0.2/0,queue,87,16.32718787878788,0.5574978307204734,15.796563636363636,17.09750909090909,3
learned+queuePress0.2/0,queue,88,16.30479393939394,0.5374918674422668,15.772554545454545,17.0409,3
learned+queuePress0.2/0,queue,89,16.287669696969697,0.5127459480981714,15.740854545454546,16.973518181818182,3
learned+queuePress0.2/0,queue,90,16.302721212121213,0.5185661860646725,15.708436363636364,16.972,3
learned+queuePress0.2/0,queue,91,16.2852,0.4934453861837252,15.720681818181818,16.922736363636364,3
learned+queuePress0.2/0,queue,92,16.29367878787879,0.47399583411900076,15.718745454545456,16.879636363636365,3
learned+queuePress0.2/0,queue,93,16.277148484848485,0.4436804887602342,15.747036363636363,16.832918181818183,3
learned+queuePress0.2/0,queue,94,16.298148484848486,0.41192792840518067,15.78950909090909,16.79841818181818,3
learned+queuePress0.2/0,queue,95,16.316166666666664,0.37061106537912536,15.834718181818182,16.736290909090908,3
learned+queuePress0.2/0,queue,96,16.315712121212123,0.3285152823875425,15.865845454545456,16.641136363636363,3
learned+queuePress0.2/0,queue,97,16.275021212121214,0.3210140578895536,15.823745454545456,16.543527272727275,3
learned+queuePress0.2/0,queue,98,16.24387878787879,0.27848693549519704,15.850636363636363,16.459281818181818,3
learned+queuePress0.2/0,queue,99,16.180887878787882,0.26430099934597395,15.807590909090909,16.383954545454547,3
learned+queuePress0.2/0,queue,100,16.160127272727273,0.2449127356818616,15.8168,16.37139090909091,3
learned+queuePress0.2/0,queue,101,16.07468787878788,0.19082176680093973,15.811172727272726,16.256836363636364,3
learned+queuePress0.2/0,queue,102,15.998503030303032,0.1582189147259044,15.789654545454546,16.172472727272726,3
learned+queuePress0.2/0,queue,103,15.924478787878789,0.11112179165379282,15.814136363636363,16.076554545454545,3
learned+queuePress0.2/0,queue,104,15.86410606060606,0.11033025413295919,15.785854545454544,16.020136363636365,3
learned+queuePress0.2/0,queue,105,15.778393939393938,0.07394353602407021,15.702727272727271,15.878736363636364,3
learned+queuePress0.2/0,queue,106,15.663648484848485,0.04181322390460403,15.628663636363637,15.722427272727272,3
learned+queuePress0.2/0,queue,107,15.596406060606062,0.056004745142001856,15.533472727272727,15.669518181818182,3
learned+queuePress0.2/0,queue,108,15.517027272727274,0.041029564695026034,15.459009090909092,15.546781818181818,3
learned+queuePress0.2/0,queue,109,15.516960606060607,0.11747598461181027,15.412154545454547,15.681000000000001,3
learned+queuePress0.2/0,queue,110,15.49639090909091,0.15237275647109713,15.341927272727274,15.703745454545453,3
learned+queuePress0.2/0,queue,111,15.436772727272727,0.17347101884800653,15.258154545454545,15.671718181818182,3
learned+queuePress0.2/0,queue,112,15.498184848484849,0.22079553638805396,15.237418181818184,15.777318181818181,3
learned+queuePress0.2/0,queue,113,15.517051515151515,0.2802966848421809,15.178554545454546,15.864945454545454,3
learned+queuePress0.2/0,queue,114,15.579421212121211,0.3208171565740367,15.193327272727272,15.978827272727273,3
learned+queuePress0.2/0,queue,115,15.61880606060606,0.3744398601027837,15.158763636363636,16.075936363636362,3
learned+queuePress0.2/0,queue,116,15.657806060606061,0.36172833941166044,15.197754545454545,16.08157272727273,3
learned+queuePress0.2/0,queue,117,15.682148484848485,0.4088972729831744,15.1442,16.134845454545456,3
learned+queuePress0.2/0,queue,118,15.72969090909091,0.41131962443278364,15.166127272727273,16.136263636363637,3
learned+queuePress0.2/0,queue,119,15.747775757575758,0.4223352311984849,15.15499090909091,16.107454545454544,3
learned+queuePress0.2/0,queue,120,15.718954545454546,0.45640625015337305,15.0764,16.093172727272727,3
learned+queuePress0.2/0,queue,121,15.705972727272728,0.4443929636828189,15.09080909090909,16.124945454545454,3
learned+queuePress0.2/0,queue,122,15.69060909090909,0.45856604206060647,15.066290909090908,16.154736363636363,3
learned+queuePress0.2/0,queue,123,15.637587878787878,0.4894187100964469,14.989654545454545,16.172345454545454,3
learned+queuePress0.2/0,queue,124,15.669560606060607,0.48478910142022646,15.060563636363637,16.246772727272727,3
learned+queuePress0.2/0,queue,125,15.664642424242423,0.4884356991403002,15.066536363636363,16.262954545454544,3
learned+queuePress0.2/0,queue,126,15.64307272727273,0.48981415472687095,15.069045454545455,16.265863636363637,3
learned+queuePress0.2/0,queue,127,15.604412121212121,0.5047376888134302,15.005327272727273,16.240054545454544,3
learned+queuePress0.2/0,queue,128,15.609006060606061,0.47450118534561986,15.090581818181818,16.23720909090909,3
learned+queuePress0.2/0,queue,129,15.56908181818182,0.41647425049132825,15.104918181818181,16.115154545454544,3
learned+queuePress0.2/0,queue,130,15.603033333333334,0.34183755540949246,15.251963636363637,16.06639090909091,3
learned+queuePress0.2/0,queue,131,15.636160606060606,0.3135216333266661,15.3841,16.07809090909091,3
learned+queuePress0.2/0,queue,132,15.704639393939395,0.3592905620905533,15.420218181818182,16.21149090909091,3
learned+queuePress0.2/0,queue,133,15.766703030303029,0.39011461424787625,15.486172727272729,16.318381818181816,3
learned+queuePress0.2/0,queue,134,15.78059090909091,0.43221599614986955,15.435172727272727,16.390027272727274,3
learned+queuePress0.2/0,queue,135,15.770748484848484,0.4528514269541372,15.38489090909091,16.406336363636363,3
learned+queuePress0.2/0,queue,136,15.766169696969698,0.5015505441507617,15.310954545454546,16.464854545454546,3
learned+queuePress0.2/0,queue,137,15.772599999999999,0.5057568177818095,15.253154545454544,16.458136363636363,3
learned+queuePress0.2/0,queue,138,15.804633333333333,0.5057052574388423,15.241763636363636,16.468154545454546,3
learned+queuePress0.2/0,queue,139,15.781133333333331,0.521005934851606,15.176827272727273,16.448363636363634,3
learned+queuePress0.2/0,queue,140,15.802727272727273,0.5260421125607037,15.211963636363636,16.48968181818182,3
learned+queuePress0.2/0,queue,141,15.783181818181818,0.5379223303075701,15.193245454545455,16.49410909090909,3
learned+queuePress0.2/0,queue,142,15.739748484848485,0.5586148556814987,15.195318181818182,16.50771818181818,3
learned+queuePress0.2/0,queue,143,15.67680909090909,0.5035004237826526,15.15,16.355090909090908,3
learned+queuePress0.2/0,queue,144,15.661684848484848,0.5080496056306413,15.20460909090909,16.37030909090909,3
learned+queuePress0.2/0,queue,145,15.640218181818183,0.4706925961337159,15.204218181818181,16.293827272727274,3
learned+queuePress0.2/0,queue,146,15.620251515151516,0.42680526138725433,15.24549090909091,16.2174,3
learned+queuePress0.2/0,queue,147,15.588836363636366,0.35751355265301243,15.303272727272729,16.092954545454546,3
learned+queuePress0.2/0,queue,148,15.532366666666666,0.37926746977190207,15.219990909090908,16.066154545454545,3
learned+queuePress0.2/0,queue,149,15.495600000000001,0.42654204272835433,15.105672727272726,16.089154545454548,3
learned+queuePress0.2/0,queue,150,15.47601212121212,0.44399908646155584,15.039972727272726,16.08531818181818,3
learned+queuePress0.2/0,queue,151,15.429899999999998,0.4539171692378747,15.01010909090909,16.060381818181817,3
learned+queuePress0.2/0,queue,152,15.427957575757574,0.5312022602932703,14.918827272727272,16.16090909090909,3
learned+queuePress0.2/0,queue,153,15.385524242424244,0.5216547518508374,14.889327272727273,16.106409090909093,3
learned+queuePress0.2/0,queue,154,15.363336363636364,0.5441139073643745,14.806727272727272,16.101781818181816,3
learned+queuePress0.2/0,queue,155,15.30879696969697,0.49076860359778396,14.810554545454545,15.976363636363637,3
learned+queuePress0.2/0,queue,156,15.239133333333335,0.4975024616040733,14.733372727272728,15.915590909090911,3
learned+queuePress0.2/0,queue,157,15.153042424242424,0.4978367473535979,14.664554545454546,15.836372727272726,3
learned+queuePress0.2/0,queue,158,15.104430303030304,0.5526630851053825,14.560454545454546,15.862445454545453,3
learned+queuePress0.2/0,queue,159,15.084706060606061,0.5524238342391143,14.603245454545457,15.858263636363636,3
learned+queuePress0.2/0,queue,160,15.033696969696969,0.5330625753318913,14.578499999999998,15.781709090909091,3
learned+queuePress0.2/0,queue,161,14.988596969696971,0.5121380385078668,14.594354545454546,15.71189090909091,3
learned+queuePress0.2/0,queue,162,14.95480606060606,0.5313469455518596,14.5446,15.705154545454546,3
learned+queuePress0.2/0,queue,163,14.903227272727273,0.5020324971097682,14.513772727272727,15.612054545454544,3
learned+queuePress0.2/0,queue,164,14.880293939393942,0.5164063083271481,14.50369090909091,15.61048181818182,3
learned+queuePress0.2/0,queue,165,14.870827272727274,0.5838364208715391,14.455327272727272,15.69649090909091,3
learned+queuePress0.2/0,queue,166,14.864554545454546,0.5951120833848296,14.388018181818182,15.703590909090908,3
learned+queuePress0.2/0,queue,167,14.883469696969696,0.5930096294069184,14.409136363636362,15.71959090909091,3
learned+queuePress0.2/0,queue,168,14.92270606060606,0.6290692544150619,14.412645454545453,15.808981818181818,3
learned+queuePress0.2/0,queue,169,14.941475757575759,0.6449824537871518,14.385063636363638,15.845627272727272,3
learned+queuePress0.2/0,queue,170,14.922369696969698,0.6575268585505349,14.3557,15.8442,3
learned+queuePress0.2/0,queue,171,14.95010606060606,0.6788508329978628,14.394336363636365,15.905927272727274,3
learned+queuePress0.2/0,queue,172,14.969384848484848,0.6979979996471896,14.447145454545455,15.955936363636363,3
learned+queuePress0.2/0,queue,173,14.971724242424242,0.717127543179321,14.3842,15.981390909090909,3
learned+queuePress0.2/0,queue,174,14.93939696969697,0.7065752282959724,14.349027272727273,15.932772727272727,3
learned+queuePress0.2/0,queue,175,14.99818787878788,0.7394152244700848,14.3227,16.027227272727274,3
learned+queuePress0.2/0,queue,176,15.00027878787879,0.6729012592919245,14.405418181818181,15.940981818181818,3
learned+queuePress0.2/0,queue,177,14.981927272727274,0.6313557275504382,14.368872727272729,15.850627272727273,3
learned+queuePress0.2/0,queue,178,14.995109090909091,0.6614882867016818,14.293700000000001,15.881881818181819,3
learned+queuePress0.2/0,queue,179,14.995942424242424,0.6363125928590736,14.282036363636363,15.827336363636363,3
learned+queuePress0.2/0,queue,180,14.931769696969695,0.6072114065543979,14.216218181818181,15.7007,3
learned+queuePress0.2/0,queue,181,14.924763636363636,0.583588279289875,14.19088181818182,15.6187,3
learned+queuePress0.2/0,queue,182,14.86830606060606,0.5824979224514356,14.132563636363637,15.557063636363637,3
learned+queuePress0.2/0,queue,183,14.840663636363637,0.5188007713811481,14.202281818181818,15.473036363636362,3
learned+queuePress0.2/0,queue,184,14.77680909090909,0.459494300003316,14.225527272727271,15.350390909090908,3
learned+queuePress0.2/0,queue,185,14.744721212121213,0.42699589331857385,14.219445454545456,15.265336363636363,3
learned+queuePress0.2/0,queue,186,14.651942424242426,0.3195976538539425,14.254354545454545,15.036900000000001,3
learned+queuePress0.2/0,queue,187,14.654678787878789,0.2576950901111645,14.3293,14.959518181818181,3
learned+queuePress0.2/0,queue,188,14.687333333333333,0.30731375128092453,14.320527272727274,15.07260909090909,3
learned+queuePress0.2/0,queue,189,14.645975757575757,0.2526230733888902,14.367081818181818,14.978790909090911,3
learned+queuePress0.2/0,queue,190,14.593769696969696,0.2365366286911607,14.376181818181818,14.9226,3
learned+queuePress0.2/0,queue,191,14.618245454545454,0.2737995216789556,14.422118181818183,15.005445454545454,3
learned+queuePress0.2/0,queue,192,14.63119696969697,0.2944233026108737,14.395454545454545,15.0463,3
learned+queuePress0.2/0,queue,193,14.667545454545454,0.24285068670493415,14.44611818181818,15.005618181818182,3
learned+queuePress0.2/0,queue,194,14.684512121212121,0.2281791252205371,14.463127272727274,14.998527272727273,3
learned+queuePress0.2/0,queue,195,14.750069696969696,0.23755714456308502,14.535781818181817,15.08129090909091,3
learned+queuePress0.2/0,queue,196,14.838742424242426,0.2723057641041972,14.557172727272729,15.207045454545455,3
learned+queuePress0.2/0,queue,197,14.870981818181818,0.29839934388291106,14.557372727272728,15.272327272727273,3
learned+queuePress0.2/0,queue,198,14.920739393939394,0.3208041488926538,14.647127272727273,15.370954545454545,3
learned+queuePress0.2/0,queue,199,14.939657575757577,0.2776378167028841,14.69959090909091,15.328763636363636,3
learned+queuePress0.2/0,queue,200,14.9728,0.27261806732791743,14.703945454545455,15.346536363636364,3
learned+queuePress0.2/0,queue,201,15.040460606060606,0.2972261419650049,14.788854545454546,15.457872727272727,3
learned+queuePress0.2/0,queue,202,15.112069696969698,0.2756207324796803,14.911027272727273,15.501790909090909,3
learned+queuePress0.2/0,queue,203,15.161354545454545,0.29248304163125916,14.917363636363637,15.57260909090909,3
learned+queuePress0.2/0,queue,204,15.243412121212122,0.37040718242187887,14.964536363636364,15.766872727272727,3
learned+queuePress0.2/0,queue,205,15.304693939393937,0.42467377207751134,14.95981818181818,15.902945454545454,3
learned+queuePress0.2/0,queue,206,15.371442424242424,0.42405243745949106,15.003490909090909,15.965527272727273,3
learned+queuePress0.2/0,queue,207,15.387218181818179,0.39381956818637337,14.980918181818181,15.920263636363636,3
learned+queuePress0.2/0,queue,208,15.450369696969696,0.37774909686676206,15.064245454545455,15.963154545454545,3
learned+queuePress0.2/0,queue,209,15.53031212121212,0.4541692383276947,15.10199090909091,16.158972727272726,3
learned+queuePress0.2/0,queue,210,15.591124242424243,0.4678289179145492,15.179727272727273,16.245554545454546,3
learned+queuePress0.2/0,queue,211,15.664499999999999,0.4696890553976424,15.211436363636365,16.3117,3
learned+queuePress0.2/0,queue,212,15.757481818181818,0.4408364856808448,15.366936363636365,16.3736,3
learned+queuePress0.2/0,queue,213,15.782557575757577,0.4349410765534352,15.388663636363638,16.388645454545454,3
learned+queuePress0.2/0,queue,214,15.825015151515151,0.43742961365849187,15.423054545454546,16.433227272727272,3
learned+queuePress0.2/0,queue,215,15.819121212121212,0.4348929573077562,15.427027272727274,16.425527272727273,3
learned+queuePress0.2/0,queue,216,15.82528484848485,0.4600126278260332,15.463136363636364,16.47439090909091,3
learned+queuePress0.2/0,queue,217,15.802721212121213,0.4998985966778805,15.447527272727273,16.509681818181818,3
learned+queuePress0.2/0,queue,218,15.82650303030303,0.5728044056926417,15.385945454545453,16.6355,3
learned+queuePress0.2/0,queue,219,15.818966666666666,0.6393938034036896,15.348836363636364,16.722963636363634,3
learned+queuePress0.2/0,queue,220,15.721257575757576,0.6087118257848458,15.2714,16.58180909090909,3
learned+queuePress0.2/0,queue,221,15.646706060606059,0.6498564943655277,15.178827272727272,16.565690909090907,3
learned+queuePress0.2/0,queue,222,15.61430909090909,0.7166597302630565,15.094163636363636,16.6277,3
learned+queuePress0.2/0,queue,223,15.531393939393938,0.7902620849683205,14.938636363636363,16.64829090909091,3
learned+queuePress0.2/0,queue,224,15.513863636363636,0.8217962441091808,14.912018181818182,16.67580909090909,3
learned+queuePress0.2/0,queue,225,15.510448484848487,0.8653590641986819,14.858036363636364,16.733336363636365,3
learned+queuePress0.2/0,queue,226,15.439733333333331,0.8039171713681507,14.852981818181819,16.576445454545453,3
learned+queuePress0.2/0,queue,227,15.373830303030303,0.7558492864089531,14.834127272727272,16.442745454545456,3
learned+queuePress0.2/0,queue,228,15.349830303030304,0.7572253194201727,14.792281818181818,16.4204,3
learned+queuePress0.2/0,queue,229,15.309066666666666,0.7865594793203661,14.745854545454545,16.421400000000002,3
learned+queuePress0.2/0,queue,230,15.285154545454546,0.7760141466930665,14.731745454545454,16.382590909090908,3
learned+queuePress0.2/0,queue,231,15.246718181818181,0.7655719564815335,14.648909090909092,16.327363636363636,3
learned+queuePress0.2/0,queue,232,15.237266666666665,0.7516973433479233,14.671027272727274,16.299554545454544,3
learned+queuePress0.2/0,queue,233,15.205906060606061,0.7630999543269862,14.613763636363636,16.283327272727274,3
learned+queuePress0.2/0,queue,234,15.134924242424242,0.7049446189815465,14.550890909090908,16.126654545454546,3
learned+queuePress0.2/0,queue,235,15.084427272727273,0.703069589014663,14.46230909090909,16.06719090909091,3
learned+queuePress0.2/0,queue,236,15.021224242424244,0.6540051494870319,14.41869090909091,15.930190909090909,3
learned+queuePress0.2/0,queue,237,15.09669696969697,0.6953817854722502,14.491609090909092,16.07060909090909,3
learned+queuePress0.2/0,queue,238,15.132024242424242,0.7183659250530454,14.537454545454546,16.14270909090909,3
learned+queuePress0.2/0,queue,239,15.13867575757576,0.6657391155217793,14.575654545454546,16.07369090909091,3
learned+queuePress0.2/0,queue,240,15.139415151515152,0.5880563710696065,14.585481818181819,15.953581818181817,3
learned+queuePress0.2/0,queue,241,15.17870606060606,0.5518009549671542,14.665290909090908,15.944363636363637,3
learned+queuePress0.2/0,queue,242,15.29462727272727,0.47396132509514954,14.842463636363636,15.94921818181818,3
learned+queuePress0.2/0,queue,243,15.338175757575756,0.4550120875900734,14.8546,15.947618181818182,3
learned+queuePress0.2/0,queue,244,15.40498484848485,0.41367587039661,14.905072727272728,15.918109090909091,3
learned+queuePress0.2/0,queue,245,15.48272,0.40734370033179546,14.99424,15.991409999999998,3
learned+queuePress0.2/0,queue,246,15.530685185185185,0.37710559996555004,15.072188888888888,15.995833333333334,3
learned+queuePress0.2/0,queue,247,15.592954166666667,0.36179303854974326,15.1534,16.039525,3
learned+queuePress0.2/0,queue,248,15.56817142857143,0.3327109613606438,15.120757142857144,15.918014285714287,3
learned+queuePress0.2/0,queue,249,15.630633333333334,0.3263444689395046,15.1704,15.890583333333334,3
learned+queuePress0.2/0,delay,0,0.11622222222222223,0.0008710714276675342,0.11516666666666668,0.1173,3
learned+queuePress0.2/0,delay,1,0.11605238095238095,0.000808654995962022,0.11498571428571427,0.11694285714285714,3
learned+queuePress0.2/0,delay,2,0.11592916666666668,0.0007651479522869357,0.1149375,0.1168,3
learned+queuePress0.2/0,delay,3,0.11584074074074074,0.0006353336399241,0.11497777777777778,0.11648888888888889,3
learned+queuePress0.2/0,delay,4,0.11574666666666666,0.0005007549855523701,0.11504,0.11614,3
learned+queuePress0.2/0,delay,5,0.11569393939393939,0.0004899166923803694,0.1150090909090909,0.11612727272727273,3
learned+queuePress0.2/0,delay,6,0.11554545454545455,0.0004243289954961031,0.11496363636363637,0.11596363636363637,3
learned+queuePress0.2/0,delay,7,0.11519090909090911,0.0003971662710149908,0.11470000000000001,0.11567272727272727,3
learned+queuePress0.2/0,delay,8,0.11506060606060607,0.0004148970686738173,0.11459090909090909,0.11560000000000001,3
learned+queuePress0.2/0,delay,9,0.11482727272727272,0.00036792920626996966,0.11439090909090908,0.1152909090909091,3
learned+queuePress0.2/0,delay,10,0.11465454545454545,0.0003328646843262594,0.11420909090909091,0.1150090909090909,3
learned+queuePress0.2/0,delay,11,0.11438181818181818,0.00023082078960656624,0.11407272727272727,0.11462727272727272,3
learned+queuePress0.2/0,delay,12,0.1141060606060606,0.00015218035793321212,0.11389090909090908,0.11421818181818182,3
learned+queuePress0.2/0,delay,13,0.1138,0.00018242323567627664,0.11354545454545453,0.11396363636363636,3
learned+queuePress0.2/0,delay,14,0.11348484848484848,0.00029414238539077924,0.11310909090909091,0.11382727272727272,3
learned+queuePress0.2/0,delay,15,0.1132151515151515,0.0003684778707473358,0.11274545454545454,0.11364545454545455,3
learned+queuePress0.2/0,delay,16,0.11293333333333333,0.0004344867041135069,0.1125,0.11352727272727271,3
learned+queuePress0.2/0,delay,17,0.11262121212121212,0.0004930555393887646,0.11211818181818183,0.1132909090909091,3
learned+queuePress0.2/0,delay,18,0.11240000000000001,0.0005636852373727389,0.11191818181818182,0.1131909090909091,3
learned+queuePress0.2/0,delay,19,0.11203939393939394,0.0004614227210014513,0.11168181818181817,0.11269090909090909,3
learned+queuePress0.2/0,delay,20,0.11176666666666667,0.0004152952637660538,0.1113909090909091,0.11234545454545454,3
learned+queuePress0.2/0,delay,21,0.11149393939393938,0.00038998010356348955,0.11113636363636363,0.11203636363636363,3
learned+queuePress0.2/0,delay,22,0.11118181818181817,0.00036066971681594806,0.1109,0.11169090909090908,3
learned+queuePress0.2/0,delay,23,0.11093636363636365,0.00042839954575010937,0.11056363636363636,0.11153636363636364,3
learned+queuePress0.2/0,delay,24,0.11076060606060606,0.00038321054447362465,0.11044545454545455,0.1113,3
learned+queuePress0.2/0,delay,25,0.11049090909090908,0.00036732972854995046,0.11008181818181818,0.11097272727272726,3
learned+queuePress0.2/0,delay,26,0.11017272727272727,0.0004519928325329437,0.10968181818181817,0.11077272727272726,3
learned+queuePress0.2/0,delay,27,0.10978181818181819,0.00039716627101499637,0.10929090909090909,0.11026363636363637,3
learned+queuePress0.2/0,delay,28,0.10943030303030303,0.0004056307086612102,0.10886363636363637,0.10979090909090909,3
learned+queuePress0.2/0,delay,29,0.10911212121212122,0.00028904071732510156,0.10870909090909091,0.10937272727272727,3
learned+queuePress0.2/0,delay,30,0.10888181818181819,0.0002864237551131442,0.10854545454545454,0.10924545454545455,3
learned+queuePress0.2/0,delay,31,0.1084909090909091,0.00019198829165402459,0.10823636363636364,0.1087,3
learned+queuePress0.2/0,delay,32,0.10822121212121212,8.276666838635013e-05,0.10814545454545454,0.10833636363636363,3
learned+queuePress0.2/0,delay,33,0.1080181818181818,0.0001239834699725915,0.10788181818181819,0.10818181818181817,3
learned+queuePress0.2/0,delay,34,0.10783030303030301,0.00015994719055025818,0.10762727272727272,0.1080181818181818,3
learned+queuePress0.2/0,delay,35,0.10757878787878788,0.0001844257461176164,0.10731818181818181,0.10771818181818182,3
learned+queuePress0.2/0,delay,36,0.1073878787878788,0.0002678691894619326,0.10700909090909091,0.10758181818181818,3
learned+queuePress0.2/0,delay,37,0.10711818181818182,0.0003431341528206674,0.10663636363636364,0.10740909090909091,3
learned+queuePress0.2/0,delay,38,0.10696666666666665,0.0005545868505827595,0.10619090909090909,0.10745454545454546,3
learned+queuePress0.2/0,delay,39,0.10674545454545455,0.0007382504819535749,0.10572727272727273,0.10745454545454546,3
learned+queuePress0.2/0,delay,40,0.10659090909090911,0.0007426035652327673,0.10554545454545455,0.1072,3
learned+queuePress0.2/0,delay,41,0.10638484848484848,0.0008165753026984392,0.10523636363636363,0.10706363636363636,3
learned+queuePress0.2/0,delay,42,0.10623636363636364,0.0008886179568736095,0.10498181818181819,0.10692727272727272,3
learned+queuePress0.2/0,delay,43,0.1061030303030303,0.000989040031371194,0.1047090909090909,0.1069,3
learned+queuePress0.2/0,delay,44,0.10584242424242424,0.001075966689022549,0.10434545454545453,0.10682727272727273,3
learned+queuePress0.2/0,delay,45,0.10563030303030303,0.00103963686533034,0.10421818181818182,0.10669090909090909,3
learned+queuePress0.2/0,delay,46,0.10540000000000001,0.0010375060157812872,0.10401818181818183,0.10651818181818182,3
learned+queuePress0.2/0,delay,47,0.10526969696969697,0.0011676147269527243,0.10376363636363636,0.10660909090909092,3
learned+queuePress0.2/0,delay,48,0.10514242424242425,0.0012545527740966372,0.10361818181818182,0.10669090909090909,3
learned+queuePress0.2/0,delay,49,0.10493333333333332,0.0013144950183822334,0.10343636363636363,0.10663636363636364,3
learned+queuePress0.2/0,delay,50,0.10483030303030304,0.0015302700266468117,0.10322727272727272,0.10689090909090909,3
learned+queuePress0.2/0,delay,51,0.10464848484848484,0.001573827489283327,0.10299090909090909,0.10676363636363635,3
learned+queuePress0.2/0,delay,52,0.10424545454545454,0.0014872645772911468,0.10262727272727273,0.10621818181818182,3
learned+queuePress0.2/0,delay,53,0.1039969696969697,0.001524263509704155,0.10235454545454545,0.10602727272727273,3
learned+queuePress0.2/0,delay,54,0.1037878787878788,0.0015357867544045967,0.10221818181818182,0.10587272727272729,3
learned+queuePress0.2/0,delay,55,0.10365151515151515,0.0014514044368480203,0.10218181818181817,0.10562727272727272,3
learned+queuePress0.2/0,delay,56,0.10344545454545455,0.0013692611266876201,0.10210909090909091,0.10532727272727273,3
learned+queuePress0.2/0,delay,57,0.10313030303030303,0.0013440068651711509,0.10186363636363636,0.1049909090909091,3
learned+queuePress0.2/0,delay,58,0.10273030303030302,0.0012976421366402216,0.10154545454545455,0.10453636363636364,3
learned+queuePress0.2/0,delay,59,0.10244545454545455,0.0012804312290128697,0.10131818181818182,0.10423636363636364,3
learned+queuePress0.2/0,delay,60,0.10225151515151515,0.0012126589716201668,0.10117272727272728,0.10394545454545455,3
learned+queuePress0.2/0,delay,61,0.10198787878787878,0.0011325714502806502,0.10105454545454545,0.10358181818181818,3
learned+queuePress0.2/0,delay,62,0.1017090909090909,0.001080582436560882,0.10089999999999999,0.10323636363636363,3
learned+queuePress0.2/0,delay,63,0.10160000000000001,0.0011019891856498647,0.10072727272727273,0.10315454545454546,3
learned+queuePress0.2/0,delay,64,0.10140303030303031,0.001070370635155134,0.10051818181818181,0.10290909090909092,3
learned+queuePress0.2/0,delay,65,0.10111818181818183,0.001027554265523262,0.10020909090909091,0.10255454545454547,3
learned+queuePress0.2/0,delay,66,0.10085151515151515,0.0009751268430123755,0.09992727272727273,0.10220000000000001,3
learned+queuePress0.2/0,delay,67,0.10053333333333332,0.0009823324504254455,0.09974545454545454,0.10191818181818181,3
learned+queuePress0.2/0,delay,68,0.10033030303030303,0.0008602111770107297,0.09967272727272727,0.10154545454545455,3
learned+queuePress0.2/0,delay,69,0.10007878787878788,0.0007423191020170996,0.09950909090909091,0.10112727272727273,3
learned+queuePress0.2/0,delay,70,0.09979090909090908,0.0005787323470107654,0.09936363636363636,0.10060909090909091,3
learned+queuePress0.2/0,delay,71,0.09940303030303031,0.000556174127624393,0.09891818181818182,0.10018181818181819,3
learned+queuePress0.2/0,delay,72,0.09900000000000002,0.0005498810289558157,0.09834545454545456,0.0996909090909091,3
learned+queuePress0.2/0,delay,73,0.09856363636363637,0.0006385676119576729,0.09773636363636364,0.0992909090909091,3
learned+queuePress0.2/0,delay,74,0.09821212121212121,0.0006555687847881461,0.09730909090909091,0.09884545454545454,3
learned+queuePress0.2/0,delay,75,0.0978,0.000710061495804203,0.0968090909090909,0.09843636363636364,3
learned+queuePress0.2/0,delay,76,0.09729393939393939,0.0007646578065155673,0.09621818181818181,0.09792727272727272,3
learned+queuePress0.2/0,delay,77,0.09680909090909091,0.0007419355225080112,0.09576363636363636,0.0974090909090909,3
learned+queuePress0.2/0,delay,78,0.0963818181818182,0.0006500264881231447,0.09547272727272728,0.09695454545454546,3
learned+queuePress0.2/0,delay,79,0.09601212121212122,0.000652620626610373,0.09512727272727273,0.09668181818181817,3
learned+queuePress0.2/0,delay,80,0.09572424242424242,0.0006073168797836567,0.09494545454545454,0.09642727272727272,3
learned+queuePress0.2/0,delay,81,0.09536666666666667,0.0006278360813837047,0.09461818181818181,0.09615454545454546,3
learned+queuePress0.2/0,delay,82,0.09512727272727273,0.0005564052272036137,0.09453636363636364,0.09587272727272728,3
learned+queuePress0.2/0,delay,83,0.09486666666666665,0.000576506689700181,0.09444545454545454,0.09568181818181819,3
learned+queuePress0.2/0,delay,84,0.09463030303030302,0.0006724132491214922,0.09392727272727272,0.09553636363636363,3
learned+queuePress0.2/0,delay,85,0.09445454545454546,0.0008023038452201869,0.09353636363636363,0.09549090909090908,3
learned+queuePress0.2/0,delay,86,0.09432424242424242,0.0009347097289098051,0.09308181818181818,0.09533636363636364,3
learned+queuePress0.2/0,delay,87,0.09425454545454544,0.0010555115741646796,0.0928090909090909,0.0953,3
learned+queuePress0.2/0,delay,88,0.09414545454545455,0.0009889471820707227,0.09277272727272727,0.09506363636363636,3
learned+queuePress0.2/0,delay,89,0.09402121212121212,0.001059245881062228,0.09254545454545454,0.09498181818181818,3
learned+queuePress0.2/0,delay,90,0.09398181818181818,0.000998952619541166,0.0926,0.09492727272727274,3
learned+queuePress0.2/0,delay,91,0.09384848484848485,0.0009831173596694268,0.09251818181818182,0.09486363636363637,3
learned+queuePress0.2/0,delay,92,0.09370909090909091,0.0009520747244789842,0.0924,0.09463636363636363,3
learned+queuePress0.2/0,delay,93,0.09349393939393941,0.0010002846243246147,0.09210909090909092,0.09443636363636364,3
learned+queuePress0.2/0,delay,94,0.09332424242424242,0.0009274608642574108,0.09201818181818182,0.09408181818181817,3
learned+queuePress0.2/0,delay,95,0.09326666666666666,0.0007498882683838192,0.09220909090909091,0.09386363636363636,3
learned+queuePress0.2/0,delay,96,0.09303030303030302,0.0006835466306894545,0.09206363636363636,0.09351818181818182,3
learned+queuePress0.2/0,delay,97,0.09293636363636364,0.0005599586761612525,0.09215454545454546,0.09343636363636364,3
learned+queuePress0.2/0,delay,98,0.09276363636363637,0.0004365529892197437,0.0922,0.09326363636363637,3
learned+queuePress0.2/0,delay,99,0.09268484848484848,0.00039843587670045365,0.09230909090909091,0.09323636363636364,3
learned+queuePress0.2/0,delay,100,0.09270606060606061,0.0003186000137769889,0.0924,0.09314545454545455,3
learned+queuePress0.2/0,delay,101,0.0926030303030303,0.00028645581328719174,0.09220909090909091,0.09288181818181819,3
learned+queuePress0.2/0,delay,102,0.09247575757575759,0.0003240866235709181,0.09209999999999999,0.0928909090909091,3
learned+queuePress0.2/0,delay,103,0.09242727272727273,0.0004812747077840445,0.0919,0.09306363636363636,3
learned+queuePress0.2/0,delay,104,0.09236666666666667,0.0006600915427512751,0.09165454545454545,0.09324545454545455,3
learned+queuePress0.2/0,delay,105,0.09225151515151515,0.0007468698070772461,0.09136363636363636,0.09319090909090909,3
learned+queuePress0.2/0,delay,106,0.09213636363636364,0.0006150992663286293,0.09142727272727273,0.09292727272727273,3
learned+queuePress0.2/0,delay,107,0.0921060606060606,0.0006627571316935416,0.09136363636363636,0.09297272727272726,3
learned+queuePress0.2/0,delay,108,0.0919151515151515,0.0007029780544848132,0.09116363636363635,0.09285454545454547,3
learned+queuePress0.2/0,delay,109,0.09186666666666667,0.0006871642263774003,0.09104545454545455,0.09272727272727273,3
learned+queuePress0.2/0,delay,110,0.0917121212121212,0.0005660911029355362,0.09105454545454546,0.09243636363636364,3
learned+queuePress0.2/0,delay,111,0.09146060606060606,0.00044932354012429274,0.0909,0.092,3
learned+queuePress0.2/0,delay,112,0.09137878787878788,0.0004362584048198232,0.09076363636363637,0.09172727272727271,3
learned+queuePress0.2/0,delay,113,0.09127272727272728,0.00043869327625758233,0.09075454545454545,0.09182727272727273,3
learned+queuePress0.2/0,delay,114,0.09116666666666666,0.0005065049763751064,0.0907090909090909,0.09187272727272727,3
learned+queuePress0.2/0,delay,115,0.09114848484848485,0.0005723824519130896,0.09062727272727272,0.09194545454545455,3
learned+queuePress0.2/0,delay,116,0.09110606060606062,0.0004819801519257065,0.09058181818181818,0.09174545454545456,3
learned+queuePress0.2/0,delay,117,0.09105151515151515,0.0006058181333139247,0.09040909090909091,0.09186363636363636,3
learned+queuePress0.2/0,delay,118,0.09106666666666667,0.0006587547035219586,0.09022727272727273,0.09183636363636363,3
learned+queuePress0.2/0,delay,119,0.09101818181818182,0.0007829801090958029,0.08993636363636363,0.09176363636363637,3
learned+queuePress0.2/0,delay,120,0.09089090909090909,0.0008873770430481756,0.08963636363636364,0.09154545454545455,3
learned+queuePress0.2/0,delay,121,0.09072727272727273,0.0009152518508111445,0.08943636363636363,0.09145454545454546,3
learned+queuePress0.2/0,delay,122,0.09067575757575758,0.0009817714167687952,0.08932727272727273,0.09163636363636364,3
learned+queuePress0.2/0,delay,123,0.09048181818181818,0.001215872981621852,0.08888181818181819,0.09182727272727273,3
learned+queuePress0.2/0,delay,124,0.09047575757575758,0.0011889373761814245,0.08898181818181818,0.09189090909090908,3
learned+queuePress0.2/0,delay,125,0.09056363636363636,0.0012493965485534143,0.0890909090909091,0.09214545454545454,3
learned+queuePress0.2/0,delay,126,0.09044848484848485,0.0013153539852525477,0.08898181818181818,0.09217272727272728,3
learned+queuePress0.2/0,delay,127,0.09041515151515152,0.0014104359823255879,0.08882727272727273,0.09225454545454545,3
learned+queuePress0.2/0,delay,128,0.09042121212121212,0.0015035189821416383,0.08884545454545455,0.09244545454545454,3
learned+queuePress0.2/0,delay,129,0.09028787878787879,0.0013968546590378183,0.08885454545454546,0.09218181818181818,3
learned+queuePress0.2/0,delay,130,0.09026666666666668,0.0012218022485733623,0.08913636363636364,0.09196363636363637,3
learned+queuePress0.2/0,delay,131,0.09030909090909091,0.0012959780972879712,0.0892,0.09212727272727274,3
learned+queuePress0.2/0,delay,132,0.09042121212121212,0.001322955480331252,0.08942727272727273,0.0922909090909091,3
learned+queuePress0.2/0,delay,133,0.09046969696969698,0.001294240969752919,0.08954545454545454,0.09230000000000001,3
learned+queuePress0.2/0,delay,134,0.09049090909090911,0.0013249668637677857,0.08950000000000001,0.09236363636363637,3
learned+queuePress0.2/0,delay,135,0.09042424242424242,0.0013522012119278092,0.08944545454545455,0.09233636363636365,3
learned+queuePress0.2/0,delay,136,0.09030909090909091,0.0015108605906958767,0.08920909090909092,0.09244545454545454,3
learned+queuePress0.2/0,delay,137,0.09031515151515151,0.0014742852465050428,0.08925454545454546,0.0924,3
learned+queuePress0.2/0,delay,138,0.09025757575757576,0.0014250481280033336,0.08922727272727272,0.09227272727272727,3
learned+queuePress0.2/0,delay,139,0.0901,0.0013953286884316237,0.08907272727272728,0.09207272727272726,3
learned+queuePress0.2/0,delay,140,0.09003030303030303,0.0014329136421880973,0.08893636363636365,0.09205454545454544,3
learned+queuePress0.2/0,delay,141,0.08997575757575758,0.0014603356973463242,0.08860909090909092,0.092,3
learned+queuePress0.2/0,delay,142,0.08981515151515151,0.0014657961353395955,0.08832727272727273,0.09180909090909091,3
learned+queuePress0.2/0,delay,143,0.08964545454545454,0.00144816783649017,0.08808181818181818,0.09157272727272726,3
learned+queuePress0.2/0,delay,144,0.08947575757575758,0.001476077993962637,0.08777272727272728,0.09137272727272726,3
learned+queuePress0.2/0,delay,145,0.0893090909090909,0.0014574024971048614,0.08762727272727272,0.09118181818181817,3
learned+queuePress0.2/0,delay,146,0.08927575757575756,0.0014327213761864011,0.0876,0.0911,3
learned+queuePress0.2/0,delay,147,0.08910909090909092,0.0012731384617156603,0.08753636363636363,0.09065454545454545,3
learned+queuePress0.2/0,delay,148,0.0888969696969697,0.0012325326862899786,0.08740909090909091,0.09042727272727273,3
learned+queuePress0.2/0,delay,149,0.08878484848484848,0.0012488746081815076,0.08734545454545455,0.09039090909090909,3
learned+queuePress0.2/0,delay,150,0.08868484848484848,0.00124573837361641,0.08728181818181818,0.09030909090909091,3
learned+queuePress0.2/0,delay,151,0.08857272727272726,0.0012553576641793206,0.08717272727272728,0.09021818181818181,3
learned+queuePress0.2/0,delay,152,0.08843939393939393,0.0014060148895389188,0.0871,0.09038181818181817,3
learned+queuePress0.2/0,delay,153,0.08830303030303029,0.0013495705537401527,0.08707272727272727,0.09018181818181818,3
learned+queuePress0.2/0,delay,154,0.0881787878787879,0.0013059797486044407,0.08696363636363637,0.0899909090909091,3
learned+queuePress0.2/0,delay,155,0.0879969696969697,0.0013508559338073964,0.08674545454545456,0.08987272727272727,3
learned+queuePress0.2/0,delay,156,0.08777575757575758,0.0013472619582715487,0.08660909090909091,0.08966363636363636,3
learned+queuePress0.2/0,delay,157,0.08743939393939393,0.0013207880887524171,0.0863,0.08929090909090909,3
learned+queuePress0.2/0,delay,158,0.08726060606060605,0.001383120067200912,0.08598181818181817,0.08918181818181818,3
learned+queuePress0.2/0,delay,159,0.08715757575757575,0.001438095107782041,0.0857090909090909,0.08911818181818182,3
learned+queuePress0.2/0,delay,160,0.08697575757575758,0.0014639343444710728,0.0853090909090909,0.08887272727272727,3
learned+queuePress0.2/0,delay,161,0.08680303030303031,0.001414025247753937,0.08507272727272727,0.08853636363636364,3
learned+queuePress0.2/0,delay,162,0.0866969696969697,0.0013956313841821683,0.08497272727272727,0.08839090909090909,3
learned+queuePress0.2/0,delay,163,0.08659393939393939,0.0014152326237219866,0.08471818181818182,0.08813636363636364,3
learned+queuePress0.2/0,delay,164,0.08654242424242424,0.0014254926814111126,0.08464545454545455,0.08808181818181818,3
learned+queuePress0.2/0,delay,165,0.08652424242424243,0.001569269861162621,0.0844090909090909,0.08816363636363636,3
learned+queuePress0.2/0,delay,166,0.08662121212121214,0.0014957484897322381,0.08458181818181819,0.08812727272727273,3
learned+queuePress0.2/0,delay,167,0.08678787878787879,0.0016246946453231709,0.08450909090909091,0.08818181818181818,3
learned+queuePress0.2/0,delay,168,0.08689999999999999,0.001761682766788307,0.08442727272727273,0.0884,3
learned+queuePress0.2/0,delay,169,0.08696666666666668,0.0018592681005183548,0.08437272727272728,0.08863636363636364,3
learned+queuePress0.2/0,delay,170,0.08698787878787878,0.0018968051046805866,0.08434545454545454,0.0887090909090909,3
learned+queuePress0.2/0,delay,171,0.0871787878787879,0.0019424975167004746,0.0845,0.08904545454545455,3
learned+queuePress0.2/0,delay,172,0.08731515151515153,0.0020960060844302853,0.08445454545454546,0.08941818181818183,3
learned+queuePress0.2/0,delay,173,0.0874060606060606,0.002183286542934369,0.08444545454545455,0.08964545454545454,3
learned+queuePress0.2/0,delay,174,0.08748787878787878,0.002198037358129263,0.08455454545454545,0.08984545454545455,3
learned+queuePress0.2/0,delay,175,0.08771818181818182,0.0023477789750533332,0.08460909090909091,0.09028181818181819,3
learned+queuePress0.2/0,delay,176,0.08786666666666666,0.002330730543595792,0.08482727272727272,0.0904909090909091,3
learned+queuePress0.2/0,delay,177,0.08791818181818183,0.002296757805849978,0.0849090909090909,0.09048181818181819,3
learned+queuePress0.2/0,delay,178,0.0880030303030303,0.0023824002681432904,0.08496363636363637,0.09078181818181819,3
learned+queuePress0.2/0,delay,179,0.08818181818181818,0.0023154648368023953,0.08522727272727272,0.09088181818181819,3
learned+queuePress0.2/0,delay,180,0.08809393939393939,0.0021912716075454686,0.0853090909090909,0.09066363636363636,3
learned+queuePress0.2/0,delay,181,0.08816969696969697,0.002156473160555139,0.08550909090909091,0.09079090909090909,3
learned+queuePress0.2/0,delay,182,0.08810606060606062,0.0021784106387289465,0.08557272727272727,0.09089090909090909,3
learned+queuePress0.2/0,delay,183,0.08811515151515152,0.0020738478275307243,0.08585454545454546,0.09086363636363637,3
learned+queuePress0.2/0,delay,184,0.08793636363636363,0.002059380205779379,0.08589090909090909,0.09075454545454545,3
learned+queuePress0.2/0,delay,185,0.08780606060606061,0.0020448192054809532,0.08584545454545454,0.09062727272727272,3
learned+queuePress0.2/0,delay,186,0.08761818181818182,0.0018851748718675034,0.08600909090909091,0.09026363636363637,3
learned+queuePress0.2/0,delay,187,0.08754545454545454,0.0018433261349173734,0.08608181818181818,0.09014545454545454,3
learned+queuePress0.2/0,delay,188,0.0875030303030303,0.0020295928201515302,0.08601818181818183,0.09037272727272727,3
learned+queuePress0.2/0,delay,189,0.08743333333333335,0.0020094313894043763,0.08572727272727274,0.09025454545454546,3
learned+queuePress0.2/0,delay,190,0.08733333333333333,0.0020301085388526644,0.08533636363636364,0.09011818181818182,3
learned+queuePress0.2/0,delay,191,0.08744242424242425,0.0022054444694033226,0.08514545454545454,0.09041818181818183,3
learned+queuePress0.2/0,delay,192,0.08746363636363637,0.0021332601571471825,0.08517272727272727,0.09030909090909091,3
learned+queuePress0.2/0,delay,193,0.08743636363636365,0.0019267151852203465,0.08537272727272728,0.09000909090909091,3
learned+queuePress0.2/0,delay,194,0.08742424242424242,0.001821910318442737,0.08537272727272728,0.0898,3
learned+queuePress0.2/0,delay,195,0.08764242424242424,0.0017158045656838897,0.08567272727272728,0.08985454545454546,3
learned+queuePress0.2/0,delay,196,0.08772121212121213,0.001599661350754671,0.08577272727272728,0.0896909090909091,3
learned+queuePress0.2/0,delay,197,0.08778484848484848,0.0015143816225794047,0.08594545454545455,0.08965454545454545,3
learned+queuePress0.2/0,delay,198,0.08783030303030304,0.0014742291880186892,0.08599090909090909,0.0896,3
learned+queuePress0.2/0,delay,199,0.08787878787878788,0.00131357257543215,0.08618181818181818,0.08938181818181817,3
learned+queuePress0.2/0,delay,200,0.0877969696969697,0.001219161373086918,0.08620909090909092,0.08917272727272728,3
learned+queuePress0.2/0,delay,201,0.08779999999999999,0.001280129986512758,0.08614545454545454,0.08926363636363636,3
learned+queuePress0.2/0,delay,202,0.08794242424242425,0.0010798003420522029,0.08647272727272727,0.08903636363636364,3
learned+queuePress0.2/0,delay,203,0.0878969696969697,0.001170160059060304,0.0862909090909091,0.08904545454545455,3
learned+queuePress0.2/0,delay,204,0.0879939393939394,0.0012477270427406794,0.0862909090909091,0.08924545454545454,3
learned+queuePress0.2/0,delay,205,0.08808787878787878,0.001248256819422992,0.08640909090909091,0.08940000000000001,3
learned+queuePress0.2/0,delay,206,0.08806666666666667,0.0012715434609899964,0.08636363636363636,0.08941818181818183,3
learned+queuePress0.2/0,delay,207,0.08803333333333334,0.0012438351190931414,0.08639090909090909,0.08940000000000001,3
learned+queuePress0.2/0,delay,208,0.08794242424242425,0.0013457479887480645,0.08612727272727273,0.08934545454545455,3
learned+queuePress0.2/0,delay,209,0.08797272727272727,0.0014740360813582552,0.08597272727272727,0.08948181818181818,3
learned+queuePress0.2/0,delay,210,0.08802121212121213,0.0016164841849810481,0.0858,0.0896,3
learned+queuePress0.2/0,delay,211,0.08811212121212121,0.0015814059604522496,0.08592727272727273,0.08961818181818182,3
learned+queuePress0.2/0,delay,212,0.08811515151515152,0.0015374361207959209,0.08598181818181817,0.08954545454545454,3
learned+queuePress0.2/0,delay,213,0.08806666666666667,0.0015668805902830294,0.08589090909090909,0.08951818181818182,3
learned+queuePress0.2/0,delay,214,0.0880909090909091,0.0015714568349216717,0.0859,0.08950909090909091,3
learned+queuePress0.2/0,delay,215,0.08804848484848486,0.0016485461218558996,0.08573636363636364,0.08946363636363636,3
learned+queuePress0.2/0,delay,216,0.08785151515151517,0.001706160177943657,0.08546363636363637,0.08934545454545455,3
learned+queuePress0.2/0,delay,217,0.0878090909090909,0.0016787112989863223,0.08546363636363637,0.08929999999999999,3
learned+queuePress0.2/0,delay,218,0.08777575757575758,0.00169647720126105,0.0854090909090909,0.08929999999999999,3
learned+queuePress0.2/0,delay,219,0.08777878787878789,0.0016415462262317924,0.08549090909090909,0.08926363636363636,3
learned+queuePress0.2/0,delay,220,0.08763939393939395,0.0015328601497694245,0.08552727272727273,0.08911818181818182,3
learned+queuePress0.2/0,delay,221,0.08742727272727273,0.0014352316214334606,0.08545454545454546,0.08882727272727273,3
learned+queuePress0.2/0,delay,222,0.08739090909090909,0.0014112300478426212,0.08547272727272727,0.08882727272727273,3
learned+queuePress0.2/0,delay,223,0.08734848484848484,0.001358907625896934,0.08557272727272727,0.08887272727272727,3
learned+queuePress0.2/0,delay,224,0.0873090909090909,0.0013222403560732249,0.08565454545454546,0.08889090909090909,3
learned+queuePress0.2/0,delay,225,0.08721818181818182,0.0011853327693541096,0.0858090909090909,0.0887090909090909,3
learned+queuePress0.2/0,delay,226,0.08711212121212121,0.001048160748647165,0.08590909090909091,0.08846363636363636,3
learned+queuePress0.2/0,delay,227,0.08713333333333334,0.0009508683383507234,0.08612727272727273,0.08840909090909091,3
learned+queuePress0.2/0,delay,228,0.08712424242424242,0.0008914139983403366,0.08621818181818182,0.08833636363636364,3
learned+queuePress0.2/0,delay,229,0.08722424242424243,0.0010409079881781534,0.08638181818181817,0.0886909090909091,3
learned+queuePress0.2/0,delay,230,0.08724242424242425,0.0011017725096377983,0.08642727272727273,0.0888,3
learned+queuePress0.2/0,delay,231,0.0871909090909091,0.0010037944539521679,0.08642727272727273,0.08860909090909092,3
learned+queuePress0.2/0,delay,232,0.08726060606060605,0.0010099323091446158,0.08642727272727273,0.08868181818181818,3
learned+queuePress0.2/0,delay,233,0.08711212121212121,0.0011283067919287666,0.08618181818181818,0.0887,3
learned+queuePress0.2/0,delay,234,0.08696666666666668,0.001108751396950081,0.08605454545454545,0.08852727272727273,3
learned+queuePress0.2/0,delay,235,0.08680303030303031,0.0012350334496163467,0.08582727272727272,0.08854545454545454,3
learned+queuePress0.2/0,delay,236,0.08673030303030303,0.001249580278477525,0.08571818181818182,0.08849090909090909,3
learned+queuePress0.2/0,delay,237,0.08682424242424241,0.0014057405591868294,0.08564545454545454,0.0888,3
learned+queuePress0.2/0,delay,238,0.08686363636363637,0.0014910384275016167,0.08558181818181819,0.08895454545454545,3
learned+queuePress0.2/0,delay,239,0.08676666666666666,0.0014416537285045037,0.08549090909090909,0.08878181818181818,3
learned+queuePress0.2/0,delay,240,0.08663939393939395,0.0013021773106582017,0.08550909090909091,0.08846363636363637,3
learned+queuePress0.2/0,delay,241,0.08663939393939395,0.0011835729009038321,0.08562727272727272,0.0883,3
learned+queuePress0.2/0,delay,242,0.0866818181818182,0.0011220062707602656,0.08554545454545454,0.08820909090909092,3
learned+queuePress0.2/0,delay,243,0.08668484848484848,0.0010561464684020329,0.08576363636363636,0.08816363636363636,3
learned+queuePress0.2/0,delay,244,0.08681818181818181,0.0008971027747308342,0.08602727272727272,0.08807272727272727,3
learned+queuePress0.2/0,delay,245,0.08689666666666666,0.0008718690013732295,0.0861,0.08811,3
learned+queuePress0.2/0,delay,246,0.08696666666666668,0.0007802078439976079,0.08618888888888888,0.08803333333333334,3
learned+queuePress0.2/0,delay,247,0.08707083333333333,0.0007837100158150937,0.0863125,0.08815,3
learned+queuePress0.2/0,delay,248,0.08698095238095238,0.0005229863661980389,0.08647142857142856,0.0877,3
learned+queuePress0.2/0,delay,249,0.08697777777777778,0.00029323651600881206,0.0867,0.08738333333333333,3
learned+queuePress0.2/0,throughput,0,7663.88888888889,58.32259160358047,7582.5,7716.166666666667,3
learned+queuePress0.2/0,throughput,1,7684.190476190476,61.3304125302757,7602.142857142857,7749.571428571428,3
learned+queuePress0.2/0,throughput,2,7697.75,64.87351475499587,7612.0,7768.875,3
learned+queuePress0.2/0,throughput,3,7713.518518518518,71.3812769155997,7623.888888888889,7798.555555555556,3
learned+queuePress0.2/0,throughput,4,7734.266666666666,81.20740250877523,7632.9,7831.7,3
learned+queuePress0.2/0,throughput,5,7749.606060606061,92.00432177336573,7636.909090909091,7862.272727272727,3
learned+queuePress0.2/0,throughput,6,7786.242424242424,102.55873364841499,7669.545454545455,7919.181818181818,3
learned+queuePress0.2/0,throughput,7,7825.939393939395,116.24435963883187,7697.0,7978.727272727273,3
learned+queuePress0.2/0,throughput,8,7858.818181818181,127.80242585763554,7723.0,8030.0,3
learned+queuePress0.2/0,throughput,9,7901.363636363636,138.0580985219377,7752.636363636364,8085.272727272727,3
learned+queuePress0.2/0,throughput,10,7942.121212121212,144.4799228873653,7794.272727272727,8138.181818181818,3
learned+queuePress0.2/0,throughput,11,7977.909090909091,151.5837238767826,7828.181818181818,8185.636363636364,3
learned+queuePress0.2/0,throughput,12,8024.060606060605,158.52467776939824,7861.181818181818,8238.90909090909,3
learned+queuePress0.2/0,throughput,13,8072.121212121212,160.03739806275286,7905.727272727273,8288.181818181818,3
learned+queuePress0.2/0,throughput,14,8122.939393939395,162.2683614272786,7949.181818181818,8339.636363636364,3
learned+queuePress0.2/0,throughput,15,8164.393939393939,153.33530361651816,7999.0,8368.545454545454,3
learned+queuePress0.2/0,throughput,16,8203.757575757576,144.65565331121508,8049.909090909091,8397.454545454546,3
learned+queuePress0.2/0,throughput,17,8240.48484848485,143.3470875584098,8084.545454545455,8430.636363636364,3
learned+queuePress0.2/0,throughput,18,8275.575757575758,137.8636355310442,8132.090909090909,8461.636363636364,3
learned+queuePress0.2/0,throughput,19,8330.363636363636,134.82336163653233,8181.545454545455,8508.0,3
learned+queuePress0.2/0,throughput,20,8376.272727272726,128.20530625120054,8228.181818181818,8540.90909090909,3
learned+queuePress0.2/0,throughput,21,8410.787878787878,124.65538906872416,8256.272727272728,8561.545454545454,3
learned+queuePress0.2/0,throughput,22,8453.848484848486,120.38813110946363,8297.727272727272,8590.727272727272,3
learned+queuePress0.2/0,throughput,23,8483.878787878788,109.95451935643905,8339.727272727272,8606.454545454546,3
learned+queuePress0.2/0,throughput,24,8518.575757575758,120.1695847928019,8363.09090909091,8655.727272727272,3
learned+queuePress0.2/0,throughput,25,8554.30303030303,109.12096387338887,8411.0,8675.545454545454,3
learned+queuePress0.2/0,throughput,26,8590.636363636362,114.78311084142655,8445.0,8725.545454545454,3
learned+queuePress0.2/0,throughput,27,8629.454545454546,105.56788580054388,8493.09090909091,8750.272727272728,3
learned+queuePress0.2/0,throughput,28,8664.484848484848,95.98164233721148,8536.545454545454,8767.727272727272,3
learned+queuePress0.2/0,throughput,29,8707.727272727274,97.5075330847028,8574.09090909091,8804.0,3
learned+queuePress0.2/0,throughput,30,8737.757575757576,91.77539757272996,8614.181818181818,8833.90909090909,3
learned+queuePress0.2/0,throughput,31,8770.818181818182,102.16523644170758,8637.0,8884.90909090909,3
learned+queuePress0.2/0,throughput,32,8811.454545454546,100.35888767861155,8689.181818181818,8935.0,3
learned+queuePress0.2/0,throughput,33,8842.424242424242,94.74222918433583,8734.818181818182,8965.363636363636,3
learned+queuePress0.2/0,throughput,34,8875.666666666666,102.30522940333555,8765.90909090909,9012.181818181818,3
learned+queuePress0.2/0,throughput,35,8910.030303030304,105.24915561018771,8806.636363636364,9054.454545454546,3
learned+queuePress0.2/0,throughput,36,8939.242424242424,113.3363879024433,8839.272727272728,9097.727272727272,3
learned+queuePress0.2/0,throughput,37,8970.69696969697,119.46529939447761,8853.09090909091,9134.545454545454,3
learned+queuePress0.2/0,throughput,38,9000.90909090909,128.45826626106586,8867.0,9174.181818181818,3
learned+queuePress0.2/0,throughput,39,9035.363636363636,142.24948014158446,8886.545454545454,9227.0,3
learned+queuePress0.2/0,throughput,40,9060.575757575758,136.14900954738755,8926.181818181818,9247.181818181818,3
learned+queuePress0.2/0,throughput,41,9086.09090909091,131.6345429306533,8958.181818181818,9267.181818181818,3
learned+queuePress0.2/0,throughput,42,9104.969696969698,118.8421953738892,8992.181818181818,9269.272727272728,3
learned+queuePress0.2/0,throughput,43,9123.848484848486,120.10060826873334,9005.818181818182,9288.636363636364,3
learned+queuePress0.2/0,throughput,44,9137.212121212122,117.14021955609101,9017.363636363636,9296.181818181818,3
learned+queuePress0.2/0,throughput,45,9157.545454545454,109.75527497881328,9041.454545454546,9304.818181818182,3
learned+queuePress0.2/0,throughput,46,9168.878787878788,93.71018958838184,9062.272727272728,9290.363636363636,3
learned+queuePress0.2/0,throughput,47,9183.90909090909,90.27316976302144,9072.272727272728,9293.363636363636,3
learned+queuePress0.2/0,throughput,48,9196.09090909091,78.88105213341774,9104.818181818182,9297.272727272728,3
learned+queuePress0.2/0,throughput,49,9213.545454545454,73.39943176906775,9128.90909090909,9307.90909090909,3
learned+queuePress0.2/0,throughput,50,9222.787878787878,60.131963847996815,9154.90909090909,9301.09090909091,3
learned+queuePress0.2/0,throughput,51,9228.787878787878,69.04469480433939,9143.272727272728,9312.363636363636,3
learned+queuePress0.2/0,throughput,52,9238.636363636364,55.3589339695765,9167.454545454546,9302.454545454546,3
learned+queuePress0.2/0,throughput,53,9251.484848484848,49.6114563622915,9183.363636363636,9300.09090909091,3
learned+queuePress0.2/0,throughput,54,9255.121212121212,46.59232567444899,9189.363636363636,9291.636363636364,3
learned+queuePress0.2/0,throughput,55,9277.121212121212,56.46580833990034,9197.272727272728,9317.90909090909,3
learned+queuePress0.2/0,throughput,56,9289.212121212122,53.386698508094526,9213.727272727272,9328.272727272728,3
learned+queuePress0.2/0,throughput,57,9287.636363636362,57.33940322792419,9206.90909090909,9334.636363636364,3
learned+queuePress0.2/0,throughput,58,9287.151515151514,61.00003763415409,9201.363636363636,9337.90909090909,3
learned+queuePress0.2/0,throughput,59,9291.151515151514,63.75998094322676,9201.0,9337.818181818182,3
learned+queuePress0.2/0,throughput,60,9287.121212121212,66.82514221975543,9194.0,9347.636363636364,3
learned+queuePress0.2/0,throughput,61,9294.727272727274,63.438784184778825,9210.09090909091,9362.818181818182,3
learned+queuePress0.2/0,throughput,62,9301.121212121212,59.08281218807624,9223.727272727272,9367.09090909091,3
learned+queuePress0.2/0,throughput,63,9305.818181818182,69.6723540193712,9214.90909090909,9384.181818181818,3
learned+queuePress0.2/0,throughput,64,9302.242424242424,76.6956107778037,9209.545454545454,9397.363636363636,3
learned+queuePress0.2/0,throughput,65,9309.121212121212,69.13723858683063,9240.181818181818,9403.636363636364,3
learned+queuePress0.2/0,throughput,66,9307.242424242424,69.04385691823087,9243.181818181818,9403.09090909091,3
learned+queuePress0.2/0,throughput,67,9313.333333333334,62.00294729213191,9252.272727272728,9398.363636363636,3
learned+queuePress0.2/0,throughput,68,9328.30303030303,52.12832932379471,9278.181818181818,9400.181818181818,3
learned+queuePress0.2/0,throughput,69,9325.636363636364,56.18363241162169,9285.545454545454,9405.09090909091,3
learned+queuePress0.2/0,throughput,70,9327.818181818182,31.62913536372353,9305.0,9372.545454545454,3
learned+queuePress0.2/0,throughput,71,9338.515151515152,26.24469862073693,9306.0,9370.272727272728,3
learned+queuePress0.2/0,throughput,72,9330.272727272728,13.774452337210228,9312.454545454546,9346.0,3
learned+queuePress0.2/0,throughput,73,9327.636363636362,14.387973245203614,9307.90909090909,9341.818181818182,3
learned+queuePress0.2/0,throughput,74,9316.363636363638,17.80101213577052,9291.636363636364,9332.818181818182,3
learned+queuePress0.2/0,throughput,75,9311.757575757576,24.437961407600866,9278.272727272728,9335.90909090909,3
learned+queuePress0.2/0,throughput,76,9310.69696969697,10.387885859761681,9296.09090909091,9319.363636363636,3
learned+queuePress0.2/0,throughput,77,9303.151515151514,23.91264328182088,9275.727272727272,9334.0,3
learned+queuePress0.2/0,throughput,78,9291.636363636362,36.387795005253686,9254.363636363636,9341.0,3
learned+queuePress0.2/0,throughput,79,9286.545454545454,45.412040732895,9239.454545454546,9347.90909090909,3
learned+queuePress0.2/0,throughput,80,9296.969696969698,46.93271271189947,9249.818181818182,9361.0,3
learned+queuePress0.2/0,throughput,81,9299.90909090909,59.38560547591525,9221.454545454546,9365.09090909091,3
learned+queuePress0.2/0,throughput,82,9297.939393939394,56.98433080908627,9221.636363636364,9358.545454545454,3
learned+queuePress0.2/0,throughput,83,9311.333333333334,62.688276562411836,9224.636363636364,9370.727272727272,3
learned+queuePress0.2/0,throughput,84,9317.636363636362,68.39135479333902,9224.90909090909,9387.818181818182,3
learned+queuePress0.2/0,throughput,85,9339.424242424242,75.09264556409285,9239.181818181818,9419.90909090909,3
learned+queuePress0.2/0,throughput,86,9359.363636363636,70.47993677354775,9270.363636363636,9442.727272727272,3
learned+queuePress0.2/0,throughput,87,9367.272727272728,66.53767134480319,9288.545454545454,9451.272727272728,3
learned+queuePress0.2/0,throughput,88,9374.666666666666,70.29451359071417,9288.90909090909,9461.09090909091,3
learned+queuePress0.2/0,throughput,89,9380.666666666666,56.376847588219036,9307.0,9443.90909090909,3
learned+queuePress0.2/0,throughput,90,9393.727272727272,53.74980299790939,9318.363636363636,9440.0,3
learned+queuePress0.2/0,throughput,91,9398.181818181818,52.691576213439966,9324.363636363636,9443.90909090909,3
learned+queuePress0.2/0,throughput,92,9406.727272727272,42.07870102426907,9347.363636363636,9440.0,3
learned+queuePress0.2/0,throughput,93,9412.363636363636,41.82931340645136,9353.90909090909,9449.454545454546,3
learned+queuePress0.2/0,throughput,94,9409.515151515152,37.984071863547896,9363.818181818182,9456.818181818182,3
learned+queuePress0.2/0,throughput,95,9397.90909090909,41.972245847555406,9364.363636363636,9457.09090909091,3
learned+queuePress0.2/0,throughput,96,9396.878787878786,56.70130200638654,9331.181818181818,9469.545454545454,3
learned+queuePress0.2/0,throughput,97,9404.90909090909,77.25297430240109,9313.636363636364,9502.545454545454,3
learned+queuePress0.2/0,throughput,98,9418.363636363636,89.11227325783531,9309.727272727272,9528.0,3
learned+queuePress0.2/0,throughput,99,9432.454545454546,113.97085316825851,9284.09090909091,9561.181818181818,3
learned+queuePress0.2/0,throughput,100,9449.636363636364,112.68227352090585,9304.818181818182,9579.636363636364,3
learned+queuePress0.2/0,throughput,101,9467.818181818182,103.00415889327594,9326.0,9567.545454545454,3
learned+queuePress0.2/0,throughput,102,9481.242424242424,106.63540347634961,9331.0,9567.636363636364,3
learned+queuePress0.2/0,throughput,103,9489.90909090909,106.45194469301927,9339.363636363636,9565.454545454546,3
learned+queuePress0.2/0,throughput,104,9504.393939393938,117.7756735262588,9338.545454545454,9600.636363636364,3
learned+queuePress0.2/0,throughput,105,9522.181818181818,114.82004125272819,9363.0,9629.545454545454,3
learned+queuePress0.2/0,throughput,106,9560.424242424242,97.71117086048767,9426.0,9655.363636363636,3
learned+queuePress0.2/0,throughput,107,9575.727272727272,94.92461849063278,9447.272727272728,9673.727272727272,3
learned+queuePress0.2/0,throughput,108,9587.212121212122,94.91925910158074,9464.09090909091,9695.09090909091,3
learned+queuePress0.2/0,throughput,109,9587.272727272726,76.53793240229788,9496.727272727272,9683.90909090909,3
learned+queuePress0.2/0,throughput,110,9591.636363636362,72.58383582548184,9515.181818181818,9689.181818181818,3
learned+queuePress0.2/0,throughput,111,9592.606060606062,87.07541879491808,9510.0,9713.0,3
learned+queuePress0.2/0,throughput,112,9579.030303030304,86.36690052310989,9487.09090909091,9694.636363636364,3
learned+queuePress0.2/0,throughput,113,9576.484848484848,80.1304148201359,9500.454545454546,9687.272727272728,3
learned+queuePress0.2/0,throughput,114,9572.272727272728,74.51854651095003,9502.454545454546,9675.545454545454,3
learned+queuePress0.2/0,throughput,115,9568.212121212122,65.86112500527577,9510.90909090909,9660.454545454546,3
learned+queuePress0.2/0,throughput,116,9560.212121212122,55.46380118154496,9513.818181818182,9638.181818181818,3
learned+queuePress0.2/0,throughput,117,9562.69696969697,52.50786814099945,9510.272727272728,9634.454545454546,3
learned+queuePress0.2/0,throughput,118,9555.424242424242,46.90687881402359,9515.545454545454,9621.272727272728,3
learned+queuePress0.2/0,throughput,119,9552.484848484848,45.490672511879666,9512.818181818182,9616.181818181818,3
learned+queuePress0.2/0,throughput,120,9549.545454545454,46.81085556093969,9508.727272727272,9615.09090909091,3
learned+queuePress0.2/0,throughput,121,9549.727272727272,53.176145773634794,9508.636363636364,9624.818181818182,3
learned+queuePress0.2/0,throughput,122,9562.575757575758,53.63365855188584,9511.363636363636,9636.636363636364,3
learned+queuePress0.2/0,throughput,123,9573.0,57.834617446703824,9525.09090909091,9654.363636363636,3
learned+queuePress0.2/0,throughput,124,9582.242424242424,60.38874675482961,9526.272727272728,9666.09090909091,3
learned+queuePress0.2/0,throughput,125,9598.545454545456,72.3957215301276,9536.454545454546,9700.09090909091,3
learned+queuePress0.2/0,throughput,126,9609.121212121212,67.23202426846841,9555.272727272728,9703.90909090909,3
learned+queuePress0.2/0,throughput,127,9619.363636363638,86.91035880906031,9557.545454545454,9742.272727272728,3
learned+queuePress0.2/0,throughput,128,9614.363636363636,103.17555714551096,9529.90909090909,9759.636363636364,3
learned+queuePress0.2/0,throughput,129,9625.181818181818,110.57762191474173,9529.727272727272,9780.181818181818,3
learned+queuePress0.2/0,throughput,130,9622.272727272728,110.35412569474396,9527.818181818182,9777.09090909091,3
learned+queuePress0.2/0,throughput,131,9620.333333333334,113.57507033846635,9521.818181818182,9779.454545454546,3
learned+queuePress0.2/0,throughput,132,9620.818181818182,117.82332573881222,9527.181818181818,9787.0,3
learned+queuePress0.2/0,throughput,133,9609.030303030302,115.54375778582386,9515.363636363636,9771.818181818182,3
learned+queuePress0.2/0,throughput,134,9603.878787878786,126.51308653731202,9510.181818181818,9782.727272727272,3
learned+queuePress0.2/0,throughput,135,9589.151515151514,132.3613539041745,9489.0,9776.181818181818,3
learned+queuePress0.2/0,throughput,136,9573.848484848486,121.18165526219083,9473.727272727272,9744.363636363636,3
learned+queuePress0.2/0,throughput,137,9558.87878787879,132.7429698757086,9433.09090909091,9742.454545454546,3
learned+queuePress0.2/0,throughput,138,9551.69696969697,126.85840207942559,9442.90909090909,9729.636363636364,3
learned+queuePress0.2/0,throughput,139,9536.757575757576,126.30873743867356,9428.90909090909,9714.0,3
learned+queuePress0.2/0,throughput,140,9526.272727272728,131.919668351886,9403.0,9709.181818181818,3
learned+queuePress0.2/0,throughput,141,9523.121212121212,139.30932214319492,9397.90909090909,9717.454545454546,3
learned+queuePress0.2/0,throughput,142,9534.151515151514,139.2689558262466,9395.545454545454,9724.636363636364,3
learned+queuePress0.2/0,throughput,143,9534.30303030303,131.3504624480153,9405.272727272728,9714.545454545454,3
learned+queuePress0.2/0,throughput,144,9529.848484848486,124.51050899551112,9405.272727272728,9699.90909090909,3
learned+queuePress0.2/0,throughput,145,9528.69696969697,107.11478700031596,9422.545454545454,9675.363636363636,3
learned+queuePress0.2/0,throughput,146,9535.060606060606,100.97118846437414,9441.181818181818,9675.181818181818,3
learned+queuePress0.2/0,throughput,147,9538.727272727272,100.52761636929743,9458.181818181818,9680.454545454546,3
learned+queuePress0.2/0,throughput,148,9558.09090909091,96.9154298910353,9478.727272727272,9694.545454545454,3
learned+queuePress0.2/0,throughput,149,9560.242424242424,96.86573973039727,9466.545454545454,9693.636363636364,3
learned+queuePress0.2/0,throughput,150,9568.787878787878,96.57382261232993,9473.545454545454,9701.181818181818,3
learned+queuePress0.2/0,throughput,151,9579.90909090909,80.00010330571794,9505.454545454546,9690.90909090909,3
learned+queuePress0.2/0,throughput,152,9568.363636363638,78.65428067033967,9487.636363636364,9675.0,3
learned+queuePress0.2/0,throughput,153,9560.454545454546,82.85444770277684,9498.09090909091,9677.545454545454,3
learned+queuePress0.2/0,throughput,154,9552.424242424242,67.16782703097155,9491.90909090909,9646.09090909091,3
learned+queuePress0.2/0,throughput,155,9551.242424242424,71.29299083206915,9473.363636363636,9645.636363636364,3
learned+queuePress0.2/0,throughput,156,9550.030303030302,69.57507126680815,9463.545454545454,9633.90909090909,3
learned+queuePress0.2/0,throughput,157,9552.939393939394,76.4205175359284,9450.818181818182,9634.636363636364,3
learned+queuePress0.2/0,throughput,158,9545.030303030304,78.29436343817568,9440.09090909091,9628.09090909091,3
learned+queuePress0.2/0,throughput,159,9532.939393939394,93.08736775145364,9403.09090909091,9616.636363636364,3
learned+queuePress0.2/0,throughput,160,9524.060606060606,97.3972675790448,9386.363636363636,9595.90909090909,3
learned+queuePress0.2/0,throughput,161,9521.272727272728,109.32674004174,9367.454545454546,9611.727272727272,3
learned+queuePress0.2/0,throughput,162,9516.424242424242,111.57416916552438,9358.818181818182,9601.818181818182,3
learned+queuePress0.2/0,throughput,163,9523.636363636362,116.84278717405071,9359.0,9618.181818181818,3
learned+queuePress0.2/0,throughput,164,9533.757575757576,106.84084436148478,9384.09090909091,9626.545454545454,3
learned+queuePress0.2/0,throughput,165,9532.060606060606,106.35825765559358,9381.90909090909,9614.818181818182,3
learned+queuePress0.2/0,throughput,166,9548.606060606062,115.01252377209232,9387.454545454546,9648.272727272728,3
learned+queuePress0.2/0,throughput,167,9554.272727272726,129.13765692183566,9373.727272727272,9668.363636363636,3
learned+queuePress0.2/0,throughput,168,9547.60606060606,130.23425246160565,9366.545454545454,9667.363636363636,3
learned+queuePress0.2/0,throughput,169,9548.333333333334,137.1092410645886,9359.09090909091,9679.545454545454,3
learned+queuePress0.2/0,throughput,170,9556.575757575758,156.37016077532166,9341.818181818182,9709.636363636364,3
learned+queuePress0.2/0,throughput,171,9570.848484848486,159.6481208711969,9350.181818181818,9722.545454545454,3
learned+queuePress0.2/0,throughput,172,9571.878787878788,148.7768372129641,9365.181818181818,9709.272727272728,3
learned+queuePress0.2/0,throughput,173,9584.272727272728,156.22114719830932,9366.454545454546,9725.181818181818,3
learned+queuePress0.2/0,throughput,174,9603.545454545454,173.08395389642143,9361.09090909091,9753.90909090909,3
learned+queuePress0.2/0,throughput,175,9596.242424242424,182.00054995426427,9341.818181818182,9757.181818181818,3
learned+queuePress0.2/0,throughput,176,9599.90909090909,191.56745066495552,9330.90909090909,9762.272727272728,3
learned+queuePress0.2/0,throughput,177,9588.151515151514,184.09720652653155,9328.0,9727.09090909091,3
learned+queuePress0.2/0,throughput,178,9592.69696969697,161.35279235152043,9364.545454545454,9710.272727272728,3
learned+queuePress0.2/0,throughput,179,9594.939393939394,160.56203513223033,9368.363636363636,9721.181818181818,3
learned+queuePress0.2/0,throughput,180,9600.272727272728,161.34129593537068,9373.727272727272,9737.09090909091,3
learned+queuePress0.2/0,throughput,181,9598.121212121212,142.0602893263614,9399.545454545454,9723.818181818182,3
learned+queuePress0.2/0,throughput,182,9605.454545454546,138.16429314705843,9411.272727272728,9721.363636363636,3
learned+queuePress0.2/0,throughput,183,9614.757575757576,146.38837233727122,9409.09090909091,9738.09090909091,3
learned+queuePress0.2/0,throughput,184,9601.272727272728,134.38819638578278,9412.181818181818,9712.363636363636,3
learned+queuePress0.2/0,throughput,185,9592.181818181818,117.75510376544132,9426.818181818182,9691.90909090909,3
learned+queuePress0.2/0,throughput,186,9601.363636363638,110.05806131085582,9450.454545454546,9709.818181818182,3
learned+queuePress0.2/0,throughput,187,9594.636363636364,123.78041964099764,9426.181818181818,9720.09090909091,3
learned+queuePress0.2/0,throughput,188,9597.484848484848,118.32635295440082,9436.363636363636,9717.181818181818,3
learned+queuePress0.2/0,throughput,189,9599.90909090909,118.18995309997416,9437.363636363636,9714.90909090909,3
learned+queuePress0.2/0,throughput,190,9601.181818181818,103.37161825208662,9457.818181818182,9697.636363636364,3
learned+queuePress0.2/0,throughput,191,9612.151515151514,87.89680066176896,9490.09090909091,9693.545454545454,3
learned+queuePress0.2/0,throughput,192,9613.545454545454,83.38271814920837,9501.272727272728,9700.90909090909,3
learned+queuePress0.2/0,throughput,193,9598.30303030303,82.72974799271755,9489.90909090909,9690.636363636364,3
learned+queuePress0.2/0,throughput,194,9605.393939393938,54.16851236524901,9535.727272727272,9667.818181818182,3
learned+queuePress0.2/0,throughput,195,9619.484848484848,49.08935650369349,9569.454545454546,9686.181818181818,3
learned+queuePress0.2/0,throughput,196,9625.515151515152,41.248713701179156,9588.181818181818,9683.0,3
learned+queuePress0.2/0,throughput,197,9625.121212121212,29.10722396047103,9598.181818181818,9665.545454545454,3
learned+queuePress0.2/0,throughput,198,9631.969696969696,28.131659501339886,9592.454545454546,9655.727272727272,3
learned+queuePress0.2/0,throughput,199,9632.666666666666,38.09906857955938,9579.727272727272,9667.818181818182,3
learned+queuePress0.2/0,throughput,200,9614.424242424242,42.12544125269882,9555.09090909091,9648.727272727272,3
learned+queuePress0.2/0,throughput,201,9628.424242424242,55.583076746157964,9549.818181818182,9667.90909090909,3
learned+queuePress0.2/0,throughput,202,9627.151515151514,68.18369020999097,9531.90909090909,9687.818181818182,3
learned+queuePress0.2/0,throughput,203,9627.030303030304,68.85003199285937,9533.09090909091,9696.181818181818,3
learned+queuePress0.2/0,throughput,204,9620.333333333334,75.05092241275035,9531.545454545454,9715.09090909091,3
learned+queuePress0.2/0,throughput,205,9608.21212121212,86.32395686023298,9497.545454545454,9708.181818181818,3
learned+queuePress0.2/0,throughput,206,9599.363636363636,85.33444171112143,9491.363636363636,9700.0,3
learned+queuePress0.2/0,throughput,207,9583.09090909091,110.32965879044227,9439.363636363636,9707.545454545454,3
learned+queuePress0.2/0,throughput,208,9568.90909090909,116.67496231821043,9411.454545454546,9690.363636363636,3
learned+queuePress0.2/0,throughput,209,9548.545454545454,115.95356247281798,9402.0,9685.545454545454,3
learned+queuePress0.2/0,throughput,210,9544.0,117.03544234906039,9392.181818181818,9677.0,3
learned+queuePress0.2/0,throughput,211,9545.636363636364,113.93896679481496,9400.636363636364,9679.0,3
learned+queuePress0.2/0,throughput,212,9520.454545454546,108.14690039994468,9386.09090909091,9650.90909090909,3
learned+queuePress0.2/0,throughput,213,9509.545454545456,104.90712145622638,9377.454545454546,9634.09090909091,3
learned+queuePress0.2/0,throughput,214,9496.39393939394,102.87418653520463,9364.454545454546,9615.454545454546,3
learned+queuePress0.2/0,throughput,215,9495.848484848484,100.59945213783021,9363.90909090909,9607.90909090909,3
learned+queuePress0.2/0,throughput,216,9499.212121212122,78.81160481920226,9399.636363636364,9592.363636363636,3
learned+queuePress0.2/0,throughput,217,9492.727272727272,73.66681001693784,9399.818181818182,9580.0,3
learned+queuePress0.2/0,throughput,218,9498.606060606062,53.77958963017242,9439.545454545454,9569.636363636364,3
learned+queuePress0.2/0,throughput,219,9507.212121212122,54.47962357392628,9458.545454545454,9583.272727272728,3
learned+queuePress0.2/0,throughput,220,9531.060606060606,47.69377371757595,9485.181818181818,9596.818181818182,3
learned+queuePress0.2/0,throughput,221,9539.060606060606,56.53601857025284,9492.545454545454,9618.636363636364,3
learned+queuePress0.2/0,throughput,222,9547.424242424242,66.26739943389873,9483.181818181818,9638.636363636364,3
learned+queuePress0.2/0,throughput,223,9571.09090909091,71.7307100608949,9488.454545454546,9663.363636363636,3
learned+queuePress0.2/0,throughput,224,9577.030303030302,68.39285857284341,9490.727272727272,9658.0,3
learned+queuePress0.2/0,throughput,225,9581.818181818182,71.82408874826015,9486.181818181818,9659.272727272728,3
learned+queuePress0.2/0,throughput,226,9598.121212121212,63.978876220104596,9509.636363636364,9658.727272727272,3
learned+queuePress0.2/0,throughput,227,9594.242424242424,65.15851970803047,9503.818181818182,9654.818181818182,3
learned+queuePress0.2/0,throughput,228,9602.121212121212,73.92414149688472,9498.181818181818,9663.818181818182,3
learned+queuePress0.2/0,throughput,229,9606.757575757576,76.84531825996726,9498.363636363636,9667.727272727272,3
learned+queuePress0.2/0,throughput,230,9606.121212121212,70.28875246865381,9506.727272727272,9657.0,3
learned+queuePress0.2/0,throughput,231,9616.30303030303,55.48167907138727,9538.545454545454,9664.272727272728,3
learned+queuePress0.2/0,throughput,232,9614.939393939394,50.32414671788645,9549.818181818182,9672.363636363636,3
learned+queuePress0.2/0,throughput,233,9617.181818181818,52.96378512186677,9553.818181818182,9683.454545454546,3
learned+queuePress0.2/0,throughput,234,9614.181818181818,38.296221105537136,9573.818181818182,9665.636363636364,3
learned+queuePress0.2/0,throughput,235,9616.666666666666,44.7391788374423,9573.09090909091,9678.181818181818,3
learned+queuePress0.2/0,throughput,236,9626.90909090909,51.47269194950746,9578.454545454546,9698.181818181818,3
learned+queuePress0.2/0,throughput,237,9628.0,48.77039024026025,9591.0,9696.90909090909,3
learned+queuePress0.2/0,throughput,238,9636.39393939394,51.68586686699253,9595.09090909091,9709.272727272728,3
learned+queuePress0.2/0,throughput,239,9643.515151515152,68.4133576977359,9574.454545454546,9736.727272727272,3
learned+queuePress0.2/0,throughput,240,9650.969696969696,75.90723399410236,9560.636363636364,9746.363636363636,3
learned+queuePress0.2/0,throughput,241,9659.393939393938,70.37093115946283,9573.727272727272,9746.09090909091,3
learned+queuePress0.2/0,throughput,242,9641.757575757576,88.10757053345435,9533.727272727272,9749.545454545454,3
learned+queuePress0.2/0,throughput,243,9652.818181818182,98.3913868881529,9534.363636363636,9775.272727272728,3
learned+queuePress0.2/0,throughput,244,9660.454545454546,102.32700243336176,9528.454545454546,9777.818181818182,3
learned+queuePress0.2/0,throughput,245,9662.666666666666,111.35236364302627,9523.7,9796.3,3
learned+queuePress0.2/0,throughput,246,9668.481481481482,114.43755223163487,9520.888888888889,9799.777777777777,3
learned+queuePress0.2/0,throughput,247,9670.916666666666,117.8144875311276,9514.125,9798.125,3
learned+queuePress0.2/0,throughput,248,9674.333333333334,119.42414740799647,9517.57142857143,9807.142857142857,3
learned+queuePress0.2/0,throughput,249,9674.166666666666,128.95398260476358,9502.0,9812.333333333334,3
